Workbook

Sheet 1
A1: Chandanaish Territory - Daily Sales and Target Achievement Sheet
A2: Name of Territory: | B2: Chandanaish | C2: Name of Region: | D2: Chattogram | I2: Date: | K2: 46296
A3: SL NO | B3: Name of SR / CSR | C3: Name of Route | D3: No. of Outlets | E3: Brand Wise Target | G3: Brand Wise Sales | I3: Total Sales | J3: Variance | K3: Achievement % | L3: Remarks
E4: Cigarette | F4: Bidi | G4: Cigarette | H4: Bidi
A5: =Target!A4 -> 1 | B5: =Target!B4 -> Karim | C5: =Target!C4 -> Kesua | D5: =Target!D4 | E5: =Target!G4 -> 0.05 | F5: =Target!H4 | G5: 0.05 | I5: =IF(AND(G5="",H5=""),"",SUM(G5:H5)) -> 0.05 | J5: =IF(I5="","",I5-(E5+N(F5))) -> 0 | K5: =IF(I5="","",IFERROR(I5/(E5+N(F5)),0)) -> 1 | L5: =IF(I5="","",IF(K5>=1.01,"Top Performer",IF(K5>=1,"Achieved",IF(K5>=0.98,"Near Target","Needs Pacing")))) -> Achieved
A6: =Target!A5 -> 2 | C6: =Target!C5 -> Moulvi Bazar | D6: =Target!D5 | E6: =Target!G5 -> 0.03 | F6: =Target!H5 | I6: =IF(AND(G6="",H6=""),"",SUM(G6:H6)) | J6: =IF(I6="","",I6-(E6+N(F6))) | K6: =IF(I6="","",IFERROR(I6/(E6+N(F6)),0)) | L6: =IF(I6="","",IF(K6>=1.01,"Top Performer",IF(K6>=1,"Achieved",IF(K6>=0.98,"Near Target","Needs Pacing"))))
A7: =Target!A6 -> 3 | B7: =Target!B6 -> Jabed | C7: =Target!C6 -> Char Barama | D7: =Target!D6 | E7: =Target!G6 -> 0.05 | F7: =Target!H6 | I7: =IF(AND(G7="",H7=""),"",SUM(G7:H7)) | J7: =IF(I7="","",I7-(E7+N(F7))) | K7: =IF(I7="","",IFERROR(I7/(E7+N(F7)),0)) | L7: =IF(I7="","",IF(K7>=1.01,"Top Performer",IF(K7>=1,"Achieved",IF(K7>=0.98,"Near Target","Needs Pacing"))))
A8: =Target!A7 -> 4 | C8: =Target!C7 -> Pukur Par | D8: =Target!D7 | E8: =Target!G7 -> 0.03 | F8: =Target!H7 | G8: 0.02 | I8: =IF(AND(G8="",H8=""),"",SUM(G8:H8)) -> 0.02 | J8: =IF(I8="","",I8-(E8+N(F8))) -> -0.01 | K8: =IF(I8="","",IFERROR(I8/(E8+N(F8)),0)) -> 0.66666667 | L8: =IF(I8="","",IF(K8>=1.01,"Top Performer",IF(K8>=1,"Achieved",IF(K8>=0.98,"Near Target","Needs Pacing")))) -> Needs Pacing
A9: =Target!A8 -> 5 | B9: =Target!B8 -> Anowar | C9: =Target!C8 -> Dhamair Hat | D9: =Target!D8 | E9: =Target!G8 -> 0.07 | F9: =Target!H8 | I9: =IF(AND(G9="",H9=""),"",SUM(G9:H9)) | J9: =IF(I9="","",I9-(E9+N(F9))) | K9: =IF(I9="","",IFERROR(I9/(E9+N(F9)),0)) | L9: =IF(I9="","",IF(K9>=1.01,"Top Performer",IF(K9>=1,"Achieved",IF(K9>=0.98,"Near Target","Needs Pacing"))))
A10: =Target!A9 -> 6 | C10: =Target!C9 -> Chomuda para | D10: =Target!D9 | E10: =Target!G9 -> 0.03 | F10: =Target!H9 | G10: 0.05 | I10: =IF(AND(G10="",H10=""),"",SUM(G10:H10)) -> 0.05 | J10: =IF(I10="","",I10-(E10+N(F10))) -> 0.02 | K10: =IF(I10="","",IFERROR(I10/(E10+N(F10)),0)) -> 1.6666667 | L10: =IF(I10="","",IF(K10>=1.01,"Top Performer",IF(K10>=1,"Achieved",IF(K10>=0.98,"Near Target","Needs Pacing")))) -> Top Performer
A11: =Target!A10 -> 7 | B11: =Target!B10 -> Tahasin | C11: =Target!C10 -> Harala | D11: =Target!D10 | E11: =Target!G10 -> 0.05 | F11: =Target!H10 | I11: =IF(AND(G11="",H11=""),"",SUM(G11:H11)) | J11: =IF(I11="","",I11-(E11+N(F11))) | K11: =IF(I11="","",IFERROR(I11/(E11+N(F11)),0)) | L11: =IF(I11="","",IF(K11>=1.01,"Top Performer",IF(K11>=1,"Achieved",IF(K11>=0.98,"Near Target","Needs Pacing"))))
A12: =Target!A11 -> 8 | C12: =Target!C11 -> Nazir Hat | D12: =Target!D11 | E12: =Target!G11 -> 0.03 | F12: =Target!H11 | G12: 0.05 | I12: =IF(AND(G12="",H12=""),"",SUM(G12:H12)) -> 0.05 | J12: =IF(I12="","",I12-(E12+N(F12))) -> 0.02 | K12: =IF(I12="","",IFERROR(I12/(E12+N(F12)),0)) -> 1.6666667 | L12: =IF(I12="","",IF(K12>=1.01,"Top Performer",IF(K12>=1,"Achieved",IF(K12>=0.98,"Near Target","Needs Pacing")))) -> Top Performer
A13: =Target!A12 -> 9 | B13: =Target!B12 -> Amir | C13: =Target!C12 -> khan Hat | D13: =Target!D12 | E13: =Target!G12 -> 0.08 | F13: =Target!H12 | I13: =IF(AND(G13="",H13=""),"",SUM(G13:H13)) | J13: =IF(I13="","",I13-(E13+N(F13))) | K13: =IF(I13="","",IFERROR(I13/(E13+N(F13)),0)) | L13: =IF(I13="","",IF(K13>=1.01,"Top Performer",IF(K13>=1,"Achieved",IF(K13>=0.98,"Near Target","Needs Pacing"))))
A14: =Target!A13 -> 10 | C14: =Target!C13 -> Saidabad | D14: =Target!D13 | E14: =Target!G13 -> 0.05 | F14: =Target!H13 | G14: 0.05 | I14: =IF(AND(G14="",H14=""),"",SUM(G14:H14)) -> 0.05 | J14: =IF(I14="","",I14-(E14+N(F14))) -> 0 | K14: =IF(I14="","",IFERROR(I14/(E14+N(F14)),0)) -> 1 | L14: =IF(I14="","",IF(K14>=1.01,"Top Performer",IF(K14>=1,"Achieved",IF(K14>=0.98,"Near Target","Needs Pacing")))) -> Achieved
A15: =Target!A14 -> 11 | B15: =Target!B14 -> Piplu | C15: =Target!C14 -> Hasimpur | D15: =Target!D14 | E15: =Target!G14 -> 0.05 | F15: =Target!H14 | G15: 0.08 | I15: =IF(AND(G15="",H15=""),"",SUM(G15:H15)) -> 0.08 | J15: =IF(I15="","",I15-(E15+N(F15))) -> 0.03 | K15: =IF(I15="","",IFERROR(I15/(E15+N(F15)),0)) -> 1.6 | L15: =IF(I15="","",IF(K15>=1.01,"Top Performer",IF(K15>=1,"Achieved",IF(K15>=0.98,"Near Target","Needs Pacing")))) -> Top Performer
A16: =Target!A15 -> 12 | C16: =Target!C15 -> Chandanaish | D16: =Target!D15 | E16: =Target!G15 -> 0.07 | F16: =Target!H15 | I16: =IF(AND(G16="",H16=""),"",SUM(G16:H16)) | J16: =IF(I16="","",I16-(E16+N(F16))) | K16: =IF(I16="","",IFERROR(I16/(E16+N(F16)),0)) | L16: =IF(I16="","",IF(K16>=1.01,"Top Performer",IF(K16>=1,"Achieved",IF(K16>=0.98,"Near Target","Needs Pacing"))))
A17: Territory Total | D17: =IF(COUNT(D5:D16)=0,"",SUM(D5:D16)) | E17: =SUM(E5:E16) -> 0.59 | F17: =IF(COUNT(F5:F16)=0,"",SUM(F5:F16)) | G17: =IF(COUNT(G5:G16)=0,"",SUM(G5:G16)) -> 0.3 | H17: =IF(COUNT(H5:H16)=0,"",SUM(H5:H16)) | I17: =IF(COUNT(I5:I16)=0,"",SUM(I5:I16)) -> 0.3 | J17: =IF(I17="","",I17-(E17+N(F17))) -> -0.29 | K17: =IF(I17="","",IFERROR(I17/(E17+N(F17)),0)) -> 0.50847458 | L17: =IF(I17="","",IF(K17>=1,"Achieved","Shortfall")) -> Shortfall

Sheet 2
A1: Chandanaish Territory - Daily Sales and Target Achievement Sheet
A2: Name of Territory: | B2: Chandanaish | C2: Name of Region: | D2: Chattogram | I2: Date: | K2: 46297
A3: SL NO | B3: Name of SR / CSR | C3: Name of Route | D3: No. of Outlets | E3: Brand Wise Target | G3: Brand Wise Sales | I3: Total Sales | J3: Variance | K3: Achievement % | L3: Remarks
E4: Cigarette | F4: Bidi | G4: Cigarette | H4: Bidi
A5: =Target!A4 -> 1 | B5: =Target!B4 -> Karim | C5: =Target!C4 -> Kesua | D5: =Target!D4 | E5: 0 | F5: 0 | G5: 0 | H5: 0 | I5: 0 | J5: 0 | K5: 0 | L5: Friday Off
A6: =Target!A5 -> 2 | C6: =Target!C5 -> Moulvi Bazar | D6: =Target!D5 | E6: 0 | F6: 0 | G6: 0 | H6: 0 | I6: 0 | J6: 0 | K6: 0 | L6: Friday Off
A7: =Target!A6 -> 3 | B7: =Target!B6 -> Jabed | C7: =Target!C6 -> Char Barama | D7: =Target!D6 | E7: 0 | F7: 0 | G7: 0 | H7: 0 | I7: 0 | J7: 0 | K7: 0 | L7: Friday Off
A8: =Target!A7 -> 4 | C8: =Target!C7 -> Pukur Par | D8: =Target!D7 | E8: 0 | F8: 0 | G8: 0 | H8: 0 | I8: 0 | J8: 0 | K8: 0 | L8: Friday Off
A9: =Target!A8 -> 5 | B9: =Target!B8 -> Anowar | C9: =Target!C8 -> Dhamair Hat | D9: =Target!D8 | E9: 0 | F9: 0 | G9: 0 | H9: 0 | I9: 0 | J9: 0 | K9: 0 | L9: Friday Off
A10: =Target!A9 -> 6 | C10: =Target!C9 -> Chomuda para | D10: =Target!D9 | E10: 0 | F10: 0 | G10: 0 | H10: 0 | I10: 0 | J10: 0 | K10: 0 | L10: Friday Off
A11: =Target!A10 -> 7 | B11: =Target!B10 -> Tahasin | C11: =Target!C10 -> Harala | D11: =Target!D10 | E11: 0 | F11: 0 | G11: 0 | H11: 0 | I11: 0 | J11: 0 | K11: 0 | L11: Friday Off
A12: =Target!A11 -> 8 | C12: =Target!C11 -> Nazir Hat | D12: =Target!D11 | E12: 0 | F12: 0 | G12: 0 | H12: 0 | I12: 0 | J12: 0 | K12: 0 | L12: Friday Off
A13: =Target!A12 -> 9 | B13: =Target!B12 -> Amir | C13: =Target!C12 -> khan Hat | D13: =Target!D12 | E13: 0 | F13: 0 | G13: 0 | H13: 0 | I13: 0 | J13: 0 | K13: 0 | L13: Friday Off
A14: =Target!A13 -> 10 | C14: =Target!C13 -> Saidabad | D14: =Target!D13 | E14: 0 | F14: 0 | G14: 0 | H14: 0 | I14: 0 | J14: 0 | K14: 0 | L14: Friday Off
A15: =Target!A14 -> 11 | B15: =Target!B14 -> Piplu | C15: =Target!C14 -> Hasimpur | D15: =Target!D14 | E15: 0 | F15: 0 | G15: 0 | H15: 0 | I15: 0 | J15: 0 | K15: 0 | L15: Friday Off
A16: =Target!A15 -> 12 | C16: =Target!C15 -> Chandanaish | D16: =Target!D15 | E16: 0 | F16: 0 | G16: 0 | H16: 0 | I16: 0 | J16: 0 | K16: 0 | L16: Friday Off
A17: Territory Total | D17: 0 | E17: 0 | F17: 0 | G17: 0 | H17: 0 | I17: 0 | J17: 0 | K17: 0 | L17: Friday Off

Sheet 3
A1: Chandanaish Territory - Daily Sales and Target Achievement Sheet
A2: Name of Territory: | B2: Chandanaish | C2: Name of Region: | D2: Chattogram | I2: Date: | K2: 46298
A3: SL NO | B3: Name of SR / CSR | C3: Name of Route | D3: No. of Outlets | E3: Brand Wise Target | G3: Brand Wise Sales | I3: Total Sales | J3: Variance | K3: Achievement % | L3: Remarks
E4: Cigarette | F4: Bidi | G4: Cigarette | H4: Bidi
A5: =Target!A4 -> 1 | B5: =Target!B4 -> Karim | C5: =Target!C4 -> Kesua | D5: =Target!D4 | E5: =Target!G4 -> 0.05 | F5: =Target!H4 | I5: =IF(AND(G5="",H5=""),"",SUM(G5:H5)) | J5: =IF(I5="","",I5-(E5+N(F5))) | K5: =IF(I5="","",IFERROR(I5/(E5+N(F5)),0)) | L5: =IF(I5="","",IF(K5>=1.01,"Top Performer",IF(K5>=1,"Achieved",IF(K5>=0.98,"Near Target","Needs Pacing"))))
A6: =Target!A5 -> 2 | C6: =Target!C5 -> Moulvi Bazar | D6: =Target!D5 | E6: =Target!G5 -> 0.03 | F6: =Target!H5 | G6: 0.04 | I6: =IF(AND(G6="",H6=""),"",SUM(G6:H6)) -> 0.04 | J6: =IF(I6="","",I6-(E6+N(F6))) -> 0.01 | K6: =IF(I6="","",IFERROR(I6/(E6+N(F6)),0)) -> 1.3333333 | L6: =IF(I6="","",IF(K6>=1.01,"Top Performer",IF(K6>=1,"Achieved",IF(K6>=0.98,"Near Target","Needs Pacing")))) -> Top Performer
A7: =Target!A6 -> 3 | B7: =Target!B6 -> Jabed | C7: =Target!C6 -> Char Barama | D7: =Target!D6 | E7: =Target!G6 -> 0.05 | F7: =Target!H6 | G7: 0.04 | I7: =IF(AND(G7="",H7=""),"",SUM(G7:H7)) -> 0.04 | J7: =IF(I7="","",I7-(E7+N(F7))) -> -0.01 | K7: =IF(I7="","",IFERROR(I7/(E7+N(F7)),0)) -> 0.8 | L7: =IF(I7="","",IF(K7>=1.01,"Top Performer",IF(K7>=1,"Achieved",IF(K7>=0.98,"Near Target","Needs Pacing")))) -> Needs Pacing
A8: =Target!A7 -> 4 | C8: =Target!C7 -> Pukur Par | D8: =Target!D7 | E8: =Target!G7 -> 0.03 | F8: =Target!H7 | I8: =IF(AND(G8="",H8=""),"",SUM(G8:H8)) | J8: =IF(I8="","",I8-(E8+N(F8))) | K8: =IF(I8="","",IFERROR(I8/(E8+N(F8)),0)) | L8: =IF(I8="","",IF(K8>=1.01,"Top Performer",IF(K8>=1,"Achieved",IF(K8>=0.98,"Near Target","Needs Pacing"))))
A9: =Target!A8 -> 5 | B9: =Target!B8 -> Anowar | C9: =Target!C8 -> Dhamair Hat | D9: =Target!D8 | E9: =Target!G8 -> 0.07 | F9: =Target!H8 | G9: 0.05 | I9: =IF(AND(G9="",H9=""),"",SUM(G9:H9)) -> 0.05 | J9: =IF(I9="","",I9-(E9+N(F9))) -> -0.02 | K9: =IF(I9="","",IFERROR(I9/(E9+N(F9)),0)) -> 0.71428571 | L9: =IF(I9="","",IF(K9>=1.01,"Top Performer",IF(K9>=1,"Achieved",IF(K9>=0.98,"Near Target","Needs Pacing")))) -> Needs Pacing
A10: =Target!A9 -> 6 | C10: =Target!C9 -> Chomuda para | D10: =Target!D9 | E10: =Target!G9 -> 0.03 | F10: =Target!H9 | I10: =IF(AND(G10="",H10=""),"",SUM(G10:H10)) | J10: =IF(I10="","",I10-(E10+N(F10))) | K10: =IF(I10="","",IFERROR(I10/(E10+N(F10)),0)) | L10: =IF(I10="","",IF(K10>=1.01,"Top Performer",IF(K10>=1,"Achieved",IF(K10>=0.98,"Near Target","Needs Pacing"))))
A11: =Target!A10 -> 7 | B11: =Target!B10 -> Tahasin | C11: =Target!C10 -> Harala | D11: =Target!D10 | E11: =Target!G10 -> 0.05 | F11: =Target!H10 | G11: 0.04 | I11: =IF(AND(G11="",H11=""),"",SUM(G11:H11)) -> 0.04 | J11: =IF(I11="","",I11-(E11+N(F11))) -> -0.01 | K11: =IF(I11="","",IFERROR(I11/(E11+N(F11)),0)) -> 0.8 | L11: =IF(I11="","",IF(K11>=1.01,"Top Performer",IF(K11>=1,"Achieved",IF(K11>=0.98,"Near Target","Needs Pacing")))) -> Needs Pacing
A12: =Target!A11 -> 8 | C12: =Target!C11 -> Nazir Hat | D12: =Target!D11 | E12: =Target!G11 -> 0.03 | F12: =Target!H11 | I12: =IF(AND(G12="",H12=""),"",SUM(G12:H12)) | J12: =IF(I12="","",I12-(E12+N(F12))) | K12: =IF(I12="","",IFERROR(I12/(E12+N(F12)),0)) | L12: =IF(I12="","",IF(K12>=1.01,"Top Performer",IF(K12>=1,"Achieved",IF(K12>=0.98,"Near Target","Needs Pacing"))))
A13: =Target!A12 -> 9 | B13: =Target!B12 -> Amir | C13: =Target!C12 -> khan Hat | D13: =Target!D12 | E13: =Target!G12 -> 0.08 | F13: =Target!H12 | G13: 0.07 | I13: =IF(AND(G13="",H13=""),"",SUM(G13:H13)) -> 0.07 | J13: =IF(I13="","",I13-(E13+N(F13))) -> -0.01 | K13: =IF(I13="","",IFERROR(I13/(E13+N(F13)),0)) -> 0.875 | L13: =IF(I13="","",IF(K13>=1.01,"Top Performer",IF(K13>=1,"Achieved",IF(K13>=0.98,"Near Target","Needs Pacing")))) -> Needs Pacing
A14: =Target!A13 -> 10 | C14: =Target!C13 -> Saidabad | D14: =Target!D13 | E14: =Target!G13 -> 0.05 | F14: =Target!H13 | I14: =IF(AND(G14="",H14=""),"",SUM(G14:H14)) | J14: =IF(I14="","",I14-(E14+N(F14))) | K14: =IF(I14="","",IFERROR(I14/(E14+N(F14)),0)) | L14: =IF(I14="","",IF(K14>=1.01,"Top Performer",IF(K14>=1,"Achieved",IF(K14>=0.98,"Near Target","Needs Pacing"))))
A15: =Target!A14 -> 11 | B15: =Target!B14 -> Piplu | C15: =Target!C14 -> Hasimpur | D15: =Target!D14 | E15: =Target!G14 -> 0.05 | F15: =Target!H14 | I15: =IF(AND(G15="",H15=""),"",SUM(G15:H15)) | J15: =IF(I15="","",I15-(E15+N(F15))) | K15: =IF(I15="","",IFERROR(I15/(E15+N(F15)),0)) | L15: =IF(I15="","",IF(K15>=1.01,"Top Performer",IF(K15>=1,"Achieved",IF(K15>=0.98,"Near Target","Needs Pacing"))))
A16: =Target!A15 -> 12 | C16: =Target!C15 -> Chandanaish | D16: =Target!D15 | E16: =Target!G15 -> 0.07 | F16: =Target!H15 | G16: 0.06 | I16: =IF(AND(G16="",H16=""),"",SUM(G16:H16)) -> 0.06 | J16: =IF(I16="","",I16-(E16+N(F16))) -> -0.01 | K16: =IF(I16="","",IFERROR(I16/(E16+N(F16)),0)) -> 0.85714286 | L16: =IF(I16="","",IF(K16>=1.01,"Top Performer",IF(K16>=1,"Achieved",IF(K16>=0.98,"Near Target","Needs Pacing")))) -> Needs Pacing
A17: Territory Total | D17: =IF(COUNT(D5:D16)=0,"",SUM(D5:D16)) | E17: =SUM(E5:E16) -> 0.59 | F17: =IF(COUNT(F5:F16)=0,"",SUM(F5:F16)) | G17: =IF(COUNT(G5:G16)=0,"",SUM(G5:G16)) -> 0.3 | H17: =IF(COUNT(H5:H16)=0,"",SUM(H5:H16)) | I17: =IF(COUNT(I5:I16)=0,"",SUM(I5:I16)) -> 0.3 | J17: =IF(I17="","",I17-(E17+N(F17))) -> -0.29 | K17: =IF(I17="","",IFERROR(I17/(E17+N(F17)),0)) -> 0.50847458 | L17: =IF(I17="","",IF(K17>=1,"Achieved","Shortfall")) -> Shortfall

Sheet 4
A1: Chandanaish Territory - Daily Sales and Target Achievement Sheet
A2: Name of Territory: | B2: Chandanaish | C2: Name of Region: | D2: Chattogram | I2: Date: | K2: 46299
A3: SL NO | B3: Name of SR / CSR | C3: Name of Route | D3: No. of Outlets | E3: Brand Wise Target | G3: Brand Wise Sales | I3: Total Sales | J3: Variance | K3: Achievement % | L3: Remarks
E4: Cigarette | F4: Bidi | G4: Cigarette | H4: Bidi
A5: =Target!A4 -> 1 | B5: =Target!B4 -> Karim | C5: =Target!C4 -> Kesua | D5: =Target!D4 | E5: =Target!G4 -> 0.05 | F5: =Target!H4 | G5: 0.04 | I5: =IF(AND(G5="",H5=""),"",SUM(G5:H5)) -> 0.04 | J5: =IF(I5="","",I5-(E5+N(F5))) -> -0.01 | K5: =IF(I5="","",IFERROR(I5/(E5+N(F5)),0)) -> 0.8 | L5: =IF(I5="","",IF(K5>=1.01,"Top Performer",IF(K5>=1,"Achieved",IF(K5>=0.98,"Near Target","Needs Pacing")))) -> Needs Pacing
A6: =Target!A5 -> 2 | C6: =Target!C5 -> Moulvi Bazar | D6: =Target!D5 | E6: =Target!G5 -> 0.03 | F6: =Target!H5 | I6: =IF(AND(G6="",H6=""),"",SUM(G6:H6)) | J6: =IF(I6="","",I6-(E6+N(F6))) | K6: =IF(I6="","",IFERROR(I6/(E6+N(F6)),0)) | L6: =IF(I6="","",IF(K6>=1.01,"Top Performer",IF(K6>=1,"Achieved",IF(K6>=0.98,"Near Target","Needs Pacing"))))
A7: =Target!A6 -> 3 | B7: =Target!B6 -> Jabed | C7: =Target!C6 -> Char Barama | D7: =Target!D6 | E7: =Target!G6 -> 0.05 | F7: =Target!H6 | I7: =IF(AND(G7="",H7=""),"",SUM(G7:H7)) | J7: =IF(I7="","",I7-(E7+N(F7))) | K7: =IF(I7="","",IFERROR(I7/(E7+N(F7)),0)) | L7: =IF(I7="","",IF(K7>=1.01,"Top Performer",IF(K7>=1,"Achieved",IF(K7>=0.98,"Near Target","Needs Pacing"))))
A8: =Target!A7 -> 4 | C8: =Target!C7 -> Pukur Par | D8: =Target!D7 | E8: =Target!G7 -> 0.03 | F8: =Target!H7 | G8: 0.04 | I8: =IF(AND(G8="",H8=""),"",SUM(G8:H8)) -> 0.04 | J8: =IF(I8="","",I8-(E8+N(F8))) -> 0.01 | K8: =IF(I8="","",IFERROR(I8/(E8+N(F8)),0)) -> 1.3333333 | L8: =IF(I8="","",IF(K8>=1.01,"Top Performer",IF(K8>=1,"Achieved",IF(K8>=0.98,"Near Target","Needs Pacing")))) -> Top Performer
A9: =Target!A8 -> 5 | B9: =Target!B8 -> Anowar | C9: =Target!C8 -> Dhamair Hat | D9: =Target!D8 | E9: =Target!G8 -> 0.07 | F9: =Target!H8 | I9: =IF(AND(G9="",H9=""),"",SUM(G9:H9)) | J9: =IF(I9="","",I9-(E9+N(F9))) | K9: =IF(I9="","",IFERROR(I9/(E9+N(F9)),0)) | L9: =IF(I9="","",IF(K9>=1.01,"Top Performer",IF(K9>=1,"Achieved",IF(K9>=0.98,"Near Target","Needs Pacing"))))
A10: =Target!A9 -> 6 | C10: =Target!C9 -> Chomuda para | D10: =Target!D9 | E10: =Target!G9 -> 0.03 | F10: =Target!H9 | G10: 0.04 | I10: =IF(AND(G10="",H10=""),"",SUM(G10:H10)) -> 0.04 | J10: =IF(I10="","",I10-(E10+N(F10))) -> 0.01 | K10: =IF(I10="","",IFERROR(I10/(E10+N(F10)),0)) -> 1.3333333 | L10: =IF(I10="","",IF(K10>=1.01,"Top Performer",IF(K10>=1,"Achieved",IF(K10>=0.98,"Near Target","Needs Pacing")))) -> Top Performer
A11: =Target!A10 -> 7 | B11: =Target!B10 -> Tahasin | C11: =Target!C10 -> Harala | D11: =Target!D10 | E11: =Target!G10 -> 0.05 | F11: =Target!H10 | I11: =IF(AND(G11="",H11=""),"",SUM(G11:H11)) | J11: =IF(I11="","",I11-(E11+N(F11))) | K11: =IF(I11="","",IFERROR(I11/(E11+N(F11)),0)) | L11: =IF(I11="","",IF(K11>=1.01,"Top Performer",IF(K11>=1,"Achieved",IF(K11>=0.98,"Near Target","Needs Pacing"))))
A12: =Target!A11 -> 8 | C12: =Target!C11 -> Nazir Hat | D12: =Target!D11 | E12: =Target!G11 -> 0.03 | F12: =Target!H11 | G12: 0.04 | I12: =IF(AND(G12="",H12=""),"",SUM(G12:H12)) -> 0.04 | J12: =IF(I12="","",I12-(E12+N(F12))) -> 0.01 | K12: =IF(I12="","",IFERROR(I12/(E12+N(F12)),0)) -> 1.3333333 | L12: =IF(I12="","",IF(K12>=1.01,"Top Performer",IF(K12>=1,"Achieved",IF(K12>=0.98,"Near Target","Needs Pacing")))) -> Top Performer
A13: =Target!A12 -> 9 | B13: =Target!B12 -> Amir | C13: =Target!C12 -> khan Hat | D13: =Target!D12 | E13: =Target!G12 -> 0.08 | F13: =Target!H12 | I13: =IF(AND(G13="",H13=""),"",SUM(G13:H13)) | J13: =IF(I13="","",I13-(E13+N(F13))) | K13: =IF(I13="","",IFERROR(I13/(E13+N(F13)),0)) | L13: =IF(I13="","",IF(K13>=1.01,"Top Performer",IF(K13>=1,"Achieved",IF(K13>=0.98,"Near Target","Needs Pacing"))))
A14: =Target!A13 -> 10 | C14: =Target!C13 -> Saidabad | D14: =Target!D13 | E14: =Target!G13 -> 0.05 | F14: =Target!H13 | G14: 0.09 | I14: =IF(AND(G14="",H14=""),"",SUM(G14:H14)) -> 0.09 | J14: =IF(I14="","",I14-(E14+N(F14))) -> 0.04 | K14: =IF(I14="","",IFERROR(I14/(E14+N(F14)),0)) -> 1.8 | L14: =IF(I14="","",IF(K14>=1.01,"Top Performer",IF(K14>=1,"Achieved",IF(K14>=0.98,"Near Target","Needs Pacing")))) -> Top Performer
A15: =Target!A14 -> 11 | B15: =Target!B14 -> Piplu | C15: =Target!C14 -> Hasimpur | D15: =Target!D14 | E15: =Target!G14 -> 0.05 | F15: =Target!H14 | G15: 0.08 | I15: =IF(AND(G15="",H15=""),"",SUM(G15:H15)) -> 0.08 | J15: =IF(I15="","",I15-(E15+N(F15))) -> 0.03 | K15: =IF(I15="","",IFERROR(I15/(E15+N(F15)),0)) -> 1.6 | L15: =IF(I15="","",IF(K15>=1.01,"Top Performer",IF(K15>=1,"Achieved",IF(K15>=0.98,"Near Target","Needs Pacing")))) -> Top Performer
A16: =Target!A15 -> 12 | C16: =Target!C15 -> Chandanaish | D16: =Target!D15 | E16: =Target!G15 -> 0.07 | F16: =Target!H15 | I16: =IF(AND(G16="",H16=""),"",SUM(G16:H16)) | J16: =IF(I16="","",I16-(E16+N(F16))) | K16: =IF(I16="","",IFERROR(I16/(E16+N(F16)),0)) | L16: =IF(I16="","",IF(K16>=1.01,"Top Performer",IF(K16>=1,"Achieved",IF(K16>=0.98,"Near Target","Needs Pacing"))))
A17: Territory Total | D17: =IF(COUNT(D5:D16)=0,"",SUM(D5:D16)) | E17: =SUM(E5:E16) -> 0.59 | F17: =IF(COUNT(F5:F16)=0,"",SUM(F5:F16)) | G17: =IF(COUNT(G5:G16)=0,"",SUM(G5:G16)) -> 0.33 | H17: =IF(COUNT(H5:H16)=0,"",SUM(H5:H16)) | I17: =IF(COUNT(I5:I16)=0,"",SUM(I5:I16)) -> 0.33 | J17: =IF(I17="","",I17-(E17+N(F17))) -> -0.26 | K17: =IF(I17="","",IFERROR(I17/(E17+N(F17)),0)) -> 0.55932203 | L17: =IF(I17="","",IF(K17>=1,"Achieved","Shortfall")) -> Shortfall

Sheet 5
A1: Chandanaish Territory - Daily Sales and Target Achievement Sheet
A2: Name of Territory: | B2: Chandanaish | C2: Name of Region: | D2: Chattogram | I2: Date: | K2: 46300
A3: SL NO | B3: Name of SR / CSR | C3: Name of Route | D3: No. of Outlets | E3: Brand Wise Target | G3: Brand Wise Sales | I3: Total Sales | J3: Variance | K3: Achievement % | L3: Remarks
E4: Cigarette | F4: Bidi | G4: Cigarette | H4: Bidi
A5: =Target!A4 -> 1 | B5: =Target!B4 -> Karim | C5: =Target!C4 -> Kesua | D5: =Target!D4 | E5: =Target!G4 -> 0.05 | F5: =Target!H4 | I5: =IF(AND(G5="",H5=""),"",SUM(G5:H5)) | J5: =IF(I5="","",I5-(E5+N(F5))) | K5: =IF(I5="","",IFERROR(I5/(E5+N(F5)),0)) | L5: =IF(I5="","",IF(K5>=1.01,"Top Performer",IF(K5>=1,"Achieved",IF(K5>=0.98,"Near Target","Needs Pacing"))))
A6: =Target!A5 -> 2 | C6: =Target!C5 -> Moulvi Bazar | D6: =Target!D5 | E6: =Target!G5 -> 0.03 | F6: =Target!H5 | G6: 0.04 | I6: =IF(AND(G6="",H6=""),"",SUM(G6:H6)) -> 0.04 | J6: =IF(I6="","",I6-(E6+N(F6))) -> 0.01 | K6: =IF(I6="","",IFERROR(I6/(E6+N(F6)),0)) -> 1.3333333 | L6: =IF(I6="","",IF(K6>=1.01,"Top Performer",IF(K6>=1,"Achieved",IF(K6>=0.98,"Near Target","Needs Pacing")))) -> Top Performer
A7: =Target!A6 -> 3 | B7: =Target!B6 -> Jabed | C7: =Target!C6 -> Char Barama | D7: =Target!D6 | E7: =Target!G6 -> 0.05 | F7: =Target!H6 | G7: 0.06 | I7: =IF(AND(G7="",H7=""),"",SUM(G7:H7)) -> 0.06 | J7: =IF(I7="","",I7-(E7+N(F7))) -> 0.01 | K7: =IF(I7="","",IFERROR(I7/(E7+N(F7)),0)) -> 1.2 | L7: =IF(I7="","",IF(K7>=1.01,"Top Performer",IF(K7>=1,"Achieved",IF(K7>=0.98,"Near Target","Needs Pacing")))) -> Top Performer
A8: =Target!A7 -> 4 | C8: =Target!C7 -> Pukur Par | D8: =Target!D7 | E8: =Target!G7 -> 0.03 | F8: =Target!H7 | I8: =IF(AND(G8="",H8=""),"",SUM(G8:H8)) | J8: =IF(I8="","",I8-(E8+N(F8))) | K8: =IF(I8="","",IFERROR(I8/(E8+N(F8)),0)) | L8: =IF(I8="","",IF(K8>=1.01,"Top Performer",IF(K8>=1,"Achieved",IF(K8>=0.98,"Near Target","Needs Pacing"))))
A9: =Target!A8 -> 5 | B9: =Target!B8 -> Anowar | C9: =Target!C8 -> Dhamair Hat | D9: =Target!D8 | E9: =Target!G8 -> 0.07 | F9: =Target!H8 | G9: 0.08 | I9: =IF(AND(G9="",H9=""),"",SUM(G9:H9)) -> 0.08 | J9: =IF(I9="","",I9-(E9+N(F9))) -> 0.01 | K9: =IF(I9="","",IFERROR(I9/(E9+N(F9)),0)) -> 1.1428571 | L9: =IF(I9="","",IF(K9>=1.01,"Top Performer",IF(K9>=1,"Achieved",IF(K9>=0.98,"Near Target","Needs Pacing")))) -> Top Performer
A10: =Target!A9 -> 6 | C10: =Target!C9 -> Chomuda para | D10: =Target!D9 | E10: =Target!G9 -> 0.03 | F10: =Target!H9 | I10: =IF(AND(G10="",H10=""),"",SUM(G10:H10)) | J10: =IF(I10="","",I10-(E10+N(F10))) | K10: =IF(I10="","",IFERROR(I10/(E10+N(F10)),0)) | L10: =IF(I10="","",IF(K10>=1.01,"Top Performer",IF(K10>=1,"Achieved",IF(K10>=0.98,"Near Target","Needs Pacing"))))
A11: =Target!A10 -> 7 | B11: =Target!B10 -> Tahasin | C11: =Target!C10 -> Harala | D11: =Target!D10 | E11: =Target!G10 -> 0.05 | F11: =Target!H10 | G11: 0.04 | I11: =IF(AND(G11="",H11=""),"",SUM(G11:H11)) -> 0.04 | J11: =IF(I11="","",I11-(E11+N(F11))) -> -0.01 | K11: =IF(I11="","",IFERROR(I11/(E11+N(F11)),0)) -> 0.8 | L11: =IF(I11="","",IF(K11>=1.01,"Top Performer",IF(K11>=1,"Achieved",IF(K11>=0.98,"Near Target","Needs Pacing")))) -> Needs Pacing
A12: =Target!A11 -> 8 | C12: =Target!C11 -> Nazir Hat | D12: =Target!D11 | E12: =Target!G11 -> 0.03 | F12: =Target!H11 | I12: =IF(AND(G12="",H12=""),"",SUM(G12:H12)) | J12: =IF(I12="","",I12-(E12+N(F12))) | K12: =IF(I12="","",IFERROR(I12/(E12+N(F12)),0)) | L12: =IF(I12="","",IF(K12>=1.01,"Top Performer",IF(K12>=1,"Achieved",IF(K12>=0.98,"Near Target","Needs Pacing"))))
A13: =Target!A12 -> 9 | B13: =Target!B12 -> Amir | C13: =Target!C12 -> khan Hat | D13: =Target!D12 | E13: =Target!G12 -> 0.08 | F13: =Target!H12 | G13: 0.09 | I13: =IF(AND(G13="",H13=""),"",SUM(G13:H13)) -> 0.09 | J13: =IF(I13="","",I13-(E13+N(F13))) -> 0.01 | K13: =IF(I13="","",IFERROR(I13/(E13+N(F13)),0)) -> 1.125 | L13: =IF(I13="","",IF(K13>=1.01,"Top Performer",IF(K13>=1,"Achieved",IF(K13>=0.98,"Near Target","Needs Pacing")))) -> Top Performer
A14: =Target!A13 -> 10 | C14: =Target!C13 -> Saidabad | D14: =Target!D13 | E14: =Target!G13 -> 0.05 | F14: =Target!H13 | I14: =IF(AND(G14="",H14=""),"",SUM(G14:H14)) | J14: =IF(I14="","",I14-(E14+N(F14))) | K14: =IF(I14="","",IFERROR(I14/(E14+N(F14)),0)) | L14: =IF(I14="","",IF(K14>=1.01,"Top Performer",IF(K14>=1,"Achieved",IF(K14>=0.98,"Near Target","Needs Pacing"))))
A15: =Target!A14 -> 11 | B15: =Target!B14 -> Piplu | C15: =Target!C14 -> Hasimpur | D15: =Target!D14 | E15: =Target!G14 -> 0.05 | F15: =Target!H14 | I15: =IF(AND(G15="",H15=""),"",SUM(G15:H15)) | J15: =IF(I15="","",I15-(E15+N(F15))) | K15: =IF(I15="","",IFERROR(I15/(E15+N(F15)),0)) | L15: =IF(I15="","",IF(K15>=1.01,"Top Performer",IF(K15>=1,"Achieved",IF(K15>=0.98,"Near Target","Needs Pacing"))))
A16: =Target!A15 -> 12 | C16: =Target!C15 -> Chandanaish | D16: =Target!D15 | E16: =Target!G15 -> 0.07 | F16: =Target!H15 | G16: 0.08 | I16: =IF(AND(G16="",H16=""),"",SUM(G16:H16)) -> 0.08 | J16: =IF(I16="","",I16-(E16+N(F16))) -> 0.01 | K16: =IF(I16="","",IFERROR(I16/(E16+N(F16)),0)) -> 1.1428571 | L16: =IF(I16="","",IF(K16>=1.01,"Top Performer",IF(K16>=1,"Achieved",IF(K16>=0.98,"Near Target","Needs Pacing")))) -> Top Performer
A17: Territory Total | D17: =IF(COUNT(D5:D16)=0,"",SUM(D5:D16)) | E17: =SUM(E5:E16) -> 0.59 | F17: =IF(COUNT(F5:F16)=0,"",SUM(F5:F16)) | G17: =IF(COUNT(G5:G16)=0,"",SUM(G5:G16)) -> 0.39 | H17: =IF(COUNT(H5:H16)=0,"",SUM(H5:H16)) | I17: =IF(COUNT(I5:I16)=0,"",SUM(I5:I16)) -> 0.39 | J17: =IF(I17="","",I17-(E17+N(F17))) -> -0.2 | K17: =IF(I17="","",IFERROR(I17/(E17+N(F17)),0)) -> 0.66101695 | L17: =IF(I17="","",IF(K17>=1,"Achieved","Shortfall")) -> Shortfall

Sheet 6
A1: Chandanaish Territory - Daily Sales and Target Achievement Sheet
A2: Name of Territory: | B2: Chandanaish | C2: Name of Region: | D2: Chattogram | I2: Date: | K2: 46301
A3: SL NO | B3: Name of SR / CSR | C3: Name of Route | D3: No. of Outlets | E3: Brand Wise Target | G3: Brand Wise Sales | I3: Total Sales | J3: Variance | K3: Achievement % | L3: Remarks
E4: Cigarette | F4: Bidi | G4: Cigarette | H4: Bidi
A5: =Target!A4 -> 1 | B5: =Target!B4 -> Karim | C5: =Target!C4 -> Kesua | D5: =Target!D4 | E5: =Target!G4 -> 0.05 | F5: =Target!H4 | G5: 0.03 | I5: =IF(AND(G5="",H5=""),"",SUM(G5:H5)) -> 0.03 | J5: =IF(I5="","",I5-(E5+N(F5))) -> -0.02 | K5: =IF(I5="","",IFERROR(I5/(E5+N(F5)),0)) -> 0.6 | L5: =IF(I5="","",IF(K5>=1.01,"Top Performer",IF(K5>=1,"Achieved",IF(K5>=0.98,"Near Target","Needs Pacing")))) -> Needs Pacing
A6: =Target!A5 -> 2 | C6: =Target!C5 -> Moulvi Bazar | D6: =Target!D5 | E6: =Target!G5 -> 0.03 | F6: =Target!H5 | I6: =IF(AND(G6="",H6=""),"",SUM(G6:H6)) | J6: =IF(I6="","",I6-(E6+N(F6))) | K6: =IF(I6="","",IFERROR(I6/(E6+N(F6)),0)) | L6: =IF(I6="","",IF(K6>=1.01,"Top Performer",IF(K6>=1,"Achieved",IF(K6>=0.98,"Near Target","Needs Pacing"))))
A7: =Target!A6 -> 3 | B7: =Target!B6 -> Jabed | C7: =Target!C6 -> Char Barama | D7: =Target!D6 | E7: =Target!G6 -> 0.05 | F7: =Target!H6 | I7: =IF(AND(G7="",H7=""),"",SUM(G7:H7)) | J7: =IF(I7="","",I7-(E7+N(F7))) | K7: =IF(I7="","",IFERROR(I7/(E7+N(F7)),0)) | L7: =IF(I7="","",IF(K7>=1.01,"Top Performer",IF(K7>=1,"Achieved",IF(K7>=0.98,"Near Target","Needs Pacing"))))
A8: =Target!A7 -> 4 | C8: =Target!C7 -> Pukur Par | D8: =Target!D7 | E8: =Target!G7 -> 0.03 | F8: =Target!H7 | G8: 0.05 | I8: =IF(AND(G8="",H8=""),"",SUM(G8:H8)) -> 0.05 | J8: =IF(I8="","",I8-(E8+N(F8))) -> 0.02 | K8: =IF(I8="","",IFERROR(I8/(E8+N(F8)),0)) -> 1.6666667 | L8: =IF(I8="","",IF(K8>=1.01,"Top Performer",IF(K8>=1,"Achieved",IF(K8>=0.98,"Near Target","Needs Pacing")))) -> Top Performer
A9: =Target!A8 -> 5 | B9: =Target!B8 -> Anowar | C9: =Target!C8 -> Dhamair Hat | D9: =Target!D8 | E9: =Target!G8 -> 0.07 | F9: =Target!H8 | I9: =IF(AND(G9="",H9=""),"",SUM(G9:H9)) | J9: =IF(I9="","",I9-(E9+N(F9))) | K9: =IF(I9="","",IFERROR(I9/(E9+N(F9)),0)) | L9: =IF(I9="","",IF(K9>=1.01,"Top Performer",IF(K9>=1,"Achieved",IF(K9>=0.98,"Near Target","Needs Pacing"))))
A10: =Target!A9 -> 6 | C10: =Target!C9 -> Chomuda para | D10: =Target!D9 | E10: =Target!G9 -> 0.03 | F10: =Target!H9 | G10: 0.15 | I10: =IF(AND(G10="",H10=""),"",SUM(G10:H10)) -> 0.15 | J10: =IF(I10="","",I10-(E10+N(F10))) -> 0.12 | K10: =IF(I10="","",IFERROR(I10/(E10+N(F10)),0)) -> 5 | L10: =IF(I10="","",IF(K10>=1.01,"Top Performer",IF(K10>=1,"Achieved",IF(K10>=0.98,"Near Target","Needs Pacing")))) -> Top Performer
A11: =Target!A10 -> 7 | B11: =Target!B10 -> Tahasin | C11: =Target!C10 -> Harala | D11: =Target!D10 | E11: =Target!G10 -> 0.05 | F11: =Target!H10 | I11: =IF(AND(G11="",H11=""),"",SUM(G11:H11)) | J11: =IF(I11="","",I11-(E11+N(F11))) | K11: =IF(I11="","",IFERROR(I11/(E11+N(F11)),0)) | L11: =IF(I11="","",IF(K11>=1.01,"Top Performer",IF(K11>=1,"Achieved",IF(K11>=0.98,"Near Target","Needs Pacing"))))
A12: =Target!A11 -> 8 | C12: =Target!C11 -> Nazir Hat | D12: =Target!D11 | E12: =Target!G11 -> 0.03 | F12: =Target!H11 | G12: 0.03 | I12: =IF(AND(G12="",H12=""),"",SUM(G12:H12)) -> 0.03 | J12: =IF(I12="","",I12-(E12+N(F12))) -> 0 | K12: =IF(I12="","",IFERROR(I12/(E12+N(F12)),0)) -> 1 | L12: =IF(I12="","",IF(K12>=1.01,"Top Performer",IF(K12>=1,"Achieved",IF(K12>=0.98,"Near Target","Needs Pacing")))) -> Achieved
A13: =Target!A12 -> 9 | B13: =Target!B12 -> Amir | C13: =Target!C12 -> khan Hat | D13: =Target!D12 | E13: =Target!G12 -> 0.08 | F13: =Target!H12 | I13: =IF(AND(G13="",H13=""),"",SUM(G13:H13)) | J13: =IF(I13="","",I13-(E13+N(F13))) | K13: =IF(I13="","",IFERROR(I13/(E13+N(F13)),0)) | L13: =IF(I13="","",IF(K13>=1.01,"Top Performer",IF(K13>=1,"Achieved",IF(K13>=0.98,"Near Target","Needs Pacing"))))
A14: =Target!A13 -> 10 | C14: =Target!C13 -> Saidabad | D14: =Target!D13 | E14: =Target!G13 -> 0.05 | F14: =Target!H13 | G14: 0.08 | I14: =IF(AND(G14="",H14=""),"",SUM(G14:H14)) -> 0.08 | J14: =IF(I14="","",I14-(E14+N(F14))) -> 0.03 | K14: =IF(I14="","",IFERROR(I14/(E14+N(F14)),0)) -> 1.6 | L14: =IF(I14="","",IF(K14>=1.01,"Top Performer",IF(K14>=1,"Achieved",IF(K14>=0.98,"Near Target","Needs Pacing")))) -> Top Performer
A15: =Target!A14 -> 11 | B15: =Target!B14 -> Piplu | C15: =Target!C14 -> Hasimpur | D15: =Target!D14 | E15: =Target!G14 -> 0.05 | F15: =Target!H14 | G15: 0.06 | I15: =IF(AND(G15="",H15=""),"",SUM(G15:H15)) -> 0.06 | J15: =IF(I15="","",I15-(E15+N(F15))) -> 0.01 | K15: =IF(I15="","",IFERROR(I15/(E15+N(F15)),0)) -> 1.2 | L15: =IF(I15="","",IF(K15>=1.01,"Top Performer",IF(K15>=1,"Achieved",IF(K15>=0.98,"Near Target","Needs Pacing")))) -> Top Performer
A16: =Target!A15 -> 12 | C16: =Target!C15 -> Chandanaish | D16: =Target!D15 | E16: =Target!G15 -> 0.07 | F16: =Target!H15 | I16: =IF(AND(G16="",H16=""),"",SUM(G16:H16)) | J16: =IF(I16="","",I16-(E16+N(F16))) | K16: =IF(I16="","",IFERROR(I16/(E16+N(F16)),0)) | L16: =IF(I16="","",IF(K16>=1.01,"Top Performer",IF(K16>=1,"Achieved",IF(K16>=0.98,"Near Target","Needs Pacing"))))
A17: Territory Total | D17: =IF(COUNT(D5:D16)=0,"",SUM(D5:D16)) | E17: =SUM(E5:E16) -> 0.59 | F17: =IF(COUNT(F5:F16)=0,"",SUM(F5:F16)) | G17: =IF(COUNT(G5:G16)=0,"",SUM(G5:G16)) -> 0.4 | H17: =IF(COUNT(H5:H16)=0,"",SUM(H5:H16)) | I17: =IF(COUNT(I5:I16)=0,"",SUM(I5:I16)) -> 0.4 | J17: =IF(I17="","",I17-(E17+N(F17))) -> -0.19 | K17: =IF(I17="","",IFERROR(I17/(E17+N(F17)),0)) -> 0.6779661 | L17: =IF(I17="","",IF(K17>=1,"Achieved","Shortfall")) -> Shortfall

Sheet 7
A1: Chandanaish Territory - Daily Sales and Target Achievement Sheet
A2: Name of Territory: | B2: Chandanaish | C2: Name of Region: | D2: Chattogram | I2: Date: | K2: 46302
A3: SL NO | B3: Name of SR / CSR | C3: Name of Route | D3: No. of Outlets | E3: Brand Wise Target | G3: Brand Wise Sales | I3: Total Sales | J3: Variance | K3: Achievement % | L3: Remarks
E4: Cigarette | F4: Bidi | G4: Cigarette | H4: Bidi
A5: =Target!A4 -> 1 | B5: =Target!B4 -> Karim | C5: =Target!C4 -> Kesua | D5: =Target!D4 | E5: =Target!G4 -> 0.05 | F5: =Target!H4 | I5: =IF(AND(G5="",H5=""),"",SUM(G5:H5)) | J5: =IF(I5="","",I5-(E5+N(F5))) | K5: =IF(I5="","",IFERROR(I5/(E5+N(F5)),0)) | L5: =IF(I5="","",IF(K5>=1.01,"Top Performer",IF(K5>=1,"Achieved",IF(K5>=0.98,"Near Target","Needs Pacing"))))
A6: =Target!A5 -> 2 | C6: =Target!C5 -> Moulvi Bazar | D6: =Target!D5 | E6: =Target!G5 -> 0.03 | F6: =Target!H5 | G6: 0.04 | I6: =IF(AND(G6="",H6=""),"",SUM(G6:H6)) -> 0.04 | J6: =IF(I6="","",I6-(E6+N(F6))) -> 0.01 | K6: =IF(I6="","",IFERROR(I6/(E6+N(F6)),0)) -> 1.3333333 | L6: =IF(I6="","",IF(K6>=1.01,"Top Performer",IF(K6>=1,"Achieved",IF(K6>=0.98,"Near Target","Needs Pacing")))) -> Top Performer
A7: =Target!A6 -> 3 | B7: =Target!B6 -> Jabed | C7: =Target!C6 -> Char Barama | D7: =Target!D6 | E7: =Target!G6 -> 0.05 | F7: =Target!H6 | G7: 0.04 | I7: =IF(AND(G7="",H7=""),"",SUM(G7:H7)) -> 0.04 | J7: =IF(I7="","",I7-(E7+N(F7))) -> -0.01 | K7: =IF(I7="","",IFERROR(I7/(E7+N(F7)),0)) -> 0.8 | L7: =IF(I7="","",IF(K7>=1.01,"Top Performer",IF(K7>=1,"Achieved",IF(K7>=0.98,"Near Target","Needs Pacing")))) -> Needs Pacing
A8: =Target!A7 -> 4 | C8: =Target!C7 -> Pukur Par | D8: =Target!D7 | E8: =Target!G7 -> 0.03 | F8: =Target!H7 | I8: =IF(AND(G8="",H8=""),"",SUM(G8:H8)) | J8: =IF(I8="","",I8-(E8+N(F8))) | K8: =IF(I8="","",IFERROR(I8/(E8+N(F8)),0)) | L8: =IF(I8="","",IF(K8>=1.01,"Top Performer",IF(K8>=1,"Achieved",IF(K8>=0.98,"Near Target","Needs Pacing"))))
A9: =Target!A8 -> 5 | B9: =Target!B8 -> Anowar | C9: =Target!C8 -> Dhamair Hat | D9: =Target!D8 | E9: =Target!G8 -> 0.07 | F9: =Target!H8 | G9: 0.07 | I9: =IF(AND(G9="",H9=""),"",SUM(G9:H9)) -> 0.07 | J9: =IF(I9="","",I9-(E9+N(F9))) -> 0 | K9: =IF(I9="","",IFERROR(I9/(E9+N(F9)),0)) -> 1 | L9: =IF(I9="","",IF(K9>=1.01,"Top Performer",IF(K9>=1,"Achieved",IF(K9>=0.98,"Near Target","Needs Pacing")))) -> Achieved
A10: =Target!A9 -> 6 | C10: =Target!C9 -> Chomuda para | D10: =Target!D9 | E10: =Target!G9 -> 0.03 | F10: =Target!H9 | I10: =IF(AND(G10="",H10=""),"",SUM(G10:H10)) | J10: =IF(I10="","",I10-(E10+N(F10))) | K10: =IF(I10="","",IFERROR(I10/(E10+N(F10)),0)) | L10: =IF(I10="","",IF(K10>=1.01,"Top Performer",IF(K10>=1,"Achieved",IF(K10>=0.98,"Near Target","Needs Pacing"))))
A11: =Target!A10 -> 7 | B11: =Target!B10 -> Tahasin | C11: =Target!C10 -> Harala | D11: =Target!D10 | E11: =Target!G10 -> 0.05 | F11: =Target!H10 | G11: 0.04 | I11: =IF(AND(G11="",H11=""),"",SUM(G11:H11)) -> 0.04 | J11: =IF(I11="","",I11-(E11+N(F11))) -> -0.01 | K11: =IF(I11="","",IFERROR(I11/(E11+N(F11)),0)) -> 0.8 | L11: =IF(I11="","",IF(K11>=1.01,"Top Performer",IF(K11>=1,"Achieved",IF(K11>=0.98,"Near Target","Needs Pacing")))) -> Needs Pacing
A12: =Target!A11 -> 8 | C12: =Target!C11 -> Nazir Hat | D12: =Target!D11 | E12: =Target!G11 -> 0.03 | F12: =Target!H11 | I12: =IF(AND(G12="",H12=""),"",SUM(G12:H12)) | J12: =IF(I12="","",I12-(E12+N(F12))) | K12: =IF(I12="","",IFERROR(I12/(E12+N(F12)),0)) | L12: =IF(I12="","",IF(K12>=1.01,"Top Performer",IF(K12>=1,"Achieved",IF(K12>=0.98,"Near Target","Needs Pacing"))))
A13: =Target!A12 -> 9 | B13: =Target!B12 -> Amir | C13: =Target!C12 -> khan Hat | D13: =Target!D12 | E13: =Target!G12 -> 0.08 | F13: =Target!H12 | G13: 0.11 | I13: =IF(AND(G13="",H13=""),"",SUM(G13:H13)) -> 0.11 | J13: =IF(I13="","",I13-(E13+N(F13))) -> 0.03 | K13: =IF(I13="","",IFERROR(I13/(E13+N(F13)),0)) -> 1.375 | L13: =IF(I13="","",IF(K13>=1.01,"Top Performer",IF(K13>=1,"Achieved",IF(K13>=0.98,"Near Target","Needs Pacing")))) -> Top Performer
A14: =Target!A13 -> 10 | C14: =Target!C13 -> Saidabad | D14: =Target!D13 | E14: =Target!G13 -> 0.05 | F14: =Target!H13 | I14: =IF(AND(G14="",H14=""),"",SUM(G14:H14)) | J14: =IF(I14="","",I14-(E14+N(F14))) | K14: =IF(I14="","",IFERROR(I14/(E14+N(F14)),0)) | L14: =IF(I14="","",IF(K14>=1.01,"Top Performer",IF(K14>=1,"Achieved",IF(K14>=0.98,"Near Target","Needs Pacing"))))
A15: =Target!A14 -> 11 | B15: =Target!B14 -> Piplu | C15: =Target!C14 -> Hasimpur | D15: =Target!D14 | E15: =Target!G14 -> 0.05 | F15: =Target!H14 | I15: =IF(AND(G15="",H15=""),"",SUM(G15:H15)) | J15: =IF(I15="","",I15-(E15+N(F15))) | K15: =IF(I15="","",IFERROR(I15/(E15+N(F15)),0)) | L15: =IF(I15="","",IF(K15>=1.01,"Top Performer",IF(K15>=1,"Achieved",IF(K15>=0.98,"Near Target","Needs Pacing"))))
A16: =Target!A15 -> 12 | C16: =Target!C15 -> Chandanaish | D16: =Target!D15 | E16: =Target!G15 -> 0.07 | F16: =Target!H15 | G16: 0.08 | I16: =IF(AND(G16="",H16=""),"",SUM(G16:H16)) -> 0.08 | J16: =IF(I16="","",I16-(E16+N(F16))) -> 0.01 | K16: =IF(I16="","",IFERROR(I16/(E16+N(F16)),0)) -> 1.1428571 | L16: =IF(I16="","",IF(K16>=1.01,"Top Performer",IF(K16>=1,"Achieved",IF(K16>=0.98,"Near Target","Needs Pacing")))) -> Top Performer
A17: Territory Total | D17: =IF(COUNT(D5:D16)=0,"",SUM(D5:D16)) | E17: =SUM(E5:E16) -> 0.59 | F17: =IF(COUNT(F5:F16)=0,"",SUM(F5:F16)) | G17: =IF(COUNT(G5:G16)=0,"",SUM(G5:G16)) -> 0.38 | H17: =IF(COUNT(H5:H16)=0,"",SUM(H5:H16)) | I17: =IF(COUNT(I5:I16)=0,"",SUM(I5:I16)) -> 0.38 | J17: =IF(I17="","",I17-(E17+N(F17))) -> -0.21 | K17: =IF(I17="","",IFERROR(I17/(E17+N(F17)),0)) -> 0.6440678 | L17: =IF(I17="","",IF(K17>=1,"Achieved","Shortfall")) -> Shortfall

Sheet 8
A1: Chandanaish Territory - Daily Sales and Target Achievement Sheet
A2: Name of Territory: | B2: Chandanaish | C2: Name of Region: | D2: Chattogram | I2: Date: | K2: 46303
A3: SL NO | B3: Name of SR / CSR | C3: Name of Route | D3: No. of Outlets | E3: Brand Wise Target | G3: Brand Wise Sales | I3: Total Sales | J3: Variance | K3: Achievement % | L3: Remarks
E4: Cigarette | F4: Bidi | G4: Cigarette | H4: Bidi
A5: =Target!A4 -> 1 | B5: =Target!B4 -> Karim | C5: =Target!C4 -> Kesua | D5: =Target!D4 | E5: =Target!G4 -> 0.05 | F5: =Target!H4 | G5: 0.05 | I5: =IF(AND(G5="",H5=""),"",SUM(G5:H5)) -> 0.05 | J5: =IF(I5="","",I5-(E5+N(F5))) -> 0 | K5: =IF(I5="","",IFERROR(I5/(E5+N(F5)),0)) -> 1 | L5: =IF(I5="","",IF(K5>=1.01,"Top Performer",IF(K5>=1,"Achieved",IF(K5>=0.98,"Near Target","Needs Pacing")))) -> Achieved
A6: =Target!A5 -> 2 | C6: =Target!C5 -> Moulvi Bazar | D6: =Target!D5 | E6: =Target!G5 -> 0.03 | F6: =Target!H5 | I6: =IF(AND(G6="",H6=""),"",SUM(G6:H6)) | J6: =IF(I6="","",I6-(E6+N(F6))) | K6: =IF(I6="","",IFERROR(I6/(E6+N(F6)),0)) | L6: =IF(I6="","",IF(K6>=1.01,"Top Performer",IF(K6>=1,"Achieved",IF(K6>=0.98,"Near Target","Needs Pacing"))))
A7: =Target!A6 -> 3 | B7: =Target!B6 -> Jabed | C7: =Target!C6 -> Char Barama | D7: =Target!D6 | E7: =Target!G6 -> 0.05 | F7: =Target!H6 | I7: =IF(AND(G7="",H7=""),"",SUM(G7:H7)) | J7: =IF(I7="","",I7-(E7+N(F7))) | K7: =IF(I7="","",IFERROR(I7/(E7+N(F7)),0)) | L7: =IF(I7="","",IF(K7>=1.01,"Top Performer",IF(K7>=1,"Achieved",IF(K7>=0.98,"Near Target","Needs Pacing"))))
A8: =Target!A7 -> 4 | C8: =Target!C7 -> Pukur Par | D8: =Target!D7 | E8: =Target!G7 -> 0.03 | F8: =Target!H7 | G8: 0.04 | I8: =IF(AND(G8="",H8=""),"",SUM(G8:H8)) -> 0.04 | J8: =IF(I8="","",I8-(E8+N(F8))) -> 0.01 | K8: =IF(I8="","",IFERROR(I8/(E8+N(F8)),0)) -> 1.3333333 | L8: =IF(I8="","",IF(K8>=1.01,"Top Performer",IF(K8>=1,"Achieved",IF(K8>=0.98,"Near Target","Needs Pacing")))) -> Top Performer
A9: =Target!A8 -> 5 | B9: =Target!B8 -> Anowar | C9: =Target!C8 -> Dhamair Hat | D9: =Target!D8 | E9: =Target!G8 -> 0.07 | F9: =Target!H8 | I9: =IF(AND(G9="",H9=""),"",SUM(G9:H9)) | J9: =IF(I9="","",I9-(E9+N(F9))) | K9: =IF(I9="","",IFERROR(I9/(E9+N(F9)),0)) | L9: =IF(I9="","",IF(K9>=1.01,"Top Performer",IF(K9>=1,"Achieved",IF(K9>=0.98,"Near Target","Needs Pacing"))))
A10: =Target!A9 -> 6 | C10: =Target!C9 -> Chomuda para | D10: =Target!D9 | E10: =Target!G9 -> 0.03 | F10: =Target!H9 | G10: 0.04 | I10: =IF(AND(G10="",H10=""),"",SUM(G10:H10)) -> 0.04 | J10: =IF(I10="","",I10-(E10+N(F10))) -> 0.01 | K10: =IF(I10="","",IFERROR(I10/(E10+N(F10)),0)) -> 1.3333333 | L10: =IF(I10="","",IF(K10>=1.01,"Top Performer",IF(K10>=1,"Achieved",IF(K10>=0.98,"Near Target","Needs Pacing")))) -> Top Performer
A11: =Target!A10 -> 7 | B11: =Target!B10 -> Tahasin | C11: =Target!C10 -> Harala | D11: =Target!D10 | E11: =Target!G10 -> 0.05 | F11: =Target!H10 | I11: =IF(AND(G11="",H11=""),"",SUM(G11:H11)) | J11: =IF(I11="","",I11-(E11+N(F11))) | K11: =IF(I11="","",IFERROR(I11/(E11+N(F11)),0)) | L11: =IF(I11="","",IF(K11>=1.01,"Top Performer",IF(K11>=1,"Achieved",IF(K11>=0.98,"Near Target","Needs Pacing"))))
A12: =Target!A11 -> 8 | C12: =Target!C11 -> Nazir Hat | D12: =Target!D11 | E12: =Target!G11 -> 0.03 | F12: =Target!H11 | G12: 0.07 | I12: =IF(AND(G12="",H12=""),"",SUM(G12:H12)) -> 0.07 | J12: =IF(I12="","",I12-(E12+N(F12))) -> 0.04 | K12: =IF(I12="","",IFERROR(I12/(E12+N(F12)),0)) -> 2.3333333 | L12: =IF(I12="","",IF(K12>=1.01,"Top Performer",IF(K12>=1,"Achieved",IF(K12>=0.98,"Near Target","Needs Pacing")))) -> Top Performer
A13: =Target!A12 -> 9 | B13: =Target!B12 -> Amir | C13: =Target!C12 -> khan Hat | D13: =Target!D12 | E13: =Target!G12 -> 0.08 | F13: =Target!H12 | I13: =IF(AND(G13="",H13=""),"",SUM(G13:H13)) | J13: =IF(I13="","",I13-(E13+N(F13))) | K13: =IF(I13="","",IFERROR(I13/(E13+N(F13)),0)) | L13: =IF(I13="","",IF(K13>=1.01,"Top Performer",IF(K13>=1,"Achieved",IF(K13>=0.98,"Near Target","Needs Pacing"))))
A14: =Target!A13 -> 10 | C14: =Target!C13 -> Saidabad | D14: =Target!D13 | E14: =Target!G13 -> 0.05 | F14: =Target!H13 | G14: 0.16 | I14: =IF(AND(G14="",H14=""),"",SUM(G14:H14)) -> 0.16 | J14: =IF(I14="","",I14-(E14+N(F14))) -> 0.11 | K14: =IF(I14="","",IFERROR(I14/(E14+N(F14)),0)) -> 3.2 | L14: =IF(I14="","",IF(K14>=1.01,"Top Performer",IF(K14>=1,"Achieved",IF(K14>=0.98,"Near Target","Needs Pacing")))) -> Top Performer
A15: =Target!A14 -> 11 | B15: =Target!B14 -> Piplu | C15: =Target!C14 -> Hasimpur | D15: =Target!D14 | E15: =Target!G14 -> 0.05 | F15: =Target!H14 | G15: 0.06 | I15: =IF(AND(G15="",H15=""),"",SUM(G15:H15)) -> 0.06 | J15: =IF(I15="","",I15-(E15+N(F15))) -> 0.01 | K15: =IF(I15="","",IFERROR(I15/(E15+N(F15)),0)) -> 1.2 | L15: =IF(I15="","",IF(K15>=1.01,"Top Performer",IF(K15>=1,"Achieved",IF(K15>=0.98,"Near Target","Needs Pacing")))) -> Top Performer
A16: =Target!A15 -> 12 | C16: =Target!C15 -> Chandanaish | D16: =Target!D15 | E16: =Target!G15 -> 0.07 | F16: =Target!H15 | I16: =IF(AND(G16="",H16=""),"",SUM(G16:H16)) | J16: =IF(I16="","",I16-(E16+N(F16))) | K16: =IF(I16="","",IFERROR(I16/(E16+N(F16)),0)) | L16: =IF(I16="","",IF(K16>=1.01,"Top Performer",IF(K16>=1,"Achieved",IF(K16>=0.98,"Near Target","Needs Pacing"))))
A17: Territory Total | D17: =IF(COUNT(D5:D16)=0,"",SUM(D5:D16)) | E17: =SUM(E5:E16) -> 0.59 | F17: =IF(COUNT(F5:F16)=0,"",SUM(F5:F16)) | G17: =IF(COUNT(G5:G16)=0,"",SUM(G5:G16)) -> 0.42 | H17: =IF(COUNT(H5:H16)=0,"",SUM(H5:H16)) | I17: =IF(COUNT(I5:I16)=0,"",SUM(I5:I16)) -> 0.42 | J17: =IF(I17="","",I17-(E17+N(F17))) -> -0.17 | K17: =IF(I17="","",IFERROR(I17/(E17+N(F17)),0)) -> 0.71186441 | L17: =IF(I17="","",IF(K17>=1,"Achieved","Shortfall")) -> Shortfall

Sheet 9
A1: Chandanaish Territory - Daily Sales and Target Achievement Sheet
A2: Name of Territory: | B2: Chandanaish | C2: Name of Region: | D2: Chattogram | I2: Date: | K2: 46304
A3: SL NO | B3: Name of SR / CSR | C3: Name of Route | D3: No. of Outlets | E3: Brand Wise Target | G3: Brand Wise Sales | I3: Total Sales | J3: Variance | K3: Achievement % | L3: Remarks
E4: Cigarette | F4: Bidi | G4: Cigarette | H4: Bidi
A5: =Target!A4 -> 1 | B5: =Target!B4 -> Karim | C5: =Target!C4 -> Kesua | D5: =Target!D4 | E5: 0 | F5: 0 | G5: 0 | H5: 0 | I5: 0 | J5: 0 | K5: 0 | L5: Friday Off
A6: =Target!A5 -> 2 | C6: =Target!C5 -> Moulvi Bazar | D6: =Target!D5 | E6: 0 | F6: 0 | G6: 0 | H6: 0 | I6: 0 | J6: 0 | K6: 0 | L6: Friday Off
A7: =Target!A6 -> 3 | B7: =Target!B6 -> Jabed | C7: =Target!C6 -> Char Barama | D7: =Target!D6 | E7: 0 | F7: 0 | G7: 0 | H7: 0 | I7: 0 | J7: 0 | K7: 0 | L7: Friday Off
A8: =Target!A7 -> 4 | C8: =Target!C7 -> Pukur Par | D8: =Target!D7 | E8: 0 | F8: 0 | G8: 0 | H8: 0 | I8: 0 | J8: 0 | K8: 0 | L8: Friday Off
A9: =Target!A8 -> 5 | B9: =Target!B8 -> Anowar | C9: =Target!C8 -> Dhamair Hat | D9: =Target!D8 | E9: 0 | F9: 0 | G9: 0 | H9: 0 | I9: 0 | J9: 0 | K9: 0 | L9: Friday Off
A10: =Target!A9 -> 6 | C10: =Target!C9 -> Chomuda para | D10: =Target!D9 | E10: 0 | F10: 0 | G10: 0 | H10: 0 | I10: 0 | J10: 0 | K10: 0 | L10: Friday Off
A11: =Target!A10 -> 7 | B11: =Target!B10 -> Tahasin | C11: =Target!C10 -> Harala | D11: =Target!D10 | E11: 0 | F11: 0 | G11: 0 | H11: 0 | I11: 0 | J11: 0 | K11: 0 | L11: Friday Off
A12: =Target!A11 -> 8 | C12: =Target!C11 -> Nazir Hat | D12: =Target!D11 | E12: 0 | F12: 0 | G12: 0 | H12: 0 | I12: 0 | J12: 0 | K12: 0 | L12: Friday Off
A13: =Target!A12 -> 9 | B13: =Target!B12 -> Amir | C13: =Target!C12 -> khan Hat | D13: =Target!D12 | E13: 0 | F13: 0 | G13: 0 | H13: 0 | I13: 0 | J13: 0 | K13: 0 | L13: Friday Off
A14: =Target!A13 -> 10 | C14: =Target!C13 -> Saidabad | D14: =Target!D13 | E14: 0 | F14: 0 | G14: 0 | H14: 0 | I14: 0 | J14: 0 | K14: 0 | L14: Friday Off
A15: =Target!A14 -> 11 | B15: =Target!B14 -> Piplu | C15: =Target!C14 -> Hasimpur | D15: =Target!D14 | E15: 0 | F15: 0 | G15: 0 | H15: 0 | I15: 0 | J15: 0 | K15: 0 | L15: Friday Off
A16: =Target!A15 -> 12 | C16: =Target!C15 -> Chandanaish | D16: =Target!D15 | E16: 0 | F16: 0 | G16: 0 | H16: 0 | I16: 0 | J16: 0 | K16: 0 | L16: Friday Off
A17: Territory Total | D17: 0 | E17: 0 | F17: 0 | G17: 0 | H17: 0 | I17: 0 | J17: 0 | K17: 0 | L17: Friday Off

Sheet 10
A1: Chandanaish Territory - Daily Sales and Target Achievement Sheet
A2: Name of Territory: | B2: Chandanaish | C2: Name of Region: | D2: Chattogram | I2: Date: | K2: 46305
A3: SL NO | B3: Name of SR / CSR | C3: Name of Route | D3: No. of Outlets | E3: Brand Wise Target | G3: Brand Wise Sales | I3: Total Sales | J3: Variance | K3: Achievement % | L3: Remarks
E4: Cigarette | F4: Bidi | G4: Cigarette | H4: Bidi
A5: =Target!A4 -> 1 | B5: =Target!B4 -> Karim | C5: =Target!C4 -> Kesua | D5: =Target!D4 | E5: =Target!G4 -> 0.05 | F5: =Target!H4 | I5: =IF(AND(G5="",H5=""),"",SUM(G5:H5)) | J5: =IF(I5="","",I5-(E5+N(F5))) | K5: =IF(I5="","",IFERROR(I5/(E5+N(F5)),0)) | L5: =IF(I5="","",IF(K5>=1.01,"Top Performer",IF(K5>=1,"Achieved",IF(K5>=0.98,"Near Target","Needs Pacing"))))
A6: =Target!A5 -> 2 | C6: =Target!C5 -> Moulvi Bazar | D6: =Target!D5 | E6: =Target!G5 -> 0.03 | G6: 0.05 | I6: =IF(AND(G6="",H6=""),"",SUM(G6:H6)) -> 0.05 | J6: =IF(I6="","",I6-(E6+N(F6))) -> 0.02 | K6: =IF(I6="","",IFERROR(I6/(E6+N(F6)),0)) -> 1.6666667 | L6: =IF(I6="","",IF(K6>=1.01,"Top Performer",IF(K6>=1,"Achieved",IF(K6>=0.98,"Near Target","Needs Pacing")))) -> Top Performer
A7: =Target!A6 -> 3 | B7: =Target!B6 -> Jabed | C7: =Target!C6 -> Char Barama | D7: =Target!D6 | E7: =Target!G6 -> 0.05 | G7: 0.07 | I7: =IF(AND(G7="",H7=""),"",SUM(G7:H7)) -> 0.07 | J7: =IF(I7="","",I7-(E7+N(F7))) -> 0.02 | K7: =IF(I7="","",IFERROR(I7/(E7+N(F7)),0)) -> 1.4 | L7: =IF(I7="","",IF(K7>=1.01,"Top Performer",IF(K7>=1,"Achieved",IF(K7>=0.98,"Near Target","Needs Pacing")))) -> Top Performer
A8: =Target!A7 -> 4 | C8: =Target!C7 -> Pukur Par | D8: =Target!D7 | E8: =Target!G7 -> 0.03 | F8: =Target!H7 | I8: =IF(AND(G8="",H8=""),"",SUM(G8:H8)) | J8: =IF(I8="","",I8-(E8+N(F8))) | K8: =IF(I8="","",IFERROR(I8/(E8+N(F8)),0)) | L8: =IF(I8="","",IF(K8>=1.01,"Top Performer",IF(K8>=1,"Achieved",IF(K8>=0.98,"Near Target","Needs Pacing"))))
A9: =Target!A8 -> 5 | B9: =Target!B8 -> Anowar | C9: =Target!C8 -> Dhamair Hat | D9: =Target!D8 | E9: =Target!G8 -> 0.07 | G9: 0.08 | I9: =IF(AND(G9="",H9=""),"",SUM(G9:H9)) -> 0.08 | J9: =IF(I9="","",I9-(E9+N(F9))) -> 0.01 | K9: =IF(I9="","",IFERROR(I9/(E9+N(F9)),0)) -> 1.1428571 | L9: =IF(I9="","",IF(K9>=1.01,"Top Performer",IF(K9>=1,"Achieved",IF(K9>=0.98,"Near Target","Needs Pacing")))) -> Top Performer
A10: =Target!A9 -> 6 | C10: =Target!C9 -> Chomuda para | D10: =Target!D9 | E10: =Target!G9 -> 0.03 | F10: =Target!H9 | I10: =IF(AND(G10="",H10=""),"",SUM(G10:H10)) | J10: =IF(I10="","",I10-(E10+N(F10))) | K10: =IF(I10="","",IFERROR(I10/(E10+N(F10)),0)) | L10: =IF(I10="","",IF(K10>=1.01,"Top Performer",IF(K10>=1,"Achieved",IF(K10>=0.98,"Near Target","Needs Pacing"))))
A11: =Target!A10 -> 7 | B11: =Target!B10 -> Tahasin | C11: =Target!C10 -> Harala | D11: =Target!D10 | E11: =Target!G10 -> 0.05 | G11: 0.05 | I11: =IF(AND(G11="",H11=""),"",SUM(G11:H11)) -> 0.05 | J11: =IF(I11="","",I11-(E11+N(F11))) -> 0 | K11: =IF(I11="","",IFERROR(I11/(E11+N(F11)),0)) -> 1 | L11: =IF(I11="","",IF(K11>=1.01,"Top Performer",IF(K11>=1,"Achieved",IF(K11>=0.98,"Near Target","Needs Pacing")))) -> Achieved
A12: =Target!A11 -> 8 | C12: =Target!C11 -> Nazir Hat | D12: =Target!D11 | E12: =Target!G11 -> 0.03 | F12: =Target!H11 | I12: =IF(AND(G12="",H12=""),"",SUM(G12:H12)) | J12: =IF(I12="","",I12-(E12+N(F12))) | K12: =IF(I12="","",IFERROR(I12/(E12+N(F12)),0)) | L12: =IF(I12="","",IF(K12>=1.01,"Top Performer",IF(K12>=1,"Achieved",IF(K12>=0.98,"Near Target","Needs Pacing"))))
A13: =Target!A12 -> 9 | B13: =Target!B12 -> Amir | C13: =Target!C12 -> khan Hat | D13: =Target!D12 | E13: =Target!G12 -> 0.08 | G13: 0.1 | I13: =IF(AND(G13="",H13=""),"",SUM(G13:H13)) -> 0.1 | J13: =IF(I13="","",I13-(E13+N(F13))) -> 0.02 | K13: =IF(I13="","",IFERROR(I13/(E13+N(F13)),0)) -> 1.25 | L13: =IF(I13="","",IF(K13>=1.01,"Top Performer",IF(K13>=1,"Achieved",IF(K13>=0.98,"Near Target","Needs Pacing")))) -> Top Performer
A14: =Target!A13 -> 10 | C14: =Target!C13 -> Saidabad | D14: =Target!D13 | E14: =Target!G13 -> 0.05 | F14: =Target!H13 | I14: =IF(AND(G14="",H14=""),"",SUM(G14:H14)) | J14: =IF(I14="","",I14-(E14+N(F14))) | K14: =IF(I14="","",IFERROR(I14/(E14+N(F14)),0)) | L14: =IF(I14="","",IF(K14>=1.01,"Top Performer",IF(K14>=1,"Achieved",IF(K14>=0.98,"Near Target","Needs Pacing"))))
A15: =Target!A14 -> 11 | B15: =Target!B14 -> Piplu | C15: =Target!C14 -> Hasimpur | D15: =Target!D14 | E15: =Target!G14 -> 0.05 | F15: =Target!H14 | I15: =IF(AND(G15="",H15=""),"",SUM(G15:H15)) | J15: =IF(I15="","",I15-(E15+N(F15))) | K15: =IF(I15="","",IFERROR(I15/(E15+N(F15)),0)) | L15: =IF(I15="","",IF(K15>=1.01,"Top Performer",IF(K15>=1,"Achieved",IF(K15>=0.98,"Near Target","Needs Pacing"))))
A16: =Target!A15 -> 12 | C16: =Target!C15 -> Chandanaish | D16: =Target!D15 | E16: =Target!G15 -> 0.07 | G16: 0.09 | I16: =IF(AND(G16="",H16=""),"",SUM(G16:H16)) -> 0.09 | J16: =IF(I16="","",I16-(E16+N(F16))) -> 0.02 | K16: =IF(I16="","",IFERROR(I16/(E16+N(F16)),0)) -> 1.2857143 | L16: =IF(I16="","",IF(K16>=1.01,"Top Performer",IF(K16>=1,"Achieved",IF(K16>=0.98,"Near Target","Needs Pacing")))) -> Top Performer
A17: Territory Total | D17: =IF(COUNT(D5:D16)=0,"",SUM(D5:D16)) | E17: =SUM(E5:E16) -> 0.59 | F17: =IF(COUNT(F5:F16)=0,"",SUM(F5:F16)) | G17: =IF(COUNT(G5:G16)=0,"",SUM(G5:G16)) -> 0.44 | H17: =IF(COUNT(H5:H16)=0,"",SUM(H5:H16)) | I17: =IF(COUNT(I5:I16)=0,"",SUM(I5:I16)) -> 0.44 | J17: =IF(I17="","",I17-(E17+N(F17))) -> -0.15 | K17: =IF(I17="","",IFERROR(I17/(E17+N(F17)),0)) -> 0.74576271 | L17: =IF(I17="","",IF(K17>=1,"Achieved","Shortfall")) -> Shortfall

Sheet 11
A1: Chandanaish Territory - Daily Sales and Target Achievement Sheet
A2: Name of Territory: | B2: Chandanaish | C2: Name of Region: | D2: Chattogram | I2: Date: | K2: 46306
A3: SL NO | B3: Name of SR / CSR | C3: Name of Route | D3: No. of Outlets | E3: Brand Wise Target | G3: Brand Wise Sales | I3: Total Sales | J3: Variance | K3: Achievement % | L3: Remarks
E4: Cigarette | F4: Bidi | G4: Cigarette | H4: Bidi
A5: =Target!A4 -> 1 | B5: =Target!B4 -> Karim | C5: =Target!C4 -> Kesua | D5: =Target!D4 | E5: =Target!G4 -> 0.05 | F5: =Target!H4 | G5: 0.05 | I5: =IF(AND(G5="",H5=""),"",SUM(G5:H5)) -> 0.05 | J5: =IF(I5="","",I5-(E5+N(F5))) -> 0 | K5: =IF(I5="","",IFERROR(I5/(E5+N(F5)),0)) -> 1 | L5: =IF(I5="","",IF(K5>=1.01,"Top Performer",IF(K5>=1,"Achieved",IF(K5>=0.98,"Near Target","Needs Pacing")))) -> Achieved
A6: =Target!A5 -> 2 | C6: =Target!C5 -> Moulvi Bazar | D6: =Target!D5 | E6: =Target!G5 -> 0.03 | F6: =Target!H5 | I6: =IF(AND(G6="",H6=""),"",SUM(G6:H6)) | J6: =IF(I6="","",I6-(E6+N(F6))) | K6: =IF(I6="","",IFERROR(I6/(E6+N(F6)),0)) | L6: =IF(I6="","",IF(K6>=1.01,"Top Performer",IF(K6>=1,"Achieved",IF(K6>=0.98,"Near Target","Needs Pacing"))))
A7: =Target!A6 -> 3 | B7: =Target!B6 -> Jabed | C7: =Target!C6 -> Char Barama | D7: =Target!D6 | E7: =Target!G6 -> 0.05 | F7: =Target!H6 | I7: =IF(AND(G7="",H7=""),"",SUM(G7:H7)) | J7: =IF(I7="","",I7-(E7+N(F7))) | K7: =IF(I7="","",IFERROR(I7/(E7+N(F7)),0)) | L7: =IF(I7="","",IF(K7>=1.01,"Top Performer",IF(K7>=1,"Achieved",IF(K7>=0.98,"Near Target","Needs Pacing"))))
A8: =Target!A7 -> 4 | C8: =Target!C7 -> Pukur Par | D8: =Target!D7 | E8: =Target!G7 -> 0.03 | F8: =Target!H7 | G8: 0.05 | I8: =IF(AND(G8="",H8=""),"",SUM(G8:H8)) -> 0.05 | J8: =IF(I8="","",I8-(E8+N(F8))) -> 0.02 | K8: =IF(I8="","",IFERROR(I8/(E8+N(F8)),0)) -> 1.6666667 | L8: =IF(I8="","",IF(K8>=1.01,"Top Performer",IF(K8>=1,"Achieved",IF(K8>=0.98,"Near Target","Needs Pacing")))) -> Top Performer
A9: =Target!A8 -> 5 | B9: =Target!B8 -> Anowar | C9: =Target!C8 -> Dhamair Hat | D9: =Target!D8 | E9: =Target!G8 -> 0.07 | F9: =Target!H8 | I9: =IF(AND(G9="",H9=""),"",SUM(G9:H9)) | J9: =IF(I9="","",I9-(E9+N(F9))) | K9: =IF(I9="","",IFERROR(I9/(E9+N(F9)),0)) | L9: =IF(I9="","",IF(K9>=1.01,"Top Performer",IF(K9>=1,"Achieved",IF(K9>=0.98,"Near Target","Needs Pacing"))))
A10: =Target!A9 -> 6 | C10: =Target!C9 -> Chomuda para | D10: =Target!D9 | E10: =Target!G9 -> 0.03 | F10: =Target!H9 | G10: 0.05 | I10: =IF(AND(G10="",H10=""),"",SUM(G10:H10)) -> 0.05 | J10: =IF(I10="","",I10-(E10+N(F10))) -> 0.02 | K10: =IF(I10="","",IFERROR(I10/(E10+N(F10)),0)) -> 1.6666667 | L10: =IF(I10="","",IF(K10>=1.01,"Top Performer",IF(K10>=1,"Achieved",IF(K10>=0.98,"Near Target","Needs Pacing")))) -> Top Performer
A11: =Target!A10 -> 7 | B11: =Target!B10 -> Tahasin | C11: =Target!C10 -> Harala | D11: =Target!D10 | E11: =Target!G10 -> 0.05 | F11: =Target!H10 | I11: =IF(AND(G11="",H11=""),"",SUM(G11:H11)) | J11: =IF(I11="","",I11-(E11+N(F11))) | K11: =IF(I11="","",IFERROR(I11/(E11+N(F11)),0)) | L11: =IF(I11="","",IF(K11>=1.01,"Top Performer",IF(K11>=1,"Achieved",IF(K11>=0.98,"Near Target","Needs Pacing"))))
A12: =Target!A11 -> 8 | C12: =Target!C11 -> Nazir Hat | D12: =Target!D11 | E12: =Target!G11 -> 0.03 | F12: =Target!H11 | G12: 0.05 | I12: =IF(AND(G12="",H12=""),"",SUM(G12:H12)) -> 0.05 | J12: =IF(I12="","",I12-(E12+N(F12))) -> 0.02 | K12: =IF(I12="","",IFERROR(I12/(E12+N(F12)),0)) -> 1.6666667 | L12: =IF(I12="","",IF(K12>=1.01,"Top Performer",IF(K12>=1,"Achieved",IF(K12>=0.98,"Near Target","Needs Pacing")))) -> Top Performer
A13: =Target!A12 -> 9 | B13: =Target!B12 -> Amir | C13: =Target!C12 -> khan Hat | D13: =Target!D12 | E13: =Target!G12 -> 0.08 | F13: =Target!H12 | I13: =IF(AND(G13="",H13=""),"",SUM(G13:H13)) | J13: =IF(I13="","",I13-(E13+N(F13))) | K13: =IF(I13="","",IFERROR(I13/(E13+N(F13)),0)) | L13: =IF(I13="","",IF(K13>=1.01,"Top Performer",IF(K13>=1,"Achieved",IF(K13>=0.98,"Near Target","Needs Pacing"))))
A14: =Target!A13 -> 10 | C14: =Target!C13 -> Saidabad | D14: =Target!D13 | E14: =Target!G13 -> 0.05 | F14: =Target!H13 | G14: 0.1 | I14: =IF(AND(G14="",H14=""),"",SUM(G14:H14)) -> 0.1 | J14: =IF(I14="","",I14-(E14+N(F14))) -> 0.05 | K14: =IF(I14="","",IFERROR(I14/(E14+N(F14)),0)) -> 2 | L14: =IF(I14="","",IF(K14>=1.01,"Top Performer",IF(K14>=1,"Achieved",IF(K14>=0.98,"Near Target","Needs Pacing")))) -> Top Performer
A15: =Target!A14 -> 11 | B15: =Target!B14 -> Piplu | C15: =Target!C14 -> Hasimpur | D15: =Target!D14 | E15: =Target!G14 -> 0.05 | F15: =Target!H14 | G15: 0.08 | I15: =IF(AND(G15="",H15=""),"",SUM(G15:H15)) -> 0.08 | J15: =IF(I15="","",I15-(E15+N(F15))) -> 0.03 | K15: =IF(I15="","",IFERROR(I15/(E15+N(F15)),0)) -> 1.6 | L15: =IF(I15="","",IF(K15>=1.01,"Top Performer",IF(K15>=1,"Achieved",IF(K15>=0.98,"Near Target","Needs Pacing")))) -> Top Performer
A16: =Target!A15 -> 12 | C16: =Target!C15 -> Chandanaish | D16: =Target!D15 | E16: =Target!G15 -> 0.07 | F16: =Target!H15 | I16: =IF(AND(G16="",H16=""),"",SUM(G16:H16)) | J16: =IF(I16="","",I16-(E16+N(F16))) | K16: =IF(I16="","",IFERROR(I16/(E16+N(F16)),0)) | L16: =IF(I16="","",IF(K16>=1.01,"Top Performer",IF(K16>=1,"Achieved",IF(K16>=0.98,"Near Target","Needs Pacing"))))
A17: Territory Total | D17: =IF(COUNT(D5:D16)=0,"",SUM(D5:D16)) | E17: =SUM(E5:E16) -> 0.59 | F17: =IF(COUNT(F5:F16)=0,"",SUM(F5:F16)) | G17: =IF(COUNT(G5:G16)=0,"",SUM(G5:G16)) -> 0.38 | H17: =IF(COUNT(H5:H16)=0,"",SUM(H5:H16)) | I17: =IF(COUNT(I5:I16)=0,"",SUM(I5:I16)) -> 0.38 | J17: =IF(I17="","",I17-(E17+N(F17))) -> -0.21 | K17: =IF(I17="","",IFERROR(I17/(E17+N(F17)),0)) -> 0.6440678 | L17: =IF(I17="","",IF(K17>=1,"Achieved","Shortfall")) -> Shortfall

Sheet 12
A1: Chandanaish Territory - Daily Sales and Target Achievement Sheet
A2: Name of Territory: | B2: Chandanaish | C2: Name of Region: | D2: Chattogram | I2: Date: | K2: 46307
A3: SL NO | B3: Name of SR / CSR | C3: Name of Route | D3: No. of Outlets | E3: Brand Wise Target | G3: Brand Wise Sales | I3: Total Sales | J3: Variance | K3: Achievement % | L3: Remarks
E4: Cigarette | F4: Bidi | G4: Cigarette | H4: Bidi
A5: =Target!A4 -> 1 | B5: =Target!B4 -> Karim | C5: =Target!C4 -> Kesua | D5: =Target!D4 | E5: =Target!G4 -> 0.05 | F5: =Target!H4 | I5: =IF(AND(G5="",H5=""),"",SUM(G5:H5)) | J5: =IF(I5="","",I5-(E5+N(F5))) | K5: =IF(I5="","",IFERROR(I5/(E5+N(F5)),0)) | L5: =IF(I5="","",IF(K5>=1.01,"Top Performer",IF(K5>=1,"Achieved",IF(K5>=0.98,"Near Target","Needs Pacing"))))
A6: =Target!A5 -> 2 | C6: =Target!C5 -> Moulvi Bazar | D6: =Target!D5 | E6: =Target!G5 -> 0.03 | F6: =Target!H5 | G6: 0.05 | I6: =IF(AND(G6="",H6=""),"",SUM(G6:H6)) -> 0.05 | J6: =IF(I6="","",I6-(E6+N(F6))) -> 0.02 | K6: =IF(I6="","",IFERROR(I6/(E6+N(F6)),0)) -> 1.6666667 | L6: =IF(I6="","",IF(K6>=1.01,"Top Performer",IF(K6>=1,"Achieved",IF(K6>=0.98,"Near Target","Needs Pacing")))) -> Top Performer
A7: =Target!A6 -> 3 | B7: =Target!B6 -> Jabed | C7: =Target!C6 -> Char Barama | D7: =Target!D6 | E7: =Target!G6 -> 0.05 | F7: =Target!H6 | G7: 0.14 | I7: =IF(AND(G7="",H7=""),"",SUM(G7:H7)) -> 0.14 | J7: =IF(I7="","",I7-(E7+N(F7))) -> 0.09 | K7: =IF(I7="","",IFERROR(I7/(E7+N(F7)),0)) -> 2.8 | L7: =IF(I7="","",IF(K7>=1.01,"Top Performer",IF(K7>=1,"Achieved",IF(K7>=0.98,"Near Target","Needs Pacing")))) -> Top Performer
A8: =Target!A7 -> 4 | C8: =Target!C7 -> Pukur Par | D8: =Target!D7 | E8: =Target!G7 -> 0.03 | F8: =Target!H7 | I8: =IF(AND(G8="",H8=""),"",SUM(G8:H8)) | J8: =IF(I8="","",I8-(E8+N(F8))) | K8: =IF(I8="","",IFERROR(I8/(E8+N(F8)),0)) | L8: =IF(I8="","",IF(K8>=1.01,"Top Performer",IF(K8>=1,"Achieved",IF(K8>=0.98,"Near Target","Needs Pacing"))))
A9: =Target!A8 -> 5 | B9: =Target!B8 -> Anowar | C9: =Target!C8 -> Dhamair Hat | D9: =Target!D8 | E9: =Target!G8 -> 0.07 | F9: =Target!H8 | G9: 0.13 | I9: =IF(AND(G9="",H9=""),"",SUM(G9:H9)) -> 0.13 | J9: =IF(I9="","",I9-(E9+N(F9))) -> 0.06 | K9: =IF(I9="","",IFERROR(I9/(E9+N(F9)),0)) -> 1.8571429 | L9: =IF(I9="","",IF(K9>=1.01,"Top Performer",IF(K9>=1,"Achieved",IF(K9>=0.98,"Near Target","Needs Pacing")))) -> Top Performer
A10: =Target!A9 -> 6 | C10: =Target!C9 -> Chomuda para | D10: =Target!D9 | E10: =Target!G9 -> 0.03 | F10: =Target!H9 | I10: =IF(AND(G10="",H10=""),"",SUM(G10:H10)) | J10: =IF(I10="","",I10-(E10+N(F10))) | K10: =IF(I10="","",IFERROR(I10/(E10+N(F10)),0)) | L10: =IF(I10="","",IF(K10>=1.01,"Top Performer",IF(K10>=1,"Achieved",IF(K10>=0.98,"Near Target","Needs Pacing"))))
A11: =Target!A10 -> 7 | B11: =Target!B10 -> Tahasin | C11: =Target!C10 -> Harala | D11: =Target!D10 | E11: =Target!G10 -> 0.05 | F11: =Target!H10 | G11: 0.04 | I11: =IF(AND(G11="",H11=""),"",SUM(G11:H11)) -> 0.04 | J11: =IF(I11="","",I11-(E11+N(F11))) -> -0.01 | K11: =IF(I11="","",IFERROR(I11/(E11+N(F11)),0)) -> 0.8 | L11: =IF(I11="","",IF(K11>=1.01,"Top Performer",IF(K11>=1,"Achieved",IF(K11>=0.98,"Near Target","Needs Pacing")))) -> Needs Pacing
A12: =Target!A11 -> 8 | C12: =Target!C11 -> Nazir Hat | D12: =Target!D11 | E12: =Target!G11 -> 0.03 | F12: =Target!H11 | I12: =IF(AND(G12="",H12=""),"",SUM(G12:H12)) | J12: =IF(I12="","",I12-(E12+N(F12))) | K12: =IF(I12="","",IFERROR(I12/(E12+N(F12)),0)) | L12: =IF(I12="","",IF(K12>=1.01,"Top Performer",IF(K12>=1,"Achieved",IF(K12>=0.98,"Near Target","Needs Pacing"))))
A13: =Target!A12 -> 9 | B13: =Target!B12 -> Amir | C13: =Target!C12 -> khan Hat | D13: =Target!D12 | E13: =Target!G12 -> 0.08 | F13: =Target!H12 | G13: 0.07 | I13: =IF(AND(G13="",H13=""),"",SUM(G13:H13)) -> 0.07 | J13: =IF(I13="","",I13-(E13+N(F13))) -> -0.01 | K13: =IF(I13="","",IFERROR(I13/(E13+N(F13)),0)) -> 0.875 | L13: =IF(I13="","",IF(K13>=1.01,"Top Performer",IF(K13>=1,"Achieved",IF(K13>=0.98,"Near Target","Needs Pacing")))) -> Needs Pacing
A14: =Target!A13 -> 10 | C14: =Target!C13 -> Saidabad | D14: =Target!D13 | E14: =Target!G13 -> 0.05 | F14: =Target!H13 | I14: =IF(AND(G14="",H14=""),"",SUM(G14:H14)) | J14: =IF(I14="","",I14-(E14+N(F14))) | K14: =IF(I14="","",IFERROR(I14/(E14+N(F14)),0)) | L14: =IF(I14="","",IF(K14>=1.01,"Top Performer",IF(K14>=1,"Achieved",IF(K14>=0.98,"Near Target","Needs Pacing"))))
A15: =Target!A14 -> 11 | B15: =Target!B14 -> Piplu | C15: =Target!C14 -> Hasimpur | D15: =Target!D14 | E15: =Target!G14 -> 0.05 | F15: =Target!H14 | I15: =IF(AND(G15="",H15=""),"",SUM(G15:H15)) | J15: =IF(I15="","",I15-(E15+N(F15))) | K15: =IF(I15="","",IFERROR(I15/(E15+N(F15)),0)) | L15: =IF(I15="","",IF(K15>=1.01,"Top Performer",IF(K15>=1,"Achieved",IF(K15>=0.98,"Near Target","Needs Pacing"))))
A16: =Target!A15 -> 12 | C16: =Target!C15 -> Chandanaish | D16: =Target!D15 | E16: =Target!G15 -> 0.07 | F16: =Target!H15 | G16: 0.21 | I16: =IF(AND(G16="",H16=""),"",SUM(G16:H16)) -> 0.21 | J16: =IF(I16="","",I16-(E16+N(F16))) -> 0.14 | K16: =IF(I16="","",IFERROR(I16/(E16+N(F16)),0)) -> 3 | L16: =IF(I16="","",IF(K16>=1.01,"Top Performer",IF(K16>=1,"Achieved",IF(K16>=0.98,"Near Target","Needs Pacing")))) -> Top Performer
A17: Territory Total | D17: =IF(COUNT(D5:D16)=0,"",SUM(D5:D16)) | E17: =SUM(E5:E16) -> 0.59 | F17: =IF(COUNT(F5:F16)=0,"",SUM(F5:F16)) | G17: =IF(COUNT(G5:G16)=0,"",SUM(G5:G16)) -> 0.64 | H17: =IF(COUNT(H5:H16)=0,"",SUM(H5:H16)) | I17: =IF(COUNT(I5:I16)=0,"",SUM(I5:I16)) -> 0.64 | J17: =IF(I17="","",I17-(E17+N(F17))) -> 0.05 | K17: =IF(I17="","",IFERROR(I17/(E17+N(F17)),0)) -> 1.0847458 | L17: =IF(I17="","",IF(K17>=1,"Achieved","Shortfall")) -> Achieved

Sheet 13
A1: Chandanaish Territory - Daily Sales and Target Achievement Sheet
A2: Name of Territory: | B2: Chandanaish | C2: Name of Region: | D2: Chattogram | I2: Date: | K2: 46308
A3: SL NO | B3: Name of SR / CSR | C3: Name of Route | D3: No. of Outlets | E3: Brand Wise Target | G3: Brand Wise Sales | I3: Total Sales | J3: Variance | K3: Achievement % | L3: Remarks
E4: Cigarette | F4: Bidi | G4: Cigarette | H4: Bidi
A5: =Target!A4 -> 1 | B5: =Target!B4 -> Karim | C5: =Target!C4 -> Kesua | D5: =Target!D4 | E5: =Target!G4 -> 0.05 | F5: =Target!H4 | G5: 0.06 | I5: =IF(AND(G5="",H5=""),"",SUM(G5:H5)) -> 0.06 | J5: =IF(I5="","",I5-(E5+N(F5))) -> 0.01 | K5: =IF(I5="","",IFERROR(I5/(E5+N(F5)),0)) -> 1.2 | L5: =IF(I5="","",IF(K5>=1.01,"Top Performer",IF(K5>=1,"Achieved",IF(K5>=0.98,"Near Target","Needs Pacing")))) -> Top Performer
A6: =Target!A5 -> 2 | C6: =Target!C5 -> Moulvi Bazar | D6: =Target!D5 | E6: =Target!G5 -> 0.03 | F6: =Target!H5 | I6: =IF(AND(G6="",H6=""),"",SUM(G6:H6)) | J6: =IF(I6="","",I6-(E6+N(F6))) | K6: =IF(I6="","",IFERROR(I6/(E6+N(F6)),0)) | L6: =IF(I6="","",IF(K6>=1.01,"Top Performer",IF(K6>=1,"Achieved",IF(K6>=0.98,"Near Target","Needs Pacing"))))
A7: =Target!A6 -> 3 | B7: =Target!B6 -> Jabed | C7: =Target!C6 -> Char Barama | D7: =Target!D6 | E7: =Target!G6 -> 0.05 | F7: =Target!H6 | I7: =IF(AND(G7="",H7=""),"",SUM(G7:H7)) | J7: =IF(I7="","",I7-(E7+N(F7))) | K7: =IF(I7="","",IFERROR(I7/(E7+N(F7)),0)) | L7: =IF(I7="","",IF(K7>=1.01,"Top Performer",IF(K7>=1,"Achieved",IF(K7>=0.98,"Near Target","Needs Pacing"))))
A8: =Target!A7 -> 4 | C8: =Target!C7 -> Pukur Par | D8: =Target!D7 | E8: =Target!G7 -> 0.03 | F8: =Target!H7 | G8: 0.04 | I8: =IF(AND(G8="",H8=""),"",SUM(G8:H8)) -> 0.04 | J8: =IF(I8="","",I8-(E8+N(F8))) -> 0.01 | K8: =IF(I8="","",IFERROR(I8/(E8+N(F8)),0)) -> 1.3333333 | L8: =IF(I8="","",IF(K8>=1.01,"Top Performer",IF(K8>=1,"Achieved",IF(K8>=0.98,"Near Target","Needs Pacing")))) -> Top Performer
A9: =Target!A8 -> 5 | B9: =Target!B8 -> Anowar | C9: =Target!C8 -> Dhamair Hat | D9: =Target!D8 | E9: =Target!G8 -> 0.07 | F9: =Target!H8 | I9: =IF(AND(G9="",H9=""),"",SUM(G9:H9)) | J9: =IF(I9="","",I9-(E9+N(F9))) | K9: =IF(I9="","",IFERROR(I9/(E9+N(F9)),0)) | L9: =IF(I9="","",IF(K9>=1.01,"Top Performer",IF(K9>=1,"Achieved",IF(K9>=0.98,"Near Target","Needs Pacing"))))
A10: =Target!A9 -> 6 | C10: =Target!C9 -> Chomuda para | D10: =Target!D9 | E10: =Target!G9 -> 0.03 | F10: =Target!H9 | G10: 0.23 | I10: =IF(AND(G10="",H10=""),"",SUM(G10:H10)) -> 0.23 | J10: =IF(I10="","",I10-(E10+N(F10))) -> 0.2 | K10: =IF(I10="","",IFERROR(I10/(E10+N(F10)),0)) -> 7.6666667 | L10: =IF(I10="","",IF(K10>=1.01,"Top Performer",IF(K10>=1,"Achieved",IF(K10>=0.98,"Near Target","Needs Pacing")))) -> Top Performer
A11: =Target!A10 -> 7 | B11: =Target!B10 -> Tahasin | C11: =Target!C10 -> Harala | D11: =Target!D10 | E11: =Target!G10 -> 0.05 | F11: =Target!H10 | I11: =IF(AND(G11="",H11=""),"",SUM(G11:H11)) | J11: =IF(I11="","",I11-(E11+N(F11))) | K11: =IF(I11="","",IFERROR(I11/(E11+N(F11)),0)) | L11: =IF(I11="","",IF(K11>=1.01,"Top Performer",IF(K11>=1,"Achieved",IF(K11>=0.98,"Near Target","Needs Pacing"))))
A12: =Target!A11 -> 8 | C12: =Target!C11 -> Nazir Hat | D12: =Target!D11 | E12: =Target!G11 -> 0.03 | F12: =Target!H11 | G12: 0.05 | I12: =IF(AND(G12="",H12=""),"",SUM(G12:H12)) -> 0.05 | J12: =IF(I12="","",I12-(E12+N(F12))) -> 0.02 | K12: =IF(I12="","",IFERROR(I12/(E12+N(F12)),0)) -> 1.6666667 | L12: =IF(I12="","",IF(K12>=1.01,"Top Performer",IF(K12>=1,"Achieved",IF(K12>=0.98,"Near Target","Needs Pacing")))) -> Top Performer
A13: =Target!A12 -> 9 | B13: =Target!B12 -> Amir | C13: =Target!C12 -> khan Hat | D13: =Target!D12 | E13: =Target!G12 -> 0.08 | F13: =Target!H12 | I13: =IF(AND(G13="",H13=""),"",SUM(G13:H13)) | J13: =IF(I13="","",I13-(E13+N(F13))) | K13: =IF(I13="","",IFERROR(I13/(E13+N(F13)),0)) | L13: =IF(I13="","",IF(K13>=1.01,"Top Performer",IF(K13>=1,"Achieved",IF(K13>=0.98,"Near Target","Needs Pacing"))))
A14: =Target!A13 -> 10 | C14: =Target!C13 -> Saidabad | D14: =Target!D13 | E14: =Target!G13 -> 0.05 | F14: =Target!H13 | G14: 0.08 | I14: =IF(AND(G14="",H14=""),"",SUM(G14:H14)) -> 0.08 | J14: =IF(I14="","",I14-(E14+N(F14))) -> 0.03 | K14: =IF(I14="","",IFERROR(I14/(E14+N(F14)),0)) -> 1.6 | L14: =IF(I14="","",IF(K14>=1.01,"Top Performer",IF(K14>=1,"Achieved",IF(K14>=0.98,"Near Target","Needs Pacing")))) -> Top Performer
A15: =Target!A14 -> 11 | B15: =Target!B14 -> Piplu | C15: =Target!C14 -> Hasimpur | D15: =Target!D14 | E15: =Target!G14 -> 0.05 | F15: =Target!H14 | G15: 0.08 | I15: =IF(AND(G15="",H15=""),"",SUM(G15:H15)) -> 0.08 | J15: =IF(I15="","",I15-(E15+N(F15))) -> 0.03 | K15: =IF(I15="","",IFERROR(I15/(E15+N(F15)),0)) -> 1.6 | L15: =IF(I15="","",IF(K15>=1.01,"Top Performer",IF(K15>=1,"Achieved",IF(K15>=0.98,"Near Target","Needs Pacing")))) -> Top Performer
A16: =Target!A15 -> 12 | C16: =Target!C15 -> Chandanaish | D16: =Target!D15 | E16: =Target!G15 -> 0.07 | F16: =Target!H15 | I16: =IF(AND(G16="",H16=""),"",SUM(G16:H16)) | J16: =IF(I16="","",I16-(E16+N(F16))) | K16: =IF(I16="","",IFERROR(I16/(E16+N(F16)),0)) | L16: =IF(I16="","",IF(K16>=1.01,"Top Performer",IF(K16>=1,"Achieved",IF(K16>=0.98,"Near Target","Needs Pacing"))))
A17: Territory Total | D17: =IF(COUNT(D5:D16)=0,"",SUM(D5:D16)) | E17: =SUM(E5:E16) -> 0.59 | F17: =IF(COUNT(F5:F16)=0,"",SUM(F5:F16)) | G17: =IF(COUNT(G5:G16)=0,"",SUM(G5:G16)) -> 0.54 | H17: =IF(COUNT(H5:H16)=0,"",SUM(H5:H16)) | I17: =IF(COUNT(I5:I16)=0,"",SUM(I5:I16)) -> 0.54 | J17: =IF(I17="","",I17-(E17+N(F17))) -> -0.05 | K17: =IF(I17="","",IFERROR(I17/(E17+N(F17)),0)) -> 0.91525424 | L17: =IF(I17="","",IF(K17>=1,"Achieved","Shortfall")) -> Shortfall

Sheet 14
A1: Chandanaish Territory - Daily Sales and Target Achievement Sheet
A2: Name of Territory: | B2: Chandanaish | C2: Name of Region: | D2: Chattogram | I2: Date: | K2: 46309
A3: SL NO | B3: Name of SR / CSR | C3: Name of Route | D3: No. of Outlets | E3: Brand Wise Target | G3: Brand Wise Sales | I3: Total Sales | J3: Variance | K3: Achievement % | L3: Remarks
E4: Cigarette | F4: Bidi | G4: Cigarette | H4: Bidi
A5: =Target!A4 -> 1 | B5: =Target!B4 -> Karim | C5: =Target!C4 -> Kesua | D5: =Target!D4 | E5: =Target!G4 -> 0.05 | F5: =Target!H4 | I5: =IF(AND(G5="",H5=""),"",SUM(G5:H5)) | J5: =IF(I5="","",I5-(E5+N(F5))) | K5: =IF(I5="","",IFERROR(I5/(E5+N(F5)),0)) | L5: =IF(I5="","",IF(K5>=1.01,"Top Performer",IF(K5>=1,"Achieved",IF(K5>=0.98,"Near Target","Needs Pacing"))))
A6: =Target!A5 -> 2 | C6: =Target!C5 -> Moulvi Bazar | D6: =Target!D5 | E6: =Target!G5 -> 0.03 | F6: =Target!H5 | G6: 0.06 | I6: =IF(AND(G6="",H6=""),"",SUM(G6:H6)) -> 0.06 | J6: =IF(I6="","",I6-(E6+N(F6))) -> 0.03 | K6: =IF(I6="","",IFERROR(I6/(E6+N(F6)),0)) -> 2 | L6: =IF(I6="","",IF(K6>=1.01,"Top Performer",IF(K6>=1,"Achieved",IF(K6>=0.98,"Near Target","Needs Pacing")))) -> Top Performer
A7: =Target!A6 -> 3 | B7: =Target!B6 -> Jabed | C7: =Target!C6 -> Char Barama | D7: =Target!D6 | E7: =Target!G6 -> 0.05 | F7: =Target!H6 | G7: 0.05 | I7: =IF(AND(G7="",H7=""),"",SUM(G7:H7)) -> 0.05 | J7: =IF(I7="","",I7-(E7+N(F7))) -> 0 | K7: =IF(I7="","",IFERROR(I7/(E7+N(F7)),0)) -> 1 | L7: =IF(I7="","",IF(K7>=1.01,"Top Performer",IF(K7>=1,"Achieved",IF(K7>=0.98,"Near Target","Needs Pacing")))) -> Achieved
A8: =Target!A7 -> 4 | C8: =Target!C7 -> Pukur Par | D8: =Target!D7 | E8: =Target!G7 -> 0.03 | F8: =Target!H7 | I8: =IF(AND(G8="",H8=""),"",SUM(G8:H8)) | J8: =IF(I8="","",I8-(E8+N(F8))) | K8: =IF(I8="","",IFERROR(I8/(E8+N(F8)),0)) | L8: =IF(I8="","",IF(K8>=1.01,"Top Performer",IF(K8>=1,"Achieved",IF(K8>=0.98,"Near Target","Needs Pacing"))))
A9: =Target!A8 -> 5 | B9: =Target!B8 -> Anowar | C9: =Target!C8 -> Dhamair Hat | D9: =Target!D8 | E9: =Target!G8 -> 0.07 | F9: =Target!H8 | G9: 0.06 | I9: =IF(AND(G9="",H9=""),"",SUM(G9:H9)) -> 0.06 | J9: =IF(I9="","",I9-(E9+N(F9))) -> -0.01 | K9: =IF(I9="","",IFERROR(I9/(E9+N(F9)),0)) -> 0.85714286 | L9: =IF(I9="","",IF(K9>=1.01,"Top Performer",IF(K9>=1,"Achieved",IF(K9>=0.98,"Near Target","Needs Pacing")))) -> Needs Pacing
A10: =Target!A9 -> 6 | C10: =Target!C9 -> Chomuda para | D10: =Target!D9 | E10: =Target!G9 -> 0.03 | F10: =Target!H9 | I10: =IF(AND(G10="",H10=""),"",SUM(G10:H10)) | J10: =IF(I10="","",I10-(E10+N(F10))) | K10: =IF(I10="","",IFERROR(I10/(E10+N(F10)),0)) | L10: =IF(I10="","",IF(K10>=1.01,"Top Performer",IF(K10>=1,"Achieved",IF(K10>=0.98,"Near Target","Needs Pacing"))))
A11: =Target!A10 -> 7 | B11: =Target!B10 -> Tahasin | C11: =Target!C10 -> Harala | D11: =Target!D10 | E11: =Target!G10 -> 0.05 | F11: =Target!H10 | G11: 0.04 | I11: =IF(AND(G11="",H11=""),"",SUM(G11:H11)) -> 0.04 | J11: =IF(I11="","",I11-(E11+N(F11))) -> -0.01 | K11: =IF(I11="","",IFERROR(I11/(E11+N(F11)),0)) -> 0.8 | L11: =IF(I11="","",IF(K11>=1.01,"Top Performer",IF(K11>=1,"Achieved",IF(K11>=0.98,"Near Target","Needs Pacing")))) -> Needs Pacing
A12: =Target!A11 -> 8 | C12: =Target!C11 -> Nazir Hat | D12: =Target!D11 | E12: =Target!G11 -> 0.03 | F12: =Target!H11 | I12: =IF(AND(G12="",H12=""),"",SUM(G12:H12)) | J12: =IF(I12="","",I12-(E12+N(F12))) | K12: =IF(I12="","",IFERROR(I12/(E12+N(F12)),0)) | L12: =IF(I12="","",IF(K12>=1.01,"Top Performer",IF(K12>=1,"Achieved",IF(K12>=0.98,"Near Target","Needs Pacing"))))
A13: =Target!A12 -> 9 | B13: =Target!B12 -> Amir | C13: =Target!C12 -> khan Hat | D13: =Target!D12 | E13: =Target!G12 -> 0.08 | F13: =Target!H12 | G13: 0.07 | I13: =IF(AND(G13="",H13=""),"",SUM(G13:H13)) -> 0.07 | J13: =IF(I13="","",I13-(E13+N(F13))) -> -0.01 | K13: =IF(I13="","",IFERROR(I13/(E13+N(F13)),0)) -> 0.875 | L13: =IF(I13="","",IF(K13>=1.01,"Top Performer",IF(K13>=1,"Achieved",IF(K13>=0.98,"Near Target","Needs Pacing")))) -> Needs Pacing
A14: =Target!A13 -> 10 | C14: =Target!C13 -> Saidabad | D14: =Target!D13 | E14: =Target!G13 -> 0.05 | F14: =Target!H13 | I14: =IF(AND(G14="",H14=""),"",SUM(G14:H14)) | J14: =IF(I14="","",I14-(E14+N(F14))) | K14: =IF(I14="","",IFERROR(I14/(E14+N(F14)),0)) | L14: =IF(I14="","",IF(K14>=1.01,"Top Performer",IF(K14>=1,"Achieved",IF(K14>=0.98,"Near Target","Needs Pacing"))))
A15: =Target!A14 -> 11 | B15: =Target!B14 -> Piplu | C15: =Target!C14 -> Hasimpur | D15: =Target!D14 | E15: =Target!G14 -> 0.05 | F15: =Target!H14 | G15: 0.07 | I15: =IF(AND(G15="",H15=""),"",SUM(G15:H15)) -> 0.07 | J15: =IF(I15="","",I15-(E15+N(F15))) -> 0.02 | K15: =IF(I15="","",IFERROR(I15/(E15+N(F15)),0)) -> 1.4 | L15: =IF(I15="","",IF(K15>=1.01,"Top Performer",IF(K15>=1,"Achieved",IF(K15>=0.98,"Near Target","Needs Pacing")))) -> Top Performer
A16: =Target!A15 -> 12 | C16: =Target!C15 -> Chandanaish | D16: =Target!D15 | E16: =Target!G15 -> 0.07 | F16: =Target!H15 | I16: =IF(AND(G16="",H16=""),"",SUM(G16:H16)) | J16: =IF(I16="","",I16-(E16+N(F16))) | K16: =IF(I16="","",IFERROR(I16/(E16+N(F16)),0)) | L16: =IF(I16="","",IF(K16>=1.01,"Top Performer",IF(K16>=1,"Achieved",IF(K16>=0.98,"Near Target","Needs Pacing"))))
A17: Territory Total | D17: =IF(COUNT(D5:D16)=0,"",SUM(D5:D16)) | E17: =SUM(E5:E16) -> 0.59 | F17: =IF(COUNT(F5:F16)=0,"",SUM(F5:F16)) | G17: =IF(COUNT(G5:G16)=0,"",SUM(G5:G16)) -> 0.35 | H17: =IF(COUNT(H5:H16)=0,"",SUM(H5:H16)) | I17: =IF(COUNT(I5:I16)=0,"",SUM(I5:I16)) -> 0.35 | J17: =IF(I17="","",I17-(E17+N(F17))) -> -0.24 | K17: =IF(I17="","",IFERROR(I17/(E17+N(F17)),0)) -> 0.59322034 | L17: =IF(I17="","",IF(K17>=1,"Achieved","Shortfall")) -> Shortfall

Sheet 15
A1: Chandanaish Territory - Daily Sales and Target Achievement Sheet
A2: Name of Territory: | B2: Chandanaish | C2: Name of Region: | D2: Chattogram | I2: Date: | K2: 46310
A3: SL NO | B3: Name of SR / CSR | C3: Name of Route | D3: No. of Outlets | E3: Brand Wise Target | G3: Brand Wise Sales | I3: Total Sales | J3: Variance | K3: Achievement % | L3: Remarks
E4: Cigarette | F4: Bidi | G4: Cigarette | H4: Bidi
A5: =Target!A4 -> 1 | B5: =Target!B4 -> Karim | C5: =Target!C4 -> Kesua | D5: =Target!D4 | E5: =Target!G4 -> 0.05 | F5: =Target!H4 | G5: 0.06 | I5: =IF(AND(G5="",H5=""),"",SUM(G5:H5)) -> 0.06 | J5: =IF(I5="","",I5-(E5+N(F5))) -> 0.01 | K5: =IF(I5="","",IFERROR(I5/(E5+N(F5)),0)) -> 1.2 | L5: =IF(I5="","",IF(K5>=1.01,"Top Performer",IF(K5>=1,"Achieved",IF(K5>=0.98,"Near Target","Needs Pacing")))) -> Top Performer
A6: =Target!A5 -> 2 | C6: =Target!C5 -> Moulvi Bazar | D6: =Target!D5 | E6: =Target!G5 -> 0.03 | F6: =Target!H5 | I6: =IF(AND(G6="",H6=""),"",SUM(G6:H6)) | J6: =IF(I6="","",I6-(E6+N(F6))) | K6: =IF(I6="","",IFERROR(I6/(E6+N(F6)),0)) | L6: =IF(I6="","",IF(K6>=1.01,"Top Performer",IF(K6>=1,"Achieved",IF(K6>=0.98,"Near Target","Needs Pacing"))))
A7: =Target!A6 -> 3 | B7: =Target!B6 -> Jabed | C7: =Target!C6 -> Char Barama | D7: =Target!D6 | E7: =Target!G6 -> 0.05 | F7: =Target!H6 | I7: =IF(AND(G7="",H7=""),"",SUM(G7:H7)) | J7: =IF(I7="","",I7-(E7+N(F7))) | K7: =IF(I7="","",IFERROR(I7/(E7+N(F7)),0)) | L7: =IF(I7="","",IF(K7>=1.01,"Top Performer",IF(K7>=1,"Achieved",IF(K7>=0.98,"Near Target","Needs Pacing"))))
A8: =Target!A7 -> 4 | C8: =Target!C7 -> Pukur Par | D8: =Target!D7 | E8: =Target!G7 -> 0.03 | F8: =Target!H7 | G8: 0.05 | I8: =IF(AND(G8="",H8=""),"",SUM(G8:H8)) -> 0.05 | J8: =IF(I8="","",I8-(E8+N(F8))) -> 0.02 | K8: =IF(I8="","",IFERROR(I8/(E8+N(F8)),0)) -> 1.6666667 | L8: =IF(I8="","",IF(K8>=1.01,"Top Performer",IF(K8>=1,"Achieved",IF(K8>=0.98,"Near Target","Needs Pacing")))) -> Top Performer
A9: =Target!A8 -> 5 | B9: =Target!B8 -> Anowar | C9: =Target!C8 -> Dhamair Hat | D9: =Target!D8 | E9: =Target!G8 -> 0.07 | F9: =Target!H8 | I9: =IF(AND(G9="",H9=""),"",SUM(G9:H9)) | J9: =IF(I9="","",I9-(E9+N(F9))) | K9: =IF(I9="","",IFERROR(I9/(E9+N(F9)),0)) | L9: =IF(I9="","",IF(K9>=1.01,"Top Performer",IF(K9>=1,"Achieved",IF(K9>=0.98,"Near Target","Needs Pacing"))))
A10: =Target!A9 -> 6 | C10: =Target!C9 -> Chomuda para | D10: =Target!D9 | E10: =Target!G9 -> 0.03 | F10: =Target!H9 | G10: 0.06 | I10: =IF(AND(G10="",H10=""),"",SUM(G10:H10)) -> 0.06 | J10: =IF(I10="","",I10-(E10+N(F10))) -> 0.03 | K10: =IF(I10="","",IFERROR(I10/(E10+N(F10)),0)) -> 2 | L10: =IF(I10="","",IF(K10>=1.01,"Top Performer",IF(K10>=1,"Achieved",IF(K10>=0.98,"Near Target","Needs Pacing")))) -> Top Performer
A11: =Target!A10 -> 7 | B11: =Target!B10 -> Tahasin | C11: =Target!C10 -> Harala | D11: =Target!D10 | E11: =Target!G10 -> 0.05 | F11: =Target!H10 | I11: =IF(AND(G11="",H11=""),"",SUM(G11:H11)) | J11: =IF(I11="","",I11-(E11+N(F11))) | K11: =IF(I11="","",IFERROR(I11/(E11+N(F11)),0)) | L11: =IF(I11="","",IF(K11>=1.01,"Top Performer",IF(K11>=1,"Achieved",IF(K11>=0.98,"Near Target","Needs Pacing"))))
A12: =Target!A11 -> 8 | C12: =Target!C11 -> Nazir Hat | D12: =Target!D11 | E12: =Target!G11 -> 0.03 | F12: =Target!H11 | G12: 0.04 | I12: =IF(AND(G12="",H12=""),"",SUM(G12:H12)) -> 0.04 | J12: =IF(I12="","",I12-(E12+N(F12))) -> 0.01 | K12: =IF(I12="","",IFERROR(I12/(E12+N(F12)),0)) -> 1.3333333 | L12: =IF(I12="","",IF(K12>=1.01,"Top Performer",IF(K12>=1,"Achieved",IF(K12>=0.98,"Near Target","Needs Pacing")))) -> Top Performer
A13: =Target!A12 -> 9 | B13: =Target!B12 -> Amir | C13: =Target!C12 -> khan Hat | D13: =Target!D12 | E13: =Target!G12 -> 0.08 | F13: =Target!H12 | I13: =IF(AND(G13="",H13=""),"",SUM(G13:H13)) | J13: =IF(I13="","",I13-(E13+N(F13))) | K13: =IF(I13="","",IFERROR(I13/(E13+N(F13)),0)) | L13: =IF(I13="","",IF(K13>=1.01,"Top Performer",IF(K13>=1,"Achieved",IF(K13>=0.98,"Near Target","Needs Pacing"))))
A14: =Target!A13 -> 10 | C14: =Target!C13 -> Saidabad | D14: =Target!D13 | E14: =Target!G13 -> 0.05 | F14: =Target!H13 | G14: 0.07 | I14: =IF(AND(G14="",H14=""),"",SUM(G14:H14)) -> 0.07 | J14: =IF(I14="","",I14-(E14+N(F14))) -> 0.02 | K14: =IF(I14="","",IFERROR(I14/(E14+N(F14)),0)) -> 1.4 | L14: =IF(I14="","",IF(K14>=1.01,"Top Performer",IF(K14>=1,"Achieved",IF(K14>=0.98,"Near Target","Needs Pacing")))) -> Top Performer
A15: =Target!A14 -> 11 | B15: =Target!B14 -> Piplu | C15: =Target!C14 -> Hasimpur | D15: =Target!D14 | E15: =Target!G14 -> 0.05 | F15: =Target!H14 | G15: 0.11 | I15: =IF(AND(G15="",H15=""),"",SUM(G15:H15)) -> 0.11 | J15: =IF(I15="","",I15-(E15+N(F15))) -> 0.06 | K15: =IF(I15="","",IFERROR(I15/(E15+N(F15)),0)) -> 2.2 | L15: =IF(I15="","",IF(K15>=1.01,"Top Performer",IF(K15>=1,"Achieved",IF(K15>=0.98,"Near Target","Needs Pacing")))) -> Top Performer
A16: =Target!A15 -> 12 | C16: =Target!C15 -> Chandanaish | D16: =Target!D15 | E16: =Target!G15 -> 0.07 | F16: =Target!H15 | I16: =IF(AND(G16="",H16=""),"",SUM(G16:H16)) | J16: =IF(I16="","",I16-(E16+N(F16))) | K16: =IF(I16="","",IFERROR(I16/(E16+N(F16)),0)) | L16: =IF(I16="","",IF(K16>=1.01,"Top Performer",IF(K16>=1,"Achieved",IF(K16>=0.98,"Near Target","Needs Pacing"))))
A17: Territory Total | D17: =IF(COUNT(D5:D16)=0,"",SUM(D5:D16)) | E17: =SUM(E5:E16) -> 0.59 | F17: =IF(COUNT(F5:F16)=0,"",SUM(F5:F16)) | G17: =IF(COUNT(G5:G16)=0,"",SUM(G5:G16)) -> 0.39 | H17: =IF(COUNT(H5:H16)=0,"",SUM(H5:H16)) | I17: =IF(COUNT(I5:I16)=0,"",SUM(I5:I16)) -> 0.39 | J17: =IF(I17="","",I17-(E17+N(F17))) -> -0.2 | K17: =IF(I17="","",IFERROR(I17/(E17+N(F17)),0)) -> 0.66101695 | L17: =IF(I17="","",IF(K17>=1,"Achieved","Shortfall")) -> Shortfall

Sheet 16
A1: Chandanaish Territory - Daily Sales and Target Achievement Sheet
A2: Name of Territory: | B2: Chandanaish | C2: Name of Region: | D2: Chattogram | I2: Date: | K2: 46311
A3: SL NO | B3: Name of SR / CSR | C3: Name of Route | D3: No. of Outlets | E3: Brand Wise Target | G3: Brand Wise Sales | I3: Total Sales | J3: Variance | K3: Achievement % | L3: Remarks
E4: Cigarette | F4: Bidi | G4: Cigarette | H4: Bidi
A5: =Target!A4 -> 1 | B5: =Target!B4 -> Karim | C5: =Target!C4 -> Kesua | D5: =Target!D4 | E5: 0 | F5: 0 | G5: 0 | H5: 0 | I5: 0 | J5: 0 | K5: 0 | L5: Friday Off
A6: =Target!A5 -> 2 | C6: =Target!C5 -> Moulvi Bazar | D6: =Target!D5 | E6: 0 | F6: 0 | G6: 0 | H6: 0 | I6: 0 | J6: 0 | K6: 0 | L6: Friday Off
A7: =Target!A6 -> 3 | B7: =Target!B6 -> Jabed | C7: =Target!C6 -> Char Barama | D7: =Target!D6 | E7: 0 | F7: 0 | G7: 0 | H7: 0 | I7: 0 | J7: 0 | K7: 0 | L7: Friday Off
A8: =Target!A7 -> 4 | C8: =Target!C7 -> Pukur Par | D8: =Target!D7 | E8: 0 | F8: 0 | G8: 0 | H8: 0 | I8: 0 | J8: 0 | K8: 0 | L8: Friday Off
A9: =Target!A8 -> 5 | B9: =Target!B8 -> Anowar | C9: =Target!C8 -> Dhamair Hat | D9: =Target!D8 | E9: 0 | F9: 0 | G9: 0 | H9: 0 | I9: 0 | J9: 0 | K9: 0 | L9: Friday Off
A10: =Target!A9 -> 6 | C10: =Target!C9 -> Chomuda para | D10: =Target!D9 | E10: 0 | F10: 0 | G10: 0 | H10: 0 | I10: 0 | J10: 0 | K10: 0 | L10: Friday Off
A11: =Target!A10 -> 7 | B11: =Target!B10 -> Tahasin | C11: =Target!C10 -> Harala | D11: =Target!D10 | E11: 0 | F11: 0 | G11: 0 | H11: 0 | I11: 0 | J11: 0 | K11: 0 | L11: Friday Off
A12: =Target!A11 -> 8 | C12: =Target!C11 -> Nazir Hat | D12: =Target!D11 | E12: 0 | F12: 0 | G12: 0 | H12: 0 | I12: 0 | J12: 0 | K12: 0 | L12: Friday Off
A13: =Target!A12 -> 9 | B13: =Target!B12 -> Amir | C13: =Target!C12 -> khan Hat | D13: =Target!D12 | E13: 0 | F13: 0 | G13: 0 | H13: 0 | I13: 0 | J13: 0 | K13: 0 | L13: Friday Off
A14: =Target!A13 -> 10 | C14: =Target!C13 -> Saidabad | D14: =Target!D13 | E14: 0 | F14: 0 | G14: 0 | H14: 0 | I14: 0 | J14: 0 | K14: 0 | L14: Friday Off
A15: =Target!A14 -> 11 | B15: =Target!B14 -> Piplu | C15: =Target!C14 -> Hasimpur | D15: =Target!D14 | E15: 0 | F15: 0 | G15: 0 | H15: 0 | I15: 0 | J15: 0 | K15: 0 | L15: Friday Off
A16: =Target!A15 -> 12 | C16: =Target!C15 -> Chandanaish | D16: =Target!D15 | E16: 0 | F16: 0 | G16: 0 | H16: 0 | I16: 0 | J16: 0 | K16: 0 | L16: Friday Off
A17: Territory Total | D17: 0 | E17: 0 | F17: 0 | G17: 0 | H17: 0 | I17: 0 | J17: 0 | K17: 0 | L17: Friday Off

Sheet 17
A1: Chandanaish Territory - Daily Sales and Target Achievement Sheet
A2: Name of Territory: | B2: Chandanaish | C2: Name of Region: | D2: Chattogram | I2: Date: | K2: 46312
A3: SL NO | B3: Name of SR / CSR | C3: Name of Route | D3: No. of Outlets | E3: Brand Wise Target | G3: Brand Wise Sales | I3: Total Sales | J3: Variance | K3: Achievement % | L3: Remarks
E4: Cigarette | F4: Bidi | G4: Cigarette | H4: Bidi
A5: =Target!A4 -> 1 | B5: =Target!B4 -> Karim | C5: =Target!C4 -> Kesua | D5: =Target!D4 | E5: =Target!G4 -> 0.05 | F5: =Target!H4 | I5: =IF(AND(G5="",H5=""),"",SUM(G5:H5)) | J5: =IF(I5="","",I5-(E5+N(F5))) | K5: =IF(I5="","",IFERROR(I5/(E5+N(F5)),0)) | L5: =IF(I5="","",IF(K5>=1.01,"Top Performer",IF(K5>=1,"Achieved",IF(K5>=0.98,"Near Target","Needs Pacing"))))
A6: =Target!A5 -> 2 | C6: =Target!C5 -> Moulvi Bazar | D6: =Target!D5 | E6: =Target!G5 -> 0.03 | F6: =Target!H5 | G6: 0.04 | I6: =IF(AND(G6="",H6=""),"",SUM(G6:H6)) -> 0.04 | J6: =IF(I6="","",I6-(E6+N(F6))) -> 0.01 | K6: =IF(I6="","",IFERROR(I6/(E6+N(F6)),0)) -> 1.3333333 | L6: =IF(I6="","",IF(K6>=1.01,"Top Performer",IF(K6>=1,"Achieved",IF(K6>=0.98,"Near Target","Needs Pacing")))) -> Top Performer
A7: =Target!A6 -> 3 | B7: =Target!B6 -> Jabed | C7: =Target!C6 -> Char Barama | D7: =Target!D6 | E7: =Target!G6 -> 0.05 | F7: =Target!H6 | G7: 0.05 | I7: =IF(AND(G7="",H7=""),"",SUM(G7:H7)) -> 0.05 | J7: =IF(I7="","",I7-(E7+N(F7))) -> 0 | K7: =IF(I7="","",IFERROR(I7/(E7+N(F7)),0)) -> 1 | L7: =IF(I7="","",IF(K7>=1.01,"Top Performer",IF(K7>=1,"Achieved",IF(K7>=0.98,"Near Target","Needs Pacing")))) -> Achieved
A8: =Target!A7 -> 4 | C8: =Target!C7 -> Pukur Par | D8: =Target!D7 | E8: =Target!G7 -> 0.03 | F8: =Target!H7 | I8: =IF(AND(G8="",H8=""),"",SUM(G8:H8)) | J8: =IF(I8="","",I8-(E8+N(F8))) | K8: =IF(I8="","",IFERROR(I8/(E8+N(F8)),0)) | L8: =IF(I8="","",IF(K8>=1.01,"Top Performer",IF(K8>=1,"Achieved",IF(K8>=0.98,"Near Target","Needs Pacing"))))
A9: =Target!A8 -> 5 | B9: =Target!B8 -> Anowar | C9: =Target!C8 -> Dhamair Hat | D9: =Target!D8 | E9: =Target!G8 -> 0.07 | F9: =Target!H8 | G9: 0.07 | I9: =IF(AND(G9="",H9=""),"",SUM(G9:H9)) -> 0.07 | J9: =IF(I9="","",I9-(E9+N(F9))) -> 0 | K9: =IF(I9="","",IFERROR(I9/(E9+N(F9)),0)) -> 1 | L9: =IF(I9="","",IF(K9>=1.01,"Top Performer",IF(K9>=1,"Achieved",IF(K9>=0.98,"Near Target","Needs Pacing")))) -> Achieved
A10: =Target!A9 -> 6 | C10: =Target!C9 -> Chomuda para | D10: =Target!D9 | E10: =Target!G9 -> 0.03 | F10: =Target!H9 | I10: =IF(AND(G10="",H10=""),"",SUM(G10:H10)) | J10: =IF(I10="","",I10-(E10+N(F10))) | K10: =IF(I10="","",IFERROR(I10/(E10+N(F10)),0)) | L10: =IF(I10="","",IF(K10>=1.01,"Top Performer",IF(K10>=1,"Achieved",IF(K10>=0.98,"Near Target","Needs Pacing"))))
A11: =Target!A10 -> 7 | B11: =Target!B10 -> Tahasin | C11: =Target!C10 -> Harala | D11: =Target!D10 | E11: =Target!G10 -> 0.05 | F11: =Target!H10 | G11: 0.04 | I11: =IF(AND(G11="",H11=""),"",SUM(G11:H11)) -> 0.04 | J11: =IF(I11="","",I11-(E11+N(F11))) -> -0.01 | K11: =IF(I11="","",IFERROR(I11/(E11+N(F11)),0)) -> 0.8 | L11: =IF(I11="","",IF(K11>=1.01,"Top Performer",IF(K11>=1,"Achieved",IF(K11>=0.98,"Near Target","Needs Pacing")))) -> Needs Pacing
A12: =Target!A11 -> 8 | C12: =Target!C11 -> Nazir Hat | D12: =Target!D11 | E12: =Target!G11 -> 0.03 | F12: =Target!H11 | I12: =IF(AND(G12="",H12=""),"",SUM(G12:H12)) | J12: =IF(I12="","",I12-(E12+N(F12))) | K12: =IF(I12="","",IFERROR(I12/(E12+N(F12)),0)) | L12: =IF(I12="","",IF(K12>=1.01,"Top Performer",IF(K12>=1,"Achieved",IF(K12>=0.98,"Near Target","Needs Pacing"))))
A13: =Target!A12 -> 9 | B13: =Target!B12 -> Amir | C13: =Target!C12 -> khan Hat | D13: =Target!D12 | E13: =Target!G12 -> 0.08 | F13: =Target!H12 | G13: 0.1 | I13: =IF(AND(G13="",H13=""),"",SUM(G13:H13)) -> 0.1 | J13: =IF(I13="","",I13-(E13+N(F13))) -> 0.02 | K13: =IF(I13="","",IFERROR(I13/(E13+N(F13)),0)) -> 1.25 | L13: =IF(I13="","",IF(K13>=1.01,"Top Performer",IF(K13>=1,"Achieved",IF(K13>=0.98,"Near Target","Needs Pacing")))) -> Top Performer
A14: =Target!A13 -> 10 | C14: =Target!C13 -> Saidabad | D14: =Target!D13 | E14: =Target!G13 -> 0.05 | F14: =Target!H13 | I14: =IF(AND(G14="",H14=""),"",SUM(G14:H14)) | J14: =IF(I14="","",I14-(E14+N(F14))) | K14: =IF(I14="","",IFERROR(I14/(E14+N(F14)),0)) | L14: =IF(I14="","",IF(K14>=1.01,"Top Performer",IF(K14>=1,"Achieved",IF(K14>=0.98,"Near Target","Needs Pacing"))))
A15: =Target!A14 -> 11 | B15: =Target!B14 -> Piplu | C15: =Target!C14 -> Hasimpur | D15: =Target!D14 | E15: =Target!G14 -> 0.05 | F15: =Target!H14 | I15: =IF(AND(G15="",H15=""),"",SUM(G15:H15)) | J15: =IF(I15="","",I15-(E15+N(F15))) | K15: =IF(I15="","",IFERROR(I15/(E15+N(F15)),0)) | L15: =IF(I15="","",IF(K15>=1.01,"Top Performer",IF(K15>=1,"Achieved",IF(K15>=0.98,"Near Target","Needs Pacing"))))
A16: =Target!A15 -> 12 | C16: =Target!C15 -> Chandanaish | D16: =Target!D15 | E16: =Target!G15 -> 0.07 | F16: =Target!H15 | G16: 0.11 | I16: =IF(AND(G16="",H16=""),"",SUM(G16:H16)) -> 0.11 | J16: =IF(I16="","",I16-(E16+N(F16))) -> 0.04 | K16: =IF(I16="","",IFERROR(I16/(E16+N(F16)),0)) -> 1.5714286 | L16: =IF(I16="","",IF(K16>=1.01,"Top Performer",IF(K16>=1,"Achieved",IF(K16>=0.98,"Near Target","Needs Pacing")))) -> Top Performer
A17: Territory Total | D17: =IF(COUNT(D5:D16)=0,"",SUM(D5:D16)) | E17: =SUM(E5:E16) -> 0.59 | F17: =IF(COUNT(F5:F16)=0,"",SUM(F5:F16)) | G17: =IF(COUNT(G5:G16)=0,"",SUM(G5:G16)) -> 0.41 | H17: =IF(COUNT(H5:H16)=0,"",SUM(H5:H16)) | I17: =IF(COUNT(I5:I16)=0,"",SUM(I5:I16)) -> 0.41 | J17: =IF(I17="","",I17-(E17+N(F17))) -> -0.18 | K17: =IF(I17="","",IFERROR(I17/(E17+N(F17)),0)) -> 0.69491525 | L17: =IF(I17="","",IF(K17>=1,"Achieved","Shortfall")) -> Shortfall

Sheet 18
A1: Chandanaish Territory - Daily Sales and Target Achievement Sheet
A2: Name of Territory: | B2: Chandanaish | C2: Name of Region: | D2: Chattogram | I2: Date: | K2: 46313
A3: SL NO | B3: Name of SR / CSR | C3: Name of Route | D3: No. of Outlets | E3: Brand Wise Target | G3: Brand Wise Sales | I3: Total Sales | J3: Variance | K3: Achievement % | L3: Remarks
E4: Cigarette | F4: Bidi | G4: Cigarette | H4: Bidi
A5: =Target!A4 -> 1 | B5: =Target!B4 -> Karim | C5: =Target!C4 -> Kesua | D5: =Target!D4 | E5: =Target!G4 -> 0.05 | F5: =Target!H4 | G5: 0.05 | I5: =IF(AND(G5="",H5=""),"",SUM(G5:H5)) -> 0.05 | J5: =IF(I5="","",I5-(E5+N(F5))) -> 0 | K5: =IF(I5="","",IFERROR(I5/(E5+N(F5)),0)) -> 1 | L5: =IF(I5="","",IF(K5>=1.01,"Top Performer",IF(K5>=1,"Achieved",IF(K5>=0.98,"Near Target","Needs Pacing")))) -> Achieved
A6: =Target!A5 -> 2 | C6: =Target!C5 -> Moulvi Bazar | D6: =Target!D5 | E6: =Target!G5 -> 0.03 | F6: =Target!H5 | I6: =IF(AND(G6="",H6=""),"",SUM(G6:H6)) | J6: =IF(I6="","",I6-(E6+N(F6))) | K6: =IF(I6="","",IFERROR(I6/(E6+N(F6)),0)) | L6: =IF(I6="","",IF(K6>=1.01,"Top Performer",IF(K6>=1,"Achieved",IF(K6>=0.98,"Near Target","Needs Pacing"))))
A7: =Target!A6 -> 3 | B7: =Target!B6 -> Jabed | C7: =Target!C6 -> Char Barama | D7: =Target!D6 | E7: =Target!G6 -> 0.05 | F7: =Target!H6 | I7: =IF(AND(G7="",H7=""),"",SUM(G7:H7)) | J7: =IF(I7="","",I7-(E7+N(F7))) | K7: =IF(I7="","",IFERROR(I7/(E7+N(F7)),0)) | L7: =IF(I7="","",IF(K7>=1.01,"Top Performer",IF(K7>=1,"Achieved",IF(K7>=0.98,"Near Target","Needs Pacing"))))
A8: =Target!A7 -> 4 | C8: =Target!C7 -> Pukur Par | D8: =Target!D7 | E8: =Target!G7 -> 0.03 | F8: =Target!H7 | G8: 0.06 | I8: =IF(AND(G8="",H8=""),"",SUM(G8:H8)) -> 0.06 | J8: =IF(I8="","",I8-(E8+N(F8))) -> 0.03 | K8: =IF(I8="","",IFERROR(I8/(E8+N(F8)),0)) -> 2 | L8: =IF(I8="","",IF(K8>=1.01,"Top Performer",IF(K8>=1,"Achieved",IF(K8>=0.98,"Near Target","Needs Pacing")))) -> Top Performer
A9: =Target!A8 -> 5 | B9: =Target!B8 -> Anowar | C9: =Target!C8 -> Dhamair Hat | D9: =Target!D8 | E9: =Target!G8 -> 0.07 | F9: =Target!H8 | I9: =IF(AND(G9="",H9=""),"",SUM(G9:H9)) | J9: =IF(I9="","",I9-(E9+N(F9))) | K9: =IF(I9="","",IFERROR(I9/(E9+N(F9)),0)) | L9: =IF(I9="","",IF(K9>=1.01,"Top Performer",IF(K9>=1,"Achieved",IF(K9>=0.98,"Near Target","Needs Pacing"))))
A10: =Target!A9 -> 6 | C10: =Target!C9 -> Chomuda para | D10: =Target!D9 | E10: =Target!G9 -> 0.03 | F10: =Target!H9 | G10: 0.07 | I10: =IF(AND(G10="",H10=""),"",SUM(G10:H10)) -> 0.07 | J10: =IF(I10="","",I10-(E10+N(F10))) -> 0.04 | K10: =IF(I10="","",IFERROR(I10/(E10+N(F10)),0)) -> 2.3333333 | L10: =IF(I10="","",IF(K10>=1.01,"Top Performer",IF(K10>=1,"Achieved",IF(K10>=0.98,"Near Target","Needs Pacing")))) -> Top Performer
A11: =Target!A10 -> 7 | B11: =Target!B10 -> Tahasin | C11: =Target!C10 -> Harala | D11: =Target!D10 | E11: =Target!G10 -> 0.05 | F11: =Target!H10 | I11: =IF(AND(G11="",H11=""),"",SUM(G11:H11)) | J11: =IF(I11="","",I11-(E11+N(F11))) | K11: =IF(I11="","",IFERROR(I11/(E11+N(F11)),0)) | L11: =IF(I11="","",IF(K11>=1.01,"Top Performer",IF(K11>=1,"Achieved",IF(K11>=0.98,"Near Target","Needs Pacing"))))
A12: =Target!A11 -> 8 | C12: =Target!C11 -> Nazir Hat | D12: =Target!D11 | E12: =Target!G11 -> 0.03 | F12: =Target!H11 | G12: 0.06 | I12: =IF(AND(G12="",H12=""),"",SUM(G12:H12)) -> 0.06 | J12: =IF(I12="","",I12-(E12+N(F12))) -> 0.03 | K12: =IF(I12="","",IFERROR(I12/(E12+N(F12)),0)) -> 2 | L12: =IF(I12="","",IF(K12>=1.01,"Top Performer",IF(K12>=1,"Achieved",IF(K12>=0.98,"Near Target","Needs Pacing")))) -> Top Performer
A13: =Target!A12 -> 9 | B13: =Target!B12 -> Amir | C13: =Target!C12 -> khan Hat | D13: =Target!D12 | E13: =Target!G12 -> 0.08 | F13: =Target!H12 | I13: =IF(AND(G13="",H13=""),"",SUM(G13:H13)) | J13: =IF(I13="","",I13-(E13+N(F13))) | K13: =IF(I13="","",IFERROR(I13/(E13+N(F13)),0)) | L13: =IF(I13="","",IF(K13>=1.01,"Top Performer",IF(K13>=1,"Achieved",IF(K13>=0.98,"Near Target","Needs Pacing"))))
A14: =Target!A13 -> 10 | C14: =Target!C13 -> Saidabad | D14: =Target!D13 | E14: =Target!G13 -> 0.05 | F14: =Target!H13 | G14: 0.09 | I14: =IF(AND(G14="",H14=""),"",SUM(G14:H14)) -> 0.09 | J14: =IF(I14="","",I14-(E14+N(F14))) -> 0.04 | K14: =IF(I14="","",IFERROR(I14/(E14+N(F14)),0)) -> 1.8 | L14: =IF(I14="","",IF(K14>=1.01,"Top Performer",IF(K14>=1,"Achieved",IF(K14>=0.98,"Near Target","Needs Pacing")))) -> Top Performer
A15: =Target!A14 -> 11 | B15: =Target!B14 -> Piplu | C15: =Target!C14 -> Hasimpur | D15: =Target!D14 | E15: =Target!G14 -> 0.05 | F15: =Target!H14 | G15: 0.12 | I15: =IF(AND(G15="",H15=""),"",SUM(G15:H15)) -> 0.12 | J15: =IF(I15="","",I15-(E15+N(F15))) -> 0.07 | K15: =IF(I15="","",IFERROR(I15/(E15+N(F15)),0)) -> 2.4 | L15: =IF(I15="","",IF(K15>=1.01,"Top Performer",IF(K15>=1,"Achieved",IF(K15>=0.98,"Near Target","Needs Pacing")))) -> Top Performer
A16: =Target!A15 -> 12 | C16: =Target!C15 -> Chandanaish | D16: =Target!D15 | E16: =Target!G15 -> 0.07 | F16: =Target!H15 | I16: =IF(AND(G16="",H16=""),"",SUM(G16:H16)) | J16: =IF(I16="","",I16-(E16+N(F16))) | K16: =IF(I16="","",IFERROR(I16/(E16+N(F16)),0)) | L16: =IF(I16="","",IF(K16>=1.01,"Top Performer",IF(K16>=1,"Achieved",IF(K16>=0.98,"Near Target","Needs Pacing"))))
A17: Territory Total | D17: =IF(COUNT(D5:D16)=0,"",SUM(D5:D16)) | E17: =SUM(E5:E16) -> 0.59 | F17: =IF(COUNT(F5:F16)=0,"",SUM(F5:F16)) | G17: =IF(COUNT(G5:G16)=0,"",SUM(G5:G16)) -> 0.45 | H17: =IF(COUNT(H5:H16)=0,"",SUM(H5:H16)) | I17: =IF(COUNT(I5:I16)=0,"",SUM(I5:I16)) -> 0.45 | J17: =IF(I17="","",I17-(E17+N(F17))) -> -0.14 | K17: =IF(I17="","",IFERROR(I17/(E17+N(F17)),0)) -> 0.76271186 | L17: =IF(I17="","",IF(K17>=1,"Achieved","Shortfall")) -> Shortfall

Sheet 19
A1: Chandanaish Territory - Daily Sales and Target Achievement Sheet
A2: Name of Territory: | B2: Chandanaish | C2: Name of Region: | D2: Chattogram | I2: Date: | K2: 46314
A3: SL NO | B3: Name of SR / CSR | C3: Name of Route | D3: No. of Outlets | E3: Brand Wise Target | G3: Brand Wise Sales | I3: Total Sales | J3: Variance | K3: Achievement % | L3: Remarks
E4: Cigarette | F4: Bidi | G4: Cigarette | H4: Bidi
A5: =Target!A4 -> 1 | B5: =Target!B4 -> Karim | C5: =Target!C4 -> Kesua | D5: =Target!D4 | E5: =Target!G4 -> 0.05 | F5: =Target!H4 | I5: =IF(AND(G5="",H5=""),"",SUM(G5:H5)) | J5: =IF(I5="","",I5-(E5+N(F5))) | K5: =IF(I5="","",IFERROR(I5/(E5+N(F5)),0)) | L5: =IF(I5="","",IF(K5>=1.01,"Top Performer",IF(K5>=1,"Achieved",IF(K5>=0.98,"Near Target","Needs Pacing"))))
A6: =Target!A5 -> 2 | C6: =Target!C5 -> Moulvi Bazar | D6: =Target!D5 | E6: =Target!G5 -> 0.03 | F6: =Target!H5 | G6: 0.06 | I6: =IF(AND(G6="",H6=""),"",SUM(G6:H6)) -> 0.06 | J6: =IF(I6="","",I6-(E6+N(F6))) -> 0.03 | K6: =IF(I6="","",IFERROR(I6/(E6+N(F6)),0)) -> 2 | L6: =IF(I6="","",IF(K6>=1.01,"Top Performer",IF(K6>=1,"Achieved",IF(K6>=0.98,"Near Target","Needs Pacing")))) -> Top Performer
A7: =Target!A6 -> 3 | B7: =Target!B6 -> Jabed | C7: =Target!C6 -> Char Barama | D7: =Target!D6 | E7: =Target!G6 -> 0.05 | F7: =Target!H6 | G7: 0.04 | I7: =IF(AND(G7="",H7=""),"",SUM(G7:H7)) -> 0.04 | J7: =IF(I7="","",I7-(E7+N(F7))) -> -0.01 | K7: =IF(I7="","",IFERROR(I7/(E7+N(F7)),0)) -> 0.8 | L7: =IF(I7="","",IF(K7>=1.01,"Top Performer",IF(K7>=1,"Achieved",IF(K7>=0.98,"Near Target","Needs Pacing")))) -> Needs Pacing
A8: =Target!A7 -> 4 | C8: =Target!C7 -> Pukur Par | D8: =Target!D7 | E8: =Target!G7 -> 0.03 | F8: =Target!H7 | I8: =IF(AND(G8="",H8=""),"",SUM(G8:H8)) | J8: =IF(I8="","",I8-(E8+N(F8))) | K8: =IF(I8="","",IFERROR(I8/(E8+N(F8)),0)) | L8: =IF(I8="","",IF(K8>=1.01,"Top Performer",IF(K8>=1,"Achieved",IF(K8>=0.98,"Near Target","Needs Pacing"))))
A9: =Target!A8 -> 5 | B9: =Target!B8 -> Anowar | C9: =Target!C8 -> Dhamair Hat | D9: =Target!D8 | E9: =Target!G8 -> 0.07 | F9: =Target!H8 | G9: 0.07 | I9: =IF(AND(G9="",H9=""),"",SUM(G9:H9)) -> 0.07 | J9: =IF(I9="","",I9-(E9+N(F9))) -> 0 | K9: =IF(I9="","",IFERROR(I9/(E9+N(F9)),0)) -> 1 | L9: =IF(I9="","",IF(K9>=1.01,"Top Performer",IF(K9>=1,"Achieved",IF(K9>=0.98,"Near Target","Needs Pacing")))) -> Achieved
A10: =Target!A9 -> 6 | C10: =Target!C9 -> Chomuda para | D10: =Target!D9 | E10: =Target!G9 -> 0.03 | F10: =Target!H9 | I10: =IF(AND(G10="",H10=""),"",SUM(G10:H10)) | J10: =IF(I10="","",I10-(E10+N(F10))) | K10: =IF(I10="","",IFERROR(I10/(E10+N(F10)),0)) | L10: =IF(I10="","",IF(K10>=1.01,"Top Performer",IF(K10>=1,"Achieved",IF(K10>=0.98,"Near Target","Needs Pacing"))))
A11: =Target!A10 -> 7 | B11: =Target!B10 -> Tahasin | C11: =Target!C10 -> Harala | D11: =Target!D10 | E11: =Target!G10 -> 0.05 | F11: =Target!H10 | G11: 0.05 | I11: =IF(AND(G11="",H11=""),"",SUM(G11:H11)) -> 0.05 | J11: =IF(I11="","",I11-(E11+N(F11))) -> 0 | K11: =IF(I11="","",IFERROR(I11/(E11+N(F11)),0)) -> 1 | L11: =IF(I11="","",IF(K11>=1.01,"Top Performer",IF(K11>=1,"Achieved",IF(K11>=0.98,"Near Target","Needs Pacing")))) -> Achieved
A12: =Target!A11 -> 8 | C12: =Target!C11 -> Nazir Hat | D12: =Target!D11 | E12: =Target!G11 -> 0.03 | F12: =Target!H11 | I12: =IF(AND(G12="",H12=""),"",SUM(G12:H12)) | J12: =IF(I12="","",I12-(E12+N(F12))) | K12: =IF(I12="","",IFERROR(I12/(E12+N(F12)),0)) | L12: =IF(I12="","",IF(K12>=1.01,"Top Performer",IF(K12>=1,"Achieved",IF(K12>=0.98,"Near Target","Needs Pacing"))))
A13: =Target!A12 -> 9 | B13: =Target!B12 -> Amir | C13: =Target!C12 -> khan Hat | D13: =Target!D12 | E13: =Target!G12 -> 0.08 | F13: =Target!H12 | G13: 0.07 | I13: =IF(AND(G13="",H13=""),"",SUM(G13:H13)) -> 0.07 | J13: =IF(I13="","",I13-(E13+N(F13))) -> -0.01 | K13: =IF(I13="","",IFERROR(I13/(E13+N(F13)),0)) -> 0.875 | L13: =IF(I13="","",IF(K13>=1.01,"Top Performer",IF(K13>=1,"Achieved",IF(K13>=0.98,"Near Target","Needs Pacing")))) -> Needs Pacing
A14: =Target!A13 -> 10 | C14: =Target!C13 -> Saidabad | D14: =Target!D13 | E14: =Target!G13 -> 0.05 | F14: =Target!H13 | I14: =IF(AND(G14="",H14=""),"",SUM(G14:H14)) | J14: =IF(I14="","",I14-(E14+N(F14))) | K14: =IF(I14="","",IFERROR(I14/(E14+N(F14)),0)) | L14: =IF(I14="","",IF(K14>=1.01,"Top Performer",IF(K14>=1,"Achieved",IF(K14>=0.98,"Near Target","Needs Pacing"))))
A15: =Target!A14 -> 11 | B15: =Target!B14 -> Piplu | C15: =Target!C14 -> Hasimpur | D15: =Target!D14 | E15: =Target!G14 -> 0.05 | F15: =Target!H14 | J15: =IF(I15="","",I15-(E15+N(F15))) | K15: =IF(I15="","",IFERROR(I15/(E15+N(F15)),0)) | L15: =IF(I15="","",IF(K15>=1.01,"Top Performer",IF(K15>=1,"Achieved",IF(K15>=0.98,"Near Target","Needs Pacing"))))
A16: =Target!A15 -> 12 | C16: =Target!C15 -> Chandanaish | D16: =Target!D15 | E16: =Target!G15 -> 0.07 | F16: =Target!H15 | G16: 0.17 | J16: =IF(I16="","",I16-(E16+N(F16))) | K16: =IF(I16="","",IFERROR(I16/(E16+N(F16)),0)) | L16: =IF(I16="","",IF(K16>=1.01,"Top Performer",IF(K16>=1,"Achieved",IF(K16>=0.98,"Near Target","Needs Pacing"))))
A17: Territory Total | D17: =IF(COUNT(D5:D16)=0,"",SUM(D5:D16)) | E17: =SUM(E5:E16) -> 0.59 | F17: =IF(COUNT(F5:F16)=0,"",SUM(F5:F16)) | G17: =IF(COUNT(G5:G16)=0,"",SUM(G5:G16)) -> 0.46 | H17: =IF(COUNT(H5:H16)=0,"",SUM(H5:H16)) | I17: =IF(COUNT(I5:I16)=0,"",SUM(I5:I16)) -> 0.29 | J17: =IF(I17="","",I17-(E17+N(F17))) -> -0.3 | K17: =IF(I17="","",IFERROR(I17/(E17+N(F17)),0)) -> 0.49152542 | L17: =IF(I17="","",IF(K17>=1,"Achieved","Shortfall")) -> Shortfall

Sheet 20
A1: Chandanaish Territory - Daily Sales and Target Achievement Sheet
A2: Name of Territory: | B2: Chandanaish | C2: Name of Region: | D2: Chattogram | I2: Date: | K2: 46315
A3: SL NO | B3: Name of SR / CSR | C3: Name of Route | D3: No. of Outlets | E3: Brand Wise Target | G3: Brand Wise Sales | I3: Total Sales | J3: Variance | K3: Achievement % | L3: Remarks
E4: Cigarette | F4: Bidi | G4: Cigarette | H4: Bidi
A5: =Target!A4 -> 1 | B5: =Target!B4 -> Karim | C5: =Target!C4 -> Kesua | D5: =Target!D4 | E5: =Target!G4 -> 0.05 | F5: =Target!H4 | G5: 0.17 | I5: =IF(AND(G5="",H5=""),"",SUM(G5:H5)) -> 0.17 | J5: =IF(I5="","",I5-(E5+N(F5))) -> 0.12 | K5: =IF(I5="","",IFERROR(I5/(E5+N(F5)),0)) -> 3.4 | L5: =IF(I5="","",IF(K5>=1.01,"Top Performer",IF(K5>=1,"Achieved",IF(K5>=0.98,"Near Target","Needs Pacing")))) -> Top Performer
A6: =Target!A5 -> 2 | C6: =Target!C5 -> Moulvi Bazar | D6: =Target!D5 | E6: =Target!G5 -> 0.03 | F6: =Target!H5 | I6: =IF(AND(G6="",H6=""),"",SUM(G6:H6)) | J6: =IF(I6="","",I6-(E6+N(F6))) | K6: =IF(I6="","",IFERROR(I6/(E6+N(F6)),0)) | L6: =IF(I6="","",IF(K6>=1.01,"Top Performer",IF(K6>=1,"Achieved",IF(K6>=0.98,"Near Target","Needs Pacing"))))
A7: =Target!A6 -> 3 | B7: =Target!B6 -> Jabed | C7: =Target!C6 -> Char Barama | D7: =Target!D6 | E7: =Target!G6 -> 0.05 | F7: =Target!H6 | I7: =IF(AND(G7="",H7=""),"",SUM(G7:H7)) | J7: =IF(I7="","",I7-(E7+N(F7))) | K7: =IF(I7="","",IFERROR(I7/(E7+N(F7)),0)) | L7: =IF(I7="","",IF(K7>=1.01,"Top Performer",IF(K7>=1,"Achieved",IF(K7>=0.98,"Near Target","Needs Pacing"))))
A8: =Target!A7 -> 4 | C8: =Target!C7 -> Pukur Par | D8: =Target!D7 | E8: =Target!G7 -> 0.03 | F8: =Target!H7 | G8: 0.14 | I8: =IF(AND(G8="",H8=""),"",SUM(G8:H8)) -> 0.14 | J8: =IF(I8="","",I8-(E8+N(F8))) -> 0.11 | K8: =IF(I8="","",IFERROR(I8/(E8+N(F8)),0)) -> 4.6666667 | L8: =IF(I8="","",IF(K8>=1.01,"Top Performer",IF(K8>=1,"Achieved",IF(K8>=0.98,"Near Target","Needs Pacing")))) -> Top Performer
A9: =Target!A8 -> 5 | B9: =Target!B8 -> Anowar | C9: =Target!C8 -> Dhamair Hat | D9: =Target!D8 | E9: =Target!G8 -> 0.07 | F9: =Target!H8 | I9: =IF(AND(G9="",H9=""),"",SUM(G9:H9)) | J9: =IF(I9="","",I9-(E9+N(F9))) | K9: =IF(I9="","",IFERROR(I9/(E9+N(F9)),0)) | L9: =IF(I9="","",IF(K9>=1.01,"Top Performer",IF(K9>=1,"Achieved",IF(K9>=0.98,"Near Target","Needs Pacing"))))
A10: =Target!A9 -> 6 | C10: =Target!C9 -> Chomuda para | D10: =Target!D9 | E10: =Target!G9 -> 0.03 | F10: =Target!H9 | G10: 0.07 | I10: =IF(AND(G10="",H10=""),"",SUM(G10:H10)) -> 0.07 | J10: =IF(I10="","",I10-(E10+N(F10))) -> 0.04 | K10: =IF(I10="","",IFERROR(I10/(E10+N(F10)),0)) -> 2.3333333 | L10: =IF(I10="","",IF(K10>=1.01,"Top Performer",IF(K10>=1,"Achieved",IF(K10>=0.98,"Near Target","Needs Pacing")))) -> Top Performer
A11: =Target!A10 -> 7 | B11: =Target!B10 -> Tahasin | C11: =Target!C10 -> Harala | D11: =Target!D10 | E11: =Target!G10 -> 0.05 | F11: =Target!H10 | I11: =IF(AND(G11="",H11=""),"",SUM(G11:H11)) | J11: =IF(I11="","",I11-(E11+N(F11))) | K11: =IF(I11="","",IFERROR(I11/(E11+N(F11)),0)) | L11: =IF(I11="","",IF(K11>=1.01,"Top Performer",IF(K11>=1,"Achieved",IF(K11>=0.98,"Near Target","Needs Pacing"))))
A12: =Target!A11 -> 8 | C12: =Target!C11 -> Nazir Hat | D12: =Target!D11 | E12: =Target!G11 -> 0.03 | F12: =Target!H11 | G12: 0.04 | I12: =IF(AND(G12="",H12=""),"",SUM(G12:H12)) -> 0.04 | J12: =IF(I12="","",I12-(E12+N(F12))) -> 0.01 | K12: =IF(I12="","",IFERROR(I12/(E12+N(F12)),0)) -> 1.3333333 | L12: =IF(I12="","",IF(K12>=1.01,"Top Performer",IF(K12>=1,"Achieved",IF(K12>=0.98,"Near Target","Needs Pacing")))) -> Top Performer
A13: =Target!A12 -> 9 | B13: =Target!B12 -> Amir | C13: =Target!C12 -> khan Hat | D13: =Target!D12 | E13: =Target!G12 -> 0.08 | F13: =Target!H12 | I13: =IF(AND(G13="",H13=""),"",SUM(G13:H13)) | J13: =IF(I13="","",I13-(E13+N(F13))) | K13: =IF(I13="","",IFERROR(I13/(E13+N(F13)),0)) | L13: =IF(I13="","",IF(K13>=1.01,"Top Performer",IF(K13>=1,"Achieved",IF(K13>=0.98,"Near Target","Needs Pacing"))))
A14: =Target!A13 -> 10 | C14: =Target!C13 -> Saidabad | D14: =Target!D13 | E14: =Target!G13 -> 0.05 | F14: =Target!H13 | G14: 0.07 | I14: =IF(AND(G14="",H14=""),"",SUM(G14:H14)) -> 0.07 | J14: =IF(I14="","",I14-(E14+N(F14))) -> 0.02 | K14: =IF(I14="","",IFERROR(I14/(E14+N(F14)),0)) -> 1.4 | L14: =IF(I14="","",IF(K14>=1.01,"Top Performer",IF(K14>=1,"Achieved",IF(K14>=0.98,"Near Target","Needs Pacing")))) -> Top Performer
A15: =Target!A14 -> 11 | B15: =Target!B14 -> Piplu | C15: =Target!C14 -> Hasimpur | D15: =Target!D14 | E15: =Target!G14 -> 0.05 | F15: =Target!H14 | G15: 0.08 | I15: =IF(AND(G15="",H15=""),"",SUM(G15:H15)) -> 0.08 | J15: =IF(I15="","",I15-(E15+N(F15))) -> 0.03 | K15: =IF(I15="","",IFERROR(I15/(E15+N(F15)),0)) -> 1.6 | L15: =IF(I15="","",IF(K15>=1.01,"Top Performer",IF(K15>=1,"Achieved",IF(K15>=0.98,"Near Target","Needs Pacing")))) -> Top Performer
A16: =Target!A15 -> 12 | C16: =Target!C15 -> Chandanaish | D16: =Target!D15 | E16: =Target!G15 -> 0.07 | F16: =Target!H15 | I16: =IF(AND(G16="",H16=""),"",SUM(G16:H16)) | J16: =IF(I16="","",I16-(E16+N(F16))) | K16: =IF(I16="","",IFERROR(I16/(E16+N(F16)),0)) | L16: =IF(I16="","",IF(K16>=1.01,"Top Performer",IF(K16>=1,"Achieved",IF(K16>=0.98,"Near Target","Needs Pacing"))))
A17: Territory Total | D17: =IF(COUNT(D5:D16)=0,"",SUM(D5:D16)) | E17: =SUM(E5:E16) -> 0.59 | F17: =IF(COUNT(F5:F16)=0,"",SUM(F5:F16)) | G17: =IF(COUNT(G5:G16)=0,"",SUM(G5:G16)) -> 0.57 | H17: =IF(COUNT(H5:H16)=0,"",SUM(H5:H16)) | I17: =IF(COUNT(I5:I16)=0,"",SUM(I5:I16)) -> 0.57 | J17: =IF(I17="","",I17-(E17+N(F17))) -> -0.02 | K17: =IF(I17="","",IFERROR(I17/(E17+N(F17)),0)) -> 0.96610169 | L17: =IF(I17="","",IF(K17>=1,"Achieved","Shortfall")) -> Shortfall

Sheet 21
A1: Chandanaish Territory - Daily Sales and Target Achievement Sheet
A2: Name of Territory: | B2: Chandanaish | C2: Name of Region: | D2: Chattogram | I2: Date: | K2: 46316
A3: SL NO | B3: Name of SR / CSR | C3: Name of Route | D3: No. of Outlets | E3: Brand Wise Target | G3: Brand Wise Sales | I3: Total Sales | J3: Variance | K3: Achievement % | L3: Remarks
E4: Cigarette | F4: Bidi | G4: Cigarette | H4: Bidi
A5: =Target!A4 -> 1 | B5: =Target!B4 -> Karim | C5: =Target!C4 -> Kesua | D5: =Target!D4 | E5: =Target!G4 -> 0.05 | F5: =Target!H4 | I5: =IF(AND(G5="",H5=""),"",SUM(G5:H5)) | J5: =IF(I5="","",I5-(E5+N(F5))) | K5: =IF(I5="","",IFERROR(I5/(E5+N(F5)),0)) | L5: =IF(I5="","",IF(K5>=1.01,"Top Performer",IF(K5>=1,"Achieved",IF(K5>=0.98,"Near Target","Needs Pacing"))))
A6: =Target!A5 -> 2 | C6: =Target!C5 -> Moulvi Bazar | D6: =Target!D5 | E6: =Target!G5 -> 0.03 | F6: =Target!H5 | G6: 0.06 | I6: =IF(AND(G6="",H6=""),"",SUM(G6:H6)) -> 0.06 | J6: =IF(I6="","",I6-(E6+N(F6))) -> 0.03 | K6: =IF(I6="","",IFERROR(I6/(E6+N(F6)),0)) -> 2 | L6: =IF(I6="","",IF(K6>=1.01,"Top Performer",IF(K6>=1,"Achieved",IF(K6>=0.98,"Near Target","Needs Pacing")))) -> Top Performer
A7: =Target!A6 -> 3 | B7: =Target!B6 -> Jabed | C7: =Target!C6 -> Char Barama | D7: =Target!D6 | E7: =Target!G6 -> 0.05 | F7: =Target!H6 | G7: 0.07 | I7: =IF(AND(G7="",H7=""),"",SUM(G7:H7)) -> 0.07 | J7: =IF(I7="","",I7-(E7+N(F7))) -> 0.02 | K7: =IF(I7="","",IFERROR(I7/(E7+N(F7)),0)) -> 1.4 | L7: =IF(I7="","",IF(K7>=1.01,"Top Performer",IF(K7>=1,"Achieved",IF(K7>=0.98,"Near Target","Needs Pacing")))) -> Top Performer
A8: =Target!A7 -> 4 | C8: =Target!C7 -> Pukur Par | D8: =Target!D7 | E8: =Target!G7 -> 0.03 | F8: =Target!H7 | I8: =IF(AND(G8="",H8=""),"",SUM(G8:H8)) | J8: =IF(I8="","",I8-(E8+N(F8))) | K8: =IF(I8="","",IFERROR(I8/(E8+N(F8)),0)) | L8: =IF(I8="","",IF(K8>=1.01,"Top Performer",IF(K8>=1,"Achieved",IF(K8>=0.98,"Near Target","Needs Pacing"))))
A9: =Target!A8 -> 5 | B9: =Target!B8 -> Anowar | C9: =Target!C8 -> Dhamair Hat | D9: =Target!D8 | E9: =Target!G8 -> 0.07 | F9: =Target!H8 | G9: 0.05 | I9: =IF(AND(G9="",H9=""),"",SUM(G9:H9)) -> 0.05 | J9: =IF(I9="","",I9-(E9+N(F9))) -> -0.02 | K9: =IF(I9="","",IFERROR(I9/(E9+N(F9)),0)) -> 0.71428571 | L9: =IF(I9="","",IF(K9>=1.01,"Top Performer",IF(K9>=1,"Achieved",IF(K9>=0.98,"Near Target","Needs Pacing")))) -> Needs Pacing
A10: =Target!A9 -> 6 | C10: =Target!C9 -> Chomuda para | D10: =Target!D9 | E10: =Target!G9 -> 0.03 | F10: =Target!H9 | I10: =IF(AND(G10="",H10=""),"",SUM(G10:H10)) | J10: =IF(I10="","",I10-(E10+N(F10))) | K10: =IF(I10="","",IFERROR(I10/(E10+N(F10)),0)) | L10: =IF(I10="","",IF(K10>=1.01,"Top Performer",IF(K10>=1,"Achieved",IF(K10>=0.98,"Near Target","Needs Pacing"))))
A11: =Target!A10 -> 7 | B11: =Target!B10 -> Tahasin | C11: =Target!C10 -> Harala | D11: =Target!D10 | E11: =Target!G10 -> 0.05 | F11: =Target!H10 | G11: 0.07 | I11: =IF(AND(G11="",H11=""),"",SUM(G11:H11)) -> 0.07 | J11: =IF(I11="","",I11-(E11+N(F11))) -> 0.02 | K11: =IF(I11="","",IFERROR(I11/(E11+N(F11)),0)) -> 1.4 | L11: =IF(I11="","",IF(K11>=1.01,"Top Performer",IF(K11>=1,"Achieved",IF(K11>=0.98,"Near Target","Needs Pacing")))) -> Top Performer
A12: =Target!A11 -> 8 | C12: =Target!C11 -> Nazir Hat | D12: =Target!D11 | E12: =Target!G11 -> 0.03 | F12: =Target!H11 | I12: =IF(AND(G12="",H12=""),"",SUM(G12:H12)) | J12: =IF(I12="","",I12-(E12+N(F12))) | K12: =IF(I12="","",IFERROR(I12/(E12+N(F12)),0)) | L12: =IF(I12="","",IF(K12>=1.01,"Top Performer",IF(K12>=1,"Achieved",IF(K12>=0.98,"Near Target","Needs Pacing"))))
A13: =Target!A12 -> 9 | B13: =Target!B12 -> Amir | C13: =Target!C12 -> khan Hat | D13: =Target!D12 | E13: =Target!G12 -> 0.08 | F13: =Target!H12 | G13: 0.09 | I13: =IF(AND(G13="",H13=""),"",SUM(G13:H13)) -> 0.09 | J13: =IF(I13="","",I13-(E13+N(F13))) -> 0.01 | K13: =IF(I13="","",IFERROR(I13/(E13+N(F13)),0)) -> 1.125 | L13: =IF(I13="","",IF(K13>=1.01,"Top Performer",IF(K13>=1,"Achieved",IF(K13>=0.98,"Near Target","Needs Pacing")))) -> Top Performer
A14: =Target!A13 -> 10 | C14: =Target!C13 -> Saidabad | D14: =Target!D13 | E14: =Target!G13 -> 0.05 | F14: =Target!H13 | I14: =IF(AND(G14="",H14=""),"",SUM(G14:H14)) | J14: =IF(I14="","",I14-(E14+N(F14))) | K14: =IF(I14="","",IFERROR(I14/(E14+N(F14)),0)) | L14: =IF(I14="","",IF(K14>=1.01,"Top Performer",IF(K14>=1,"Achieved",IF(K14>=0.98,"Near Target","Needs Pacing"))))
A15: =Target!A14 -> 11 | B15: =Target!B14 -> Piplu | C15: =Target!C14 -> Hasimpur | D15: =Target!D14 | E15: =Target!G14 -> 0.05 | F15: =Target!H14 | I15: =IF(AND(G15="",H15=""),"",SUM(G15:H15)) | J15: =IF(I15="","",I15-(E15+N(F15))) | K15: =IF(I15="","",IFERROR(I15/(E15+N(F15)),0)) | L15: =IF(I15="","",IF(K15>=1.01,"Top Performer",IF(K15>=1,"Achieved",IF(K15>=0.98,"Near Target","Needs Pacing"))))
A16: =Target!A15 -> 12 | C16: =Target!C15 -> Chandanaish | D16: =Target!D15 | E16: =Target!G15 -> 0.07 | F16: =Target!H15 | G16: 0.08 | I16: =IF(AND(G16="",H16=""),"",SUM(G16:H16)) -> 0.08 | J16: =IF(I16="","",I16-(E16+N(F16))) -> 0.01 | K16: =IF(I16="","",IFERROR(I16/(E16+N(F16)),0)) -> 1.1428571 | L16: =IF(I16="","",IF(K16>=1.01,"Top Performer",IF(K16>=1,"Achieved",IF(K16>=0.98,"Near Target","Needs Pacing")))) -> Top Performer
A17: Territory Total | D17: =IF(COUNT(D5:D16)=0,"",SUM(D5:D16)) | E17: =SUM(E5:E16) -> 0.59 | F17: =IF(COUNT(F5:F16)=0,"",SUM(F5:F16)) | G17: =IF(COUNT(G5:G16)=0,"",SUM(G5:G16)) -> 0.42 | H17: =IF(COUNT(H5:H16)=0,"",SUM(H5:H16)) | I17: =IF(COUNT(I5:I16)=0,"",SUM(I5:I16)) -> 0.42 | J17: =IF(I17="","",I17-(E17+N(F17))) -> -0.17 | K17: =IF(I17="","",IFERROR(I17/(E17+N(F17)),0)) -> 0.71186441 | L17: =IF(I17="","",IF(K17>=1,"Achieved","Shortfall")) -> Shortfall

Sheet 22
A1: Chandanaish Territory - Daily Sales and Target Achievement Sheet
A2: Name of Territory: | B2: Chandanaish | C2: Name of Region: | D2: Chattogram | I2: Date: | K2: 46317
A3: SL NO | B3: Name of SR / CSR | C3: Name of Route | D3: No. of Outlets | E3: Brand Wise Target | G3: Brand Wise Sales | I3: Total Sales | J3: Variance | K3: Achievement % | L3: Remarks
E4: Cigarette | F4: Bidi | G4: Cigarette | H4: Bidi
A5: =Target!A4 -> 1 | B5: =Target!B4 -> Karim | C5: =Target!C4 -> Kesua | D5: =Target!D4 | E5: =Target!G4 -> 0.05 | F5: =Target!H4 | G5: 0.05 | I5: =IF(AND(G5="",H5=""),"",SUM(G5:H5)) -> 0.05 | J5: =IF(I5="","",I5-(E5+N(F5))) -> 0 | K5: =IF(I5="","",IFERROR(I5/(E5+N(F5)),0)) -> 1 | L5: =IF(I5="","",IF(K5>=1.01,"Top Performer",IF(K5>=1,"Achieved",IF(K5>=0.98,"Near Target","Needs Pacing")))) -> Achieved
A6: =Target!A5 -> 2 | C6: =Target!C5 -> Moulvi Bazar | D6: =Target!D5 | E6: =Target!G5 -> 0.03 | F6: =Target!H5 | I6: =IF(AND(G6="",H6=""),"",SUM(G6:H6)) | J6: =IF(I6="","",I6-(E6+N(F6))) | K6: =IF(I6="","",IFERROR(I6/(E6+N(F6)),0)) | L6: =IF(I6="","",IF(K6>=1.01,"Top Performer",IF(K6>=1,"Achieved",IF(K6>=0.98,"Near Target","Needs Pacing"))))
A7: =Target!A6 -> 3 | B7: =Target!B6 -> Jabed | C7: =Target!C6 -> Char Barama | D7: =Target!D6 | E7: =Target!G6 -> 0.05 | F7: =Target!H6 | I7: =IF(AND(G7="",H7=""),"",SUM(G7:H7)) | J7: =IF(I7="","",I7-(E7+N(F7))) | K7: =IF(I7="","",IFERROR(I7/(E7+N(F7)),0)) | L7: =IF(I7="","",IF(K7>=1.01,"Top Performer",IF(K7>=1,"Achieved",IF(K7>=0.98,"Near Target","Needs Pacing"))))
A8: =Target!A7 -> 4 | C8: =Target!C7 -> Pukur Par | D8: =Target!D7 | E8: =Target!G7 -> 0.03 | F8: =Target!H7 | G8: 0.06 | J8: =IF(I8="","",I8-(E8+N(F8))) | K8: =IF(I8="","",IFERROR(I8/(E8+N(F8)),0)) | L8: =IF(I8="","",IF(K8>=1.01,"Top Performer",IF(K8>=1,"Achieved",IF(K8>=0.98,"Near Target","Needs Pacing"))))
A9: =Target!A8 -> 5 | B9: =Target!B8 -> Anowar | C9: =Target!C8 -> Dhamair Hat | D9: =Target!D8 | E9: =Target!G8 -> 0.07 | F9: =Target!H8 | I9: =IF(AND(G9="",H9=""),"",SUM(G9:H9)) | J9: =IF(I9="","",I9-(E9+N(F9))) | K9: =IF(I9="","",IFERROR(I9/(E9+N(F9)),0)) | L9: =IF(I9="","",IF(K9>=1.01,"Top Performer",IF(K9>=1,"Achieved",IF(K9>=0.98,"Near Target","Needs Pacing"))))
A10: =Target!A9 -> 6 | C10: =Target!C9 -> Chomuda para | D10: =Target!D9 | E10: =Target!G9 -> 0.03 | F10: =Target!H9 | G10: 0.15 | I10: =IF(AND(G10="",H10=""),"",SUM(G10:H10)) -> 0.15 | J10: =IF(I10="","",I10-(E10+N(F10))) -> 0.12 | K10: =IF(I10="","",IFERROR(I10/(E10+N(F10)),0)) -> 5 | L10: =IF(I10="","",IF(K10>=1.01,"Top Performer",IF(K10>=1,"Achieved",IF(K10>=0.98,"Near Target","Needs Pacing")))) -> Top Performer
A11: =Target!A10 -> 7 | B11: =Target!B10 -> Tahasin | C11: =Target!C10 -> Harala | D11: =Target!D10 | E11: =Target!G10 -> 0.05 | F11: =Target!H10 | I11: =IF(AND(G11="",H11=""),"",SUM(G11:H11)) | J11: =IF(I11="","",I11-(E11+N(F11))) | K11: =IF(I11="","",IFERROR(I11/(E11+N(F11)),0)) | L11: =IF(I11="","",IF(K11>=1.01,"Top Performer",IF(K11>=1,"Achieved",IF(K11>=0.98,"Near Target","Needs Pacing"))))
A12: =Target!A11 -> 8 | C12: =Target!C11 -> Nazir Hat | D12: =Target!D11 | E12: =Target!G11 -> 0.03 | F12: =Target!H11 | G12: 0.08 | I12: =IF(AND(G12="",H12=""),"",SUM(G12:H12)) -> 0.08 | J12: =IF(I12="","",I12-(E12+N(F12))) -> 0.05 | K12: =IF(I12="","",IFERROR(I12/(E12+N(F12)),0)) -> 2.6666667 | L12: =IF(I12="","",IF(K12>=1.01,"Top Performer",IF(K12>=1,"Achieved",IF(K12>=0.98,"Near Target","Needs Pacing")))) -> Top Performer
A13: =Target!A12 -> 9 | B13: =Target!B12 -> Amir | C13: =Target!C12 -> khan Hat | D13: =Target!D12 | E13: =Target!G12 -> 0.08 | F13: =Target!H12 | I13: =IF(AND(G13="",H13=""),"",SUM(G13:H13)) | J13: =IF(I13="","",I13-(E13+N(F13))) | K13: =IF(I13="","",IFERROR(I13/(E13+N(F13)),0)) | L13: =IF(I13="","",IF(K13>=1.01,"Top Performer",IF(K13>=1,"Achieved",IF(K13>=0.98,"Near Target","Needs Pacing"))))
A14: =Target!A13 -> 10 | C14: =Target!C13 -> Saidabad | D14: =Target!D13 | E14: =Target!G13 -> 0.05 | F14: =Target!H13 | G14: 0.1 | I14: =IF(AND(G14="",H14=""),"",SUM(G14:H14)) -> 0.1 | J14: =IF(I14="","",I14-(E14+N(F14))) -> 0.05 | K14: =IF(I14="","",IFERROR(I14/(E14+N(F14)),0)) -> 2 | L14: =IF(I14="","",IF(K14>=1.01,"Top Performer",IF(K14>=1,"Achieved",IF(K14>=0.98,"Near Target","Needs Pacing")))) -> Top Performer
A15: =Target!A14 -> 11 | B15: =Target!B14 -> Piplu | C15: =Target!C14 -> Hasimpur | D15: =Target!D14 | E15: =Target!G14 -> 0.05 | F15: =Target!H14 | G15: 0.1 | I15: =IF(AND(G15="",H15=""),"",SUM(G15:H15)) -> 0.1 | J15: =IF(I15="","",I15-(E15+N(F15))) -> 0.05 | K15: =IF(I15="","",IFERROR(I15/(E15+N(F15)),0)) -> 2 | L15: =IF(I15="","",IF(K15>=1.01,"Top Performer",IF(K15>=1,"Achieved",IF(K15>=0.98,"Near Target","Needs Pacing")))) -> Top Performer
A16: =Target!A15 -> 12 | C16: =Target!C15 -> Chandanaish | D16: =Target!D15 | E16: =Target!G15 -> 0.07 | F16: =Target!H15 | I16: =IF(AND(G16="",H16=""),"",SUM(G16:H16)) | J16: =IF(I16="","",I16-(E16+N(F16))) | K16: =IF(I16="","",IFERROR(I16/(E16+N(F16)),0)) | L16: =IF(I16="","",IF(K16>=1.01,"Top Performer",IF(K16>=1,"Achieved",IF(K16>=0.98,"Near Target","Needs Pacing"))))
A17: Territory Total | D17: =IF(COUNT(D5:D16)=0,"",SUM(D5:D16)) | E17: =SUM(E5:E16) -> 0.59 | F17: =IF(COUNT(F5:F16)=0,"",SUM(F5:F16)) | G17: =IF(COUNT(G5:G16)=0,"",SUM(G5:G16)) -> 0.54 | H17: =IF(COUNT(H5:H16)=0,"",SUM(H5:H16)) | I17: =IF(COUNT(I5:I16)=0,"",SUM(I5:I16)) -> 0.48 | J17: =IF(I17="","",I17-(E17+N(F17))) -> -0.11 | K17: =IF(I17="","",IFERROR(I17/(E17+N(F17)),0)) -> 0.81355932 | L17: =IF(I17="","",IF(K17>=1,"Achieved","Shortfall")) -> Shortfall

Sheet 23
A1: Chandanaish Territory - Daily Sales and Target Achievement Sheet
A2: Name of Territory: | B2: Chandanaish | C2: Name of Region: | D2: Chattogram | I2: Date: | K2: 46318
A3: SL NO | B3: Name of SR / CSR | C3: Name of Route | D3: No. of Outlets | E3: Brand Wise Target | G3: Brand Wise Sales | I3: Total Sales | J3: Variance | K3: Achievement % | L3: Remarks
E4: Cigarette | F4: Bidi | G4: Cigarette | H4: Bidi
A5: =Target!A4 -> 1 | B5: =Target!B4 -> Karim | C5: =Target!C4 -> Kesua | D5: =Target!D4 | E5: 0 | F5: 0 | G5: 0 | H5: 0 | I5: 0 | J5: 0 | K5: 0 | L5: Friday Off
A6: =Target!A5 -> 2 | C6: =Target!C5 -> Moulvi Bazar | D6: =Target!D5 | E6: 0 | F6: 0 | G6: 0 | H6: 0 | I6: 0 | J6: 0 | K6: 0 | L6: Friday Off
A7: =Target!A6 -> 3 | B7: =Target!B6 -> Jabed | C7: =Target!C6 -> Char Barama | D7: =Target!D6 | E7: 0 | F7: 0 | G7: 0 | H7: 0 | I7: 0 | J7: 0 | K7: 0 | L7: Friday Off
A8: =Target!A7 -> 4 | C8: =Target!C7 -> Pukur Par | D8: =Target!D7 | E8: 0 | F8: 0 | G8: 0 | H8: 0 | I8: 0 | J8: 0 | K8: 0 | L8: Friday Off
A9: =Target!A8 -> 5 | B9: =Target!B8 -> Anowar | C9: =Target!C8 -> Dhamair Hat | D9: =Target!D8 | E9: 0 | F9: 0 | G9: 0 | H9: 0 | I9: 0 | J9: 0 | K9: 0 | L9: Friday Off
A10: =Target!A9 -> 6 | C10: =Target!C9 -> Chomuda para | D10: =Target!D9 | E10: 0 | F10: 0 | G10: 0 | H10: 0 | I10: 0 | J10: 0 | K10: 0 | L10: Friday Off
A11: =Target!A10 -> 7 | B11: =Target!B10 -> Tahasin | C11: =Target!C10 -> Harala | D11: =Target!D10 | E11: 0 | F11: 0 | G11: 0 | H11: 0 | I11: 0 | J11: 0 | K11: 0 | L11: Friday Off
A12: =Target!A11 -> 8 | C12: =Target!C11 -> Nazir Hat | D12: =Target!D11 | E12: 0 | F12: 0 | G12: 0 | H12: 0 | I12: 0 | J12: 0 | K12: 0 | L12: Friday Off
A13: =Target!A12 -> 9 | B13: =Target!B12 -> Amir | C13: =Target!C12 -> khan Hat | D13: =Target!D12 | E13: 0 | F13: 0 | G13: 0 | H13: 0 | I13: 0 | J13: 0 | K13: 0 | L13: Friday Off
A14: =Target!A13 -> 10 | C14: =Target!C13 -> Saidabad | D14: =Target!D13 | E14: 0 | F14: 0 | G14: 0 | H14: 0 | I14: 0 | J14: 0 | K14: 0 | L14: Friday Off
A15: =Target!A14 -> 11 | B15: =Target!B14 -> Piplu | C15: =Target!C14 -> Hasimpur | D15: =Target!D14 | E15: 0 | F15: 0 | G15: 0 | H15: 0 | I15: 0 | J15: 0 | K15: 0 | L15: Friday Off
A16: =Target!A15 -> 12 | C16: =Target!C15 -> Chandanaish | D16: =Target!D15 | E16: 0 | F16: 0 | G16: 0 | H16: 0 | I16: 0 | J16: 0 | K16: 0 | L16: Friday Off
A17: Territory Total | D17: 0 | E17: 0 | F17: 0 | G17: 0 | H17: 0 | I17: 0 | J17: 0 | K17: 0 | L17: Friday Off

Sheet 24
A1: Chandanaish Territory - Daily Sales and Target Achievement Sheet
A2: Name of Territory: | B2: Chandanaish | C2: Name of Region: | D2: Chattogram | I2: Date: | K2: 46319
A3: SL NO | B3: Name of SR / CSR | C3: Name of Route | D3: No. of Outlets | E3: Brand Wise Target | G3: Brand Wise Sales | I3: Total Sales | J3: Variance | K3: Achievement % | L3: Remarks
E4: Cigarette | F4: Bidi | G4: Cigarette | H4: Bidi
A5: =Target!A4 -> 1 | B5: =Target!B4 -> Karim | C5: =Target!C4 -> Kesua | D5: =Target!D4 | E5: =Target!G4 -> 0.05 | F5: =Target!H4 | I5: =IF(AND(G5="",H5=""),"",SUM(G5:H5)) | J5: =IF(I5="","",I5-(E5+N(F5))) | K5: =IF(I5="","",IFERROR(I5/(E5+N(F5)),0)) | L5: =IF(I5="","",IF(K5>=1.01,"Top Performer",IF(K5>=1,"Achieved",IF(K5>=0.98,"Near Target","Needs Pacing"))))
A6: =Target!A5 -> 2 | C6: =Target!C5 -> Moulvi Bazar | D6: =Target!D5 | E6: =Target!G5 -> 0.03 | F6: =Target!H5 | I6: =IF(AND(G6="",H6=""),"",SUM(G6:H6)) | J6: =IF(I6="","",I6-(E6+N(F6))) | K6: =IF(I6="","",IFERROR(I6/(E6+N(F6)),0)) | L6: =IF(I6="","",IF(K6>=1.01,"Top Performer",IF(K6>=1,"Achieved",IF(K6>=0.98,"Near Target","Needs Pacing"))))
A7: =Target!A6 -> 3 | B7: =Target!B6 -> Jabed | C7: =Target!C6 -> Char Barama | D7: =Target!D6 | E7: =Target!G6 -> 0.05 | F7: =Target!H6 | I7: =IF(AND(G7="",H7=""),"",SUM(G7:H7)) | J7: =IF(I7="","",I7-(E7+N(F7))) | K7: =IF(I7="","",IFERROR(I7/(E7+N(F7)),0)) | L7: =IF(I7="","",IF(K7>=1.01,"Top Performer",IF(K7>=1,"Achieved",IF(K7>=0.98,"Near Target","Needs Pacing"))))
A8: =Target!A7 -> 4 | C8: =Target!C7 -> Pukur Par | D8: =Target!D7 | E8: =Target!G7 -> 0.03 | F8: =Target!H7 | I8: =IF(AND(G8="",H8=""),"",SUM(G8:H8)) | J8: =IF(I8="","",I8-(E8+N(F8))) | K8: =IF(I8="","",IFERROR(I8/(E8+N(F8)),0)) | L8: =IF(I8="","",IF(K8>=1.01,"Top Performer",IF(K8>=1,"Achieved",IF(K8>=0.98,"Near Target","Needs Pacing"))))
A9: =Target!A8 -> 5 | B9: =Target!B8 -> Anowar | C9: =Target!C8 -> Dhamair Hat | D9: =Target!D8 | E9: =Target!G8 -> 0.07 | F9: =Target!H8 | I9: =IF(AND(G9="",H9=""),"",SUM(G9:H9)) | J9: =IF(I9="","",I9-(E9+N(F9))) | K9: =IF(I9="","",IFERROR(I9/(E9+N(F9)),0)) | L9: =IF(I9="","",IF(K9>=1.01,"Top Performer",IF(K9>=1,"Achieved",IF(K9>=0.98,"Near Target","Needs Pacing"))))
A10: =Target!A9 -> 6 | C10: =Target!C9 -> Chomuda para | D10: =Target!D9 | E10: =Target!G9 -> 0.03 | F10: =Target!H9 | I10: =IF(AND(G10="",H10=""),"",SUM(G10:H10)) | J10: =IF(I10="","",I10-(E10+N(F10))) | K10: =IF(I10="","",IFERROR(I10/(E10+N(F10)),0)) | L10: =IF(I10="","",IF(K10>=1.01,"Top Performer",IF(K10>=1,"Achieved",IF(K10>=0.98,"Near Target","Needs Pacing"))))
A11: =Target!A10 -> 7 | B11: =Target!B10 -> Tahasin | C11: =Target!C10 -> Harala | D11: =Target!D10 | E11: =Target!G10 -> 0.05 | F11: =Target!H10 | I11: =IF(AND(G11="",H11=""),"",SUM(G11:H11)) | J11: =IF(I11="","",I11-(E11+N(F11))) | K11: =IF(I11="","",IFERROR(I11/(E11+N(F11)),0)) | L11: =IF(I11="","",IF(K11>=1.01,"Top Performer",IF(K11>=1,"Achieved",IF(K11>=0.98,"Near Target","Needs Pacing"))))
A12: =Target!A11 -> 8 | C12: =Target!C11 -> Nazir Hat | D12: =Target!D11 | E12: =Target!G11 -> 0.03 | F12: =Target!H11 | I12: =IF(AND(G12="",H12=""),"",SUM(G12:H12)) | J12: =IF(I12="","",I12-(E12+N(F12))) | K12: =IF(I12="","",IFERROR(I12/(E12+N(F12)),0)) | L12: =IF(I12="","",IF(K12>=1.01,"Top Performer",IF(K12>=1,"Achieved",IF(K12>=0.98,"Near Target","Needs Pacing"))))
A13: =Target!A12 -> 9 | B13: =Target!B12 -> Amir | C13: =Target!C12 -> khan Hat | D13: =Target!D12 | E13: =Target!G12 -> 0.08 | F13: =Target!H12 | I13: =IF(AND(G13="",H13=""),"",SUM(G13:H13)) | J13: =IF(I13="","",I13-(E13+N(F13))) | K13: =IF(I13="","",IFERROR(I13/(E13+N(F13)),0)) | L13: =IF(I13="","",IF(K13>=1.01,"Top Performer",IF(K13>=1,"Achieved",IF(K13>=0.98,"Near Target","Needs Pacing"))))
A14: =Target!A13 -> 10 | C14: =Target!C13 -> Saidabad | D14: =Target!D13 | E14: =Target!G13 -> 0.05 | F14: =Target!H13 | I14: =IF(AND(G14="",H14=""),"",SUM(G14:H14)) | J14: =IF(I14="","",I14-(E14+N(F14))) | K14: =IF(I14="","",IFERROR(I14/(E14+N(F14)),0)) | L14: =IF(I14="","",IF(K14>=1.01,"Top Performer",IF(K14>=1,"Achieved",IF(K14>=0.98,"Near Target","Needs Pacing"))))
A15: =Target!A14 -> 11 | B15: =Target!B14 -> Piplu | C15: =Target!C14 -> Hasimpur | D15: =Target!D14 | E15: =Target!G14 -> 0.05 | F15: =Target!H14 | I15: =IF(AND(G15="",H15=""),"",SUM(G15:H15)) | J15: =IF(I15="","",I15-(E15+N(F15))) | K15: =IF(I15="","",IFERROR(I15/(E15+N(F15)),0)) | L15: =IF(I15="","",IF(K15>=1.01,"Top Performer",IF(K15>=1,"Achieved",IF(K15>=0.98,"Near Target","Needs Pacing"))))
A16: =Target!A15 -> 12 | C16: =Target!C15 -> Chandanaish | D16: =Target!D15 | E16: =Target!G15 -> 0.07 | F16: =Target!H15 | I16: =IF(AND(G16="",H16=""),"",SUM(G16:H16)) | J16: =IF(I16="","",I16-(E16+N(F16))) | K16: =IF(I16="","",IFERROR(I16/(E16+N(F16)),0)) | L16: =IF(I16="","",IF(K16>=1.01,"Top Performer",IF(K16>=1,"Achieved",IF(K16>=0.98,"Near Target","Needs Pacing"))))
A17: Territory Total | D17: =IF(COUNT(D5:D16)=0,"",SUM(D5:D16)) | E17: =SUM(E5:E16) -> 0.59 | F17: =IF(COUNT(F5:F16)=0,"",SUM(F5:F16)) | G17: =IF(COUNT(G5:G16)=0,"",SUM(G5:G16)) | H17: =IF(COUNT(H5:H16)=0,"",SUM(H5:H16)) | I17: =IF(COUNT(I5:I16)=0,"",SUM(I5:I16)) | J17: =IF(I17="","",I17-(E17+N(F17))) | K17: =IF(I17="","",IFERROR(I17/(E17+N(F17)),0)) | L17: =IF(I17="","",IF(K17>=1,"Achieved","Shortfall"))

Sheet 25
A1: Chandanaish Territory - Daily Sales and Target Achievement Sheet
A2: Name of Territory: | B2: Chandanaish | C2: Name of Region: | D2: Chattogram | I2: Date: | K2: 46320
A3: SL NO | B3: Name of SR / CSR | C3: Name of Route | D3: No. of Outlets | E3: Brand Wise Target | G3: Brand Wise Sales | I3: Total Sales | J3: Variance | K3: Achievement % | L3: Remarks
E4: Cigarette | F4: Bidi | G4: Cigarette | H4: Bidi
A5: =Target!A4 -> 1 | B5: =Target!B4 -> Karim | C5: =Target!C4 -> Kesua | D5: =Target!D4 | E5: =Target!G4 -> 0.05 | F5: =Target!H4 | I5: =IF(AND(G5="",H5=""),"",SUM(G5:H5)) | J5: =IF(I5="","",I5-(E5+N(F5))) | K5: =IF(I5="","",IFERROR(I5/(E5+N(F5)),0)) | L5: =IF(I5="","",IF(K5>=1.01,"Top Performer",IF(K5>=1,"Achieved",IF(K5>=0.98,"Near Target","Needs Pacing"))))
A6: =Target!A5 -> 2 | C6: =Target!C5 -> Moulvi Bazar | D6: =Target!D5 | E6: =Target!G5 -> 0.03 | F6: =Target!H5 | I6: =IF(AND(G6="",H6=""),"",SUM(G6:H6)) | J6: =IF(I6="","",I6-(E6+N(F6))) | K6: =IF(I6="","",IFERROR(I6/(E6+N(F6)),0)) | L6: =IF(I6="","",IF(K6>=1.01,"Top Performer",IF(K6>=1,"Achieved",IF(K6>=0.98,"Near Target","Needs Pacing"))))
A7: =Target!A6 -> 3 | B7: =Target!B6 -> Jabed | C7: =Target!C6 -> Char Barama | D7: =Target!D6 | E7: =Target!G6 -> 0.05 | F7: =Target!H6 | I7: =IF(AND(G7="",H7=""),"",SUM(G7:H7)) | J7: =IF(I7="","",I7-(E7+N(F7))) | K7: =IF(I7="","",IFERROR(I7/(E7+N(F7)),0)) | L7: =IF(I7="","",IF(K7>=1.01,"Top Performer",IF(K7>=1,"Achieved",IF(K7>=0.98,"Near Target","Needs Pacing"))))
A8: =Target!A7 -> 4 | C8: =Target!C7 -> Pukur Par | D8: =Target!D7 | E8: =Target!G7 -> 0.03 | F8: =Target!H7 | I8: =IF(AND(G8="",H8=""),"",SUM(G8:H8)) | J8: =IF(I8="","",I8-(E8+N(F8))) | K8: =IF(I8="","",IFERROR(I8/(E8+N(F8)),0)) | L8: =IF(I8="","",IF(K8>=1.01,"Top Performer",IF(K8>=1,"Achieved",IF(K8>=0.98,"Near Target","Needs Pacing"))))
A9: =Target!A8 -> 5 | B9: =Target!B8 -> Anowar | C9: =Target!C8 -> Dhamair Hat | D9: =Target!D8 | E9: =Target!G8 -> 0.07 | F9: =Target!H8 | I9: =IF(AND(G9="",H9=""),"",SUM(G9:H9)) | J9: =IF(I9="","",I9-(E9+N(F9))) | K9: =IF(I9="","",IFERROR(I9/(E9+N(F9)),0)) | L9: =IF(I9="","",IF(K9>=1.01,"Top Performer",IF(K9>=1,"Achieved",IF(K9>=0.98,"Near Target","Needs Pacing"))))
A10: =Target!A9 -> 6 | C10: =Target!C9 -> Chomuda para | D10: =Target!D9 | E10: =Target!G9 -> 0.03 | F10: =Target!H9 | I10: =IF(AND(G10="",H10=""),"",SUM(G10:H10)) | J10: =IF(I10="","",I10-(E10+N(F10))) | K10: =IF(I10="","",IFERROR(I10/(E10+N(F10)),0)) | L10: =IF(I10="","",IF(K10>=1.01,"Top Performer",IF(K10>=1,"Achieved",IF(K10>=0.98,"Near Target","Needs Pacing"))))
A11: =Target!A10 -> 7 | B11: =Target!B10 -> Tahasin | C11: =Target!C10 -> Harala | D11: =Target!D10 | E11: =Target!G10 -> 0.05 | F11: =Target!H10 | I11: =IF(AND(G11="",H11=""),"",SUM(G11:H11)) | J11: =IF(I11="","",I11-(E11+N(F11))) | K11: =IF(I11="","",IFERROR(I11/(E11+N(F11)),0)) | L11: =IF(I11="","",IF(K11>=1.01,"Top Performer",IF(K11>=1,"Achieved",IF(K11>=0.98,"Near Target","Needs Pacing"))))
A12: =Target!A11 -> 8 | C12: =Target!C11 -> Nazir Hat | D12: =Target!D11 | E12: =Target!G11 -> 0.03 | F12: =Target!H11 | I12: =IF(AND(G12="",H12=""),"",SUM(G12:H12)) | J12: =IF(I12="","",I12-(E12+N(F12))) | K12: =IF(I12="","",IFERROR(I12/(E12+N(F12)),0)) | L12: =IF(I12="","",IF(K12>=1.01,"Top Performer",IF(K12>=1,"Achieved",IF(K12>=0.98,"Near Target","Needs Pacing"))))
A13: =Target!A12 -> 9 | B13: =Target!B12 -> Amir | C13: =Target!C12 -> khan Hat | D13: =Target!D12 | E13: =Target!G12 -> 0.08 | F13: =Target!H12 | I13: =IF(AND(G13="",H13=""),"",SUM(G13:H13)) | J13: =IF(I13="","",I13-(E13+N(F13))) | K13: =IF(I13="","",IFERROR(I13/(E13+N(F13)),0)) | L13: =IF(I13="","",IF(K13>=1.01,"Top Performer",IF(K13>=1,"Achieved",IF(K13>=0.98,"Near Target","Needs Pacing"))))
A14: =Target!A13 -> 10 | C14: =Target!C13 -> Saidabad | D14: =Target!D13 | E14: =Target!G13 -> 0.05 | F14: =Target!H13 | I14: =IF(AND(G14="",H14=""),"",SUM(G14:H14)) | J14: =IF(I14="","",I14-(E14+N(F14))) | K14: =IF(I14="","",IFERROR(I14/(E14+N(F14)),0)) | L14: =IF(I14="","",IF(K14>=1.01,"Top Performer",IF(K14>=1,"Achieved",IF(K14>=0.98,"Near Target","Needs Pacing"))))
A15: =Target!A14 -> 11 | B15: =Target!B14 -> Piplu | C15: =Target!C14 -> Hasimpur | D15: =Target!D14 | E15: =Target!G14 -> 0.05 | F15: =Target!H14 | I15: =IF(AND(G15="",H15=""),"",SUM(G15:H15)) | J15: =IF(I15="","",I15-(E15+N(F15))) | K15: =IF(I15="","",IFERROR(I15/(E15+N(F15)),0)) | L15: =IF(I15="","",IF(K15>=1.01,"Top Performer",IF(K15>=1,"Achieved",IF(K15>=0.98,"Near Target","Needs Pacing"))))
A16: =Target!A15 -> 12 | C16: =Target!C15 -> Chandanaish | D16: =Target!D15 | E16: =Target!G15 -> 0.07 | F16: =Target!H15 | I16: =IF(AND(G16="",H16=""),"",SUM(G16:H16)) | J16: =IF(I16="","",I16-(E16+N(F16))) | K16: =IF(I16="","",IFERROR(I16/(E16+N(F16)),0)) | L16: =IF(I16="","",IF(K16>=1.01,"Top Performer",IF(K16>=1,"Achieved",IF(K16>=0.98,"Near Target","Needs Pacing"))))
A17: Territory Total | D17: =IF(COUNT(D5:D16)=0,"",SUM(D5:D16)) | E17: =SUM(E5:E16) -> 0.59 | F17: =IF(COUNT(F5:F16)=0,"",SUM(F5:F16)) | G17: =IF(COUNT(G5:G16)=0,"",SUM(G5:G16)) | H17: =IF(COUNT(H5:H16)=0,"",SUM(H5:H16)) | I17: =IF(COUNT(I5:I16)=0,"",SUM(I5:I16)) | J17: =IF(I17="","",I17-(E17+N(F17))) | K17: =IF(I17="","",IFERROR(I17/(E17+N(F17)),0)) | L17: =IF(I17="","",IF(K17>=1,"Achieved","Shortfall"))

Sheet 26
A1: Chandanaish Territory - Daily Sales and Target Achievement Sheet
A2: Name of Territory: | B2: Chandanaish | C2: Name of Region: | D2: Chattogram | I2: Date: | K2: 46321
A3: SL NO | B3: Name of SR / CSR | C3: Name of Route | D3: No. of Outlets | E3: Brand Wise Target | G3: Brand Wise Sales | I3: Total Sales | J3: Variance | K3: Achievement % | L3: Remarks
E4: Cigarette | F4: Bidi | G4: Cigarette | H4: Bidi
A5: =Target!A4 -> 1 | B5: =Target!B4 -> Karim | C5: =Target!C4 -> Kesua | D5: =Target!D4 | E5: =Target!G4 -> 0.05 | F5: =Target!H4 | I5: =IF(AND(G5="",H5=""),"",SUM(G5:H5)) | J5: =IF(I5="","",I5-(E5+N(F5))) | K5: =IF(I5="","",IFERROR(I5/(E5+N(F5)),0)) | L5: =IF(I5="","",IF(K5>=1.01,"Top Performer",IF(K5>=1,"Achieved",IF(K5>=0.98,"Near Target","Needs Pacing"))))
A6: =Target!A5 -> 2 | C6: =Target!C5 -> Moulvi Bazar | D6: =Target!D5 | E6: =Target!G5 -> 0.03 | F6: =Target!H5 | I6: =IF(AND(G6="",H6=""),"",SUM(G6:H6)) | J6: =IF(I6="","",I6-(E6+N(F6))) | K6: =IF(I6="","",IFERROR(I6/(E6+N(F6)),0)) | L6: =IF(I6="","",IF(K6>=1.01,"Top Performer",IF(K6>=1,"Achieved",IF(K6>=0.98,"Near Target","Needs Pacing"))))
A7: =Target!A6 -> 3 | B7: =Target!B6 -> Jabed | C7: =Target!C6 -> Char Barama | D7: =Target!D6 | E7: =Target!G6 -> 0.05 | F7: =Target!H6 | I7: =IF(AND(G7="",H7=""),"",SUM(G7:H7)) | J7: =IF(I7="","",I7-(E7+N(F7))) | K7: =IF(I7="","",IFERROR(I7/(E7+N(F7)),0)) | L7: =IF(I7="","",IF(K7>=1.01,"Top Performer",IF(K7>=1,"Achieved",IF(K7>=0.98,"Near Target","Needs Pacing"))))
A8: =Target!A7 -> 4 | C8: =Target!C7 -> Pukur Par | D8: =Target!D7 | E8: =Target!G7 -> 0.03 | F8: =Target!H7 | I8: =IF(AND(G8="",H8=""),"",SUM(G8:H8)) | J8: =IF(I8="","",I8-(E8+N(F8))) | K8: =IF(I8="","",IFERROR(I8/(E8+N(F8)),0)) | L8: =IF(I8="","",IF(K8>=1.01,"Top Performer",IF(K8>=1,"Achieved",IF(K8>=0.98,"Near Target","Needs Pacing"))))
A9: =Target!A8 -> 5 | B9: =Target!B8 -> Anowar | C9: =Target!C8 -> Dhamair Hat | D9: =Target!D8 | E9: =Target!G8 -> 0.07 | F9: =Target!H8 | I9: =IF(AND(G9="",H9=""),"",SUM(G9:H9)) | J9: =IF(I9="","",I9-(E9+N(F9))) | K9: =IF(I9="","",IFERROR(I9/(E9+N(F9)),0)) | L9: =IF(I9="","",IF(K9>=1.01,"Top Performer",IF(K9>=1,"Achieved",IF(K9>=0.98,"Near Target","Needs Pacing"))))
A10: =Target!A9 -> 6 | C10: =Target!C9 -> Chomuda para | D10: =Target!D9 | E10: =Target!G9 -> 0.03 | F10: =Target!H9 | I10: =IF(AND(G10="",H10=""),"",SUM(G10:H10)) | J10: =IF(I10="","",I10-(E10+N(F10))) | K10: =IF(I10="","",IFERROR(I10/(E10+N(F10)),0)) | L10: =IF(I10="","",IF(K10>=1.01,"Top Performer",IF(K10>=1,"Achieved",IF(K10>=0.98,"Near Target","Needs Pacing"))))
A11: =Target!A10 -> 7 | B11: =Target!B10 -> Tahasin | C11: =Target!C10 -> Harala | D11: =Target!D10 | E11: =Target!G10 -> 0.05 | F11: =Target!H10 | I11: =IF(AND(G11="",H11=""),"",SUM(G11:H11)) | J11: =IF(I11="","",I11-(E11+N(F11))) | K11: =IF(I11="","",IFERROR(I11/(E11+N(F11)),0)) | L11: =IF(I11="","",IF(K11>=1.01,"Top Performer",IF(K11>=1,"Achieved",IF(K11>=0.98,"Near Target","Needs Pacing"))))
A12: =Target!A11 -> 8 | C12: =Target!C11 -> Nazir Hat | D12: =Target!D11 | E12: =Target!G11 -> 0.03 | F12: =Target!H11 | I12: =IF(AND(G12="",H12=""),"",SUM(G12:H12)) | J12: =IF(I12="","",I12-(E12+N(F12))) | K12: =IF(I12="","",IFERROR(I12/(E12+N(F12)),0)) | L12: =IF(I12="","",IF(K12>=1.01,"Top Performer",IF(K12>=1,"Achieved",IF(K12>=0.98,"Near Target","Needs Pacing"))))
A13: =Target!A12 -> 9 | B13: =Target!B12 -> Amir | C13: =Target!C12 -> khan Hat | D13: =Target!D12 | E13: =Target!G12 -> 0.08 | F13: =Target!H12 | I13: =IF(AND(G13="",H13=""),"",SUM(G13:H13)) | J13: =IF(I13="","",I13-(E13+N(F13))) | K13: =IF(I13="","",IFERROR(I13/(E13+N(F13)),0)) | L13: =IF(I13="","",IF(K13>=1.01,"Top Performer",IF(K13>=1,"Achieved",IF(K13>=0.98,"Near Target","Needs Pacing"))))
A14: =Target!A13 -> 10 | C14: =Target!C13 -> Saidabad | D14: =Target!D13 | E14: =Target!G13 -> 0.05 | F14: =Target!H13 | I14: =IF(AND(G14="",H14=""),"",SUM(G14:H14)) | J14: =IF(I14="","",I14-(E14+N(F14))) | K14: =IF(I14="","",IFERROR(I14/(E14+N(F14)),0)) | L14: =IF(I14="","",IF(K14>=1.01,"Top Performer",IF(K14>=1,"Achieved",IF(K14>=0.98,"Near Target","Needs Pacing"))))
A15: =Target!A14 -> 11 | B15: =Target!B14 -> Piplu | C15: =Target!C14 -> Hasimpur | D15: =Target!D14 | E15: =Target!G14 -> 0.05 | F15: =Target!H14 | I15: =IF(AND(G15="",H15=""),"",SUM(G15:H15)) | J15: =IF(I15="","",I15-(E15+N(F15))) | K15: =IF(I15="","",IFERROR(I15/(E15+N(F15)),0)) | L15: =IF(I15="","",IF(K15>=1.01,"Top Performer",IF(K15>=1,"Achieved",IF(K15>=0.98,"Near Target","Needs Pacing"))))
A16: =Target!A15 -> 12 | C16: =Target!C15 -> Chandanaish | D16: =Target!D15 | E16: =Target!G15 -> 0.07 | F16: =Target!H15 | I16: =IF(AND(G16="",H16=""),"",SUM(G16:H16)) | J16: =IF(I16="","",I16-(E16+N(F16))) | K16: =IF(I16="","",IFERROR(I16/(E16+N(F16)),0)) | L16: =IF(I16="","",IF(K16>=1.01,"Top Performer",IF(K16>=1,"Achieved",IF(K16>=0.98,"Near Target","Needs Pacing"))))
A17: Territory Total | D17: =IF(COUNT(D5:D16)=0,"",SUM(D5:D16)) | E17: =SUM(E5:E16) -> 0.59 | F17: =IF(COUNT(F5:F16)=0,"",SUM(F5:F16)) | G17: =IF(COUNT(G5:G16)=0,"",SUM(G5:G16)) | H17: =IF(COUNT(H5:H16)=0,"",SUM(H5:H16)) | I17: =IF(COUNT(I5:I16)=0,"",SUM(I5:I16)) | J17: =IF(I17="","",I17-(E17+N(F17))) | K17: =IF(I17="","",IFERROR(I17/(E17+N(F17)),0)) | L17: =IF(I17="","",IF(K17>=1,"Achieved","Shortfall"))

Sheet 27
A1: Chandanaish Territory - Daily Sales and Target Achievement Sheet
A2: Name of Territory: | B2: Chandanaish | C2: Name of Region: | D2: Chattogram | I2: Date: | K2: 46322
A3: SL NO | B3: Name of SR / CSR | C3: Name of Route | D3: No. of Outlets | E3: Brand Wise Target | G3: Brand Wise Sales | I3: Total Sales | J3: Variance | K3: Achievement % | L3: Remarks
E4: Cigarette | F4: Bidi | G4: Cigarette | H4: Bidi
A5: =Target!A4 -> 1 | B5: =Target!B4 -> Karim | C5: =Target!C4 -> Kesua | D5: =Target!D4 | E5: =Target!G4 -> 0.05 | F5: =Target!H4 | I5: =IF(AND(G5="",H5=""),"",SUM(G5:H5)) | J5: =IF(I5="","",I5-(E5+N(F5))) | K5: =IF(I5="","",IFERROR(I5/(E5+N(F5)),0)) | L5: =IF(I5="","",IF(K5>=1.01,"Top Performer",IF(K5>=1,"Achieved",IF(K5>=0.98,"Near Target","Needs Pacing"))))
A6: =Target!A5 -> 2 | C6: =Target!C5 -> Moulvi Bazar | D6: =Target!D5 | E6: =Target!G5 -> 0.03 | F6: =Target!H5 | I6: =IF(AND(G6="",H6=""),"",SUM(G6:H6)) | J6: =IF(I6="","",I6-(E6+N(F6))) | K6: =IF(I6="","",IFERROR(I6/(E6+N(F6)),0)) | L6: =IF(I6="","",IF(K6>=1.01,"Top Performer",IF(K6>=1,"Achieved",IF(K6>=0.98,"Near Target","Needs Pacing"))))
A7: =Target!A6 -> 3 | B7: =Target!B6 -> Jabed | C7: =Target!C6 -> Char Barama | D7: =Target!D6 | E7: =Target!G6 -> 0.05 | F7: =Target!H6 | I7: =IF(AND(G7="",H7=""),"",SUM(G7:H7)) | J7: =IF(I7="","",I7-(E7+N(F7))) | K7: =IF(I7="","",IFERROR(I7/(E7+N(F7)),0)) | L7: =IF(I7="","",IF(K7>=1.01,"Top Performer",IF(K7>=1,"Achieved",IF(K7>=0.98,"Near Target","Needs Pacing"))))
A8: =Target!A7 -> 4 | C8: =Target!C7 -> Pukur Par | D8: =Target!D7 | E8: =Target!G7 -> 0.03 | F8: =Target!H7 | I8: =IF(AND(G8="",H8=""),"",SUM(G8:H8)) | J8: =IF(I8="","",I8-(E8+N(F8))) | K8: =IF(I8="","",IFERROR(I8/(E8+N(F8)),0)) | L8: =IF(I8="","",IF(K8>=1.01,"Top Performer",IF(K8>=1,"Achieved",IF(K8>=0.98,"Near Target","Needs Pacing"))))
A9: =Target!A8 -> 5 | B9: =Target!B8 -> Anowar | C9: =Target!C8 -> Dhamair Hat | D9: =Target!D8 | E9: =Target!G8 -> 0.07 | F9: =Target!H8 | I9: =IF(AND(G9="",H9=""),"",SUM(G9:H9)) | J9: =IF(I9="","",I9-(E9+N(F9))) | K9: =IF(I9="","",IFERROR(I9/(E9+N(F9)),0)) | L9: =IF(I9="","",IF(K9>=1.01,"Top Performer",IF(K9>=1,"Achieved",IF(K9>=0.98,"Near Target","Needs Pacing"))))
A10: =Target!A9 -> 6 | C10: =Target!C9 -> Chomuda para | D10: =Target!D9 | E10: =Target!G9 -> 0.03 | F10: =Target!H9 | I10: =IF(AND(G10="",H10=""),"",SUM(G10:H10)) | J10: =IF(I10="","",I10-(E10+N(F10))) | K10: =IF(I10="","",IFERROR(I10/(E10+N(F10)),0)) | L10: =IF(I10="","",IF(K10>=1.01,"Top Performer",IF(K10>=1,"Achieved",IF(K10>=0.98,"Near Target","Needs Pacing"))))
A11: =Target!A10 -> 7 | B11: =Target!B10 -> Tahasin | C11: =Target!C10 -> Harala | D11: =Target!D10 | E11: =Target!G10 -> 0.05 | F11: =Target!H10 | I11: =IF(AND(G11="",H11=""),"",SUM(G11:H11)) | J11: =IF(I11="","",I11-(E11+N(F11))) | K11: =IF(I11="","",IFERROR(I11/(E11+N(F11)),0)) | L11: =IF(I11="","",IF(K11>=1.01,"Top Performer",IF(K11>=1,"Achieved",IF(K11>=0.98,"Near Target","Needs Pacing"))))
A12: =Target!A11 -> 8 | C12: =Target!C11 -> Nazir Hat | D12: =Target!D11 | E12: =Target!G11 -> 0.03 | F12: =Target!H11 | I12: =IF(AND(G12="",H12=""),"",SUM(G12:H12)) | J12: =IF(I12="","",I12-(E12+N(F12))) | K12: =IF(I12="","",IFERROR(I12/(E12+N(F12)),0)) | L12: =IF(I12="","",IF(K12>=1.01,"Top Performer",IF(K12>=1,"Achieved",IF(K12>=0.98,"Near Target","Needs Pacing"))))
A13: =Target!A12 -> 9 | B13: =Target!B12 -> Amir | C13: =Target!C12 -> khan Hat | D13: =Target!D12 | E13: =Target!G12 -> 0.08 | F13: =Target!H12 | I13: =IF(AND(G13="",H13=""),"",SUM(G13:H13)) | J13: =IF(I13="","",I13-(E13+N(F13))) | K13: =IF(I13="","",IFERROR(I13/(E13+N(F13)),0)) | L13: =IF(I13="","",IF(K13>=1.01,"Top Performer",IF(K13>=1,"Achieved",IF(K13>=0.98,"Near Target","Needs Pacing"))))
A14: =Target!A13 -> 10 | C14: =Target!C13 -> Saidabad | D14: =Target!D13 | E14: =Target!G13 -> 0.05 | F14: =Target!H13 | I14: =IF(AND(G14="",H14=""),"",SUM(G14:H14)) | J14: =IF(I14="","",I14-(E14+N(F14))) | K14: =IF(I14="","",IFERROR(I14/(E14+N(F14)),0)) | L14: =IF(I14="","",IF(K14>=1.01,"Top Performer",IF(K14>=1,"Achieved",IF(K14>=0.98,"Near Target","Needs Pacing"))))
A15: =Target!A14 -> 11 | B15: =Target!B14 -> Piplu | C15: =Target!C14 -> Hasimpur | D15: =Target!D14 | E15: =Target!G14 -> 0.05 | F15: =Target!H14 | I15: =IF(AND(G15="",H15=""),"",SUM(G15:H15)) | J15: =IF(I15="","",I15-(E15+N(F15))) | K15: =IF(I15="","",IFERROR(I15/(E15+N(F15)),0)) | L15: =IF(I15="","",IF(K15>=1.01,"Top Performer",IF(K15>=1,"Achieved",IF(K15>=0.98,"Near Target","Needs Pacing"))))
A16: =Target!A15 -> 12 | C16: =Target!C15 -> Chandanaish | D16: =Target!D15 | E16: =Target!G15 -> 0.07 | F16: =Target!H15 | I16: =IF(AND(G16="",H16=""),"",SUM(G16:H16)) | J16: =IF(I16="","",I16-(E16+N(F16))) | K16: =IF(I16="","",IFERROR(I16/(E16+N(F16)),0)) | L16: =IF(I16="","",IF(K16>=1.01,"Top Performer",IF(K16>=1,"Achieved",IF(K16>=0.98,"Near Target","Needs Pacing"))))
A17: Territory Total | D17: =IF(COUNT(D5:D16)=0,"",SUM(D5:D16)) | E17: =SUM(E5:E16) -> 0.59 | F17: =IF(COUNT(F5:F16)=0,"",SUM(F5:F16)) | G17: =IF(COUNT(G5:G16)=0,"",SUM(G5:G16)) | H17: =IF(COUNT(H5:H16)=0,"",SUM(H5:H16)) | I17: =IF(COUNT(I5:I16)=0,"",SUM(I5:I16)) | J17: =IF(I17="","",I17-(E17+N(F17))) | K17: =IF(I17="","",IFERROR(I17/(E17+N(F17)),0)) | L17: =IF(I17="","",IF(K17>=1,"Achieved","Shortfall"))

Sheet 28
A1: Chandanaish Territory - Daily Sales and Target Achievement Sheet
A2: Name of Territory: | B2: Chandanaish | C2: Name of Region: | D2: Chattogram | I2: Date: | K2: 46323
A3: SL NO | B3: Name of SR / CSR | C3: Name of Route | D3: No. of Outlets | E3: Brand Wise Target | G3: Brand Wise Sales | I3: Total Sales | J3: Variance | K3: Achievement % | L3: Remarks
E4: Cigarette | F4: Bidi | G4: Cigarette | H4: Bidi
A5: =Target!A4 -> 1 | B5: =Target!B4 -> Karim | C5: =Target!C4 -> Kesua | D5: =Target!D4 | E5: =Target!G4 -> 0.05 | F5: =Target!H4 | I5: =IF(AND(G5="",H5=""),"",SUM(G5:H5)) | J5: =IF(I5="","",I5-(E5+N(F5))) | K5: =IF(I5="","",IFERROR(I5/(E5+N(F5)),0)) | L5: =IF(I5="","",IF(K5>=1.01,"Top Performer",IF(K5>=1,"Achieved",IF(K5>=0.98,"Near Target","Needs Pacing"))))
A6: =Target!A5 -> 2 | C6: =Target!C5 -> Moulvi Bazar | D6: =Target!D5 | E6: =Target!G5 -> 0.03 | F6: =Target!H5 | I6: =IF(AND(G6="",H6=""),"",SUM(G6:H6)) | J6: =IF(I6="","",I6-(E6+N(F6))) | K6: =IF(I6="","",IFERROR(I6/(E6+N(F6)),0)) | L6: =IF(I6="","",IF(K6>=1.01,"Top Performer",IF(K6>=1,"Achieved",IF(K6>=0.98,"Near Target","Needs Pacing"))))
A7: =Target!A6 -> 3 | B7: =Target!B6 -> Jabed | C7: =Target!C6 -> Char Barama | D7: =Target!D6 | E7: =Target!G6 -> 0.05 | F7: =Target!H6 | I7: =IF(AND(G7="",H7=""),"",SUM(G7:H7)) | J7: =IF(I7="","",I7-(E7+N(F7))) | K7: =IF(I7="","",IFERROR(I7/(E7+N(F7)),0)) | L7: =IF(I7="","",IF(K7>=1.01,"Top Performer",IF(K7>=1,"Achieved",IF(K7>=0.98,"Near Target","Needs Pacing"))))
A8: =Target!A7 -> 4 | C8: =Target!C7 -> Pukur Par | D8: =Target!D7 | E8: =Target!G7 -> 0.03 | F8: =Target!H7 | I8: =IF(AND(G8="",H8=""),"",SUM(G8:H8)) | J8: =IF(I8="","",I8-(E8+N(F8))) | K8: =IF(I8="","",IFERROR(I8/(E8+N(F8)),0)) | L8: =IF(I8="","",IF(K8>=1.01,"Top Performer",IF(K8>=1,"Achieved",IF(K8>=0.98,"Near Target","Needs Pacing"))))
A9: =Target!A8 -> 5 | B9: =Target!B8 -> Anowar | C9: =Target!C8 -> Dhamair Hat | D9: =Target!D8 | E9: =Target!G8 -> 0.07 | F9: =Target!H8 | I9: =IF(AND(G9="",H9=""),"",SUM(G9:H9)) | J9: =IF(I9="","",I9-(E9+N(F9))) | K9: =IF(I9="","",IFERROR(I9/(E9+N(F9)),0)) | L9: =IF(I9="","",IF(K9>=1.01,"Top Performer",IF(K9>=1,"Achieved",IF(K9>=0.98,"Near Target","Needs Pacing"))))
A10: =Target!A9 -> 6 | C10: =Target!C9 -> Chomuda para | D10: =Target!D9 | E10: =Target!G9 -> 0.03 | F10: =Target!H9 | I10: =IF(AND(G10="",H10=""),"",SUM(G10:H10)) | J10: =IF(I10="","",I10-(E10+N(F10))) | K10: =IF(I10="","",IFERROR(I10/(E10+N(F10)),0)) | L10: =IF(I10="","",IF(K10>=1.01,"Top Performer",IF(K10>=1,"Achieved",IF(K10>=0.98,"Near Target","Needs Pacing"))))
A11: =Target!A10 -> 7 | B11: =Target!B10 -> Tahasin | C11: =Target!C10 -> Harala | D11: =Target!D10 | E11: =Target!G10 -> 0.05 | F11: =Target!H10 | I11: =IF(AND(G11="",H11=""),"",SUM(G11:H11)) | J11: =IF(I11="","",I11-(E11+N(F11))) | K11: =IF(I11="","",IFERROR(I11/(E11+N(F11)),0)) | L11: =IF(I11="","",IF(K11>=1.01,"Top Performer",IF(K11>=1,"Achieved",IF(K11>=0.98,"Near Target","Needs Pacing"))))
A12: =Target!A11 -> 8 | C12: =Target!C11 -> Nazir Hat | D12: =Target!D11 | E12: =Target!G11 -> 0.03 | F12: =Target!H11 | I12: =IF(AND(G12="",H12=""),"",SUM(G12:H12)) | J12: =IF(I12="","",I12-(E12+N(F12))) | K12: =IF(I12="","",IFERROR(I12/(E12+N(F12)),0)) | L12: =IF(I12="","",IF(K12>=1.01,"Top Performer",IF(K12>=1,"Achieved",IF(K12>=0.98,"Near Target","Needs Pacing"))))
A13: =Target!A12 -> 9 | B13: =Target!B12 -> Amir | C13: =Target!C12 -> khan Hat | D13: =Target!D12 | E13: =Target!G12 -> 0.08 | F13: =Target!H12 | I13: =IF(AND(G13="",H13=""),"",SUM(G13:H13)) | J13: =IF(I13="","",I13-(E13+N(F13))) | K13: =IF(I13="","",IFERROR(I13/(E13+N(F13)),0)) | L13: =IF(I13="","",IF(K13>=1.01,"Top Performer",IF(K13>=1,"Achieved",IF(K13>=0.98,"Near Target","Needs Pacing"))))
A14: =Target!A13 -> 10 | C14: =Target!C13 -> Saidabad | D14: =Target!D13 | E14: =Target!G13 -> 0.05 | F14: =Target!H13 | I14: =IF(AND(G14="",H14=""),"",SUM(G14:H14)) | J14: =IF(I14="","",I14-(E14+N(F14))) | K14: =IF(I14="","",IFERROR(I14/(E14+N(F14)),0)) | L14: =IF(I14="","",IF(K14>=1.01,"Top Performer",IF(K14>=1,"Achieved",IF(K14>=0.98,"Near Target","Needs Pacing"))))
A15: =Target!A14 -> 11 | B15: =Target!B14 -> Piplu | C15: =Target!C14 -> Hasimpur | D15: =Target!D14 | E15: =Target!G14 -> 0.05 | F15: =Target!H14 | I15: =IF(AND(G15="",H15=""),"",SUM(G15:H15)) | J15: =IF(I15="","",I15-(E15+N(F15))) | K15: =IF(I15="","",IFERROR(I15/(E15+N(F15)),0)) | L15: =IF(I15="","",IF(K15>=1.01,"Top Performer",IF(K15>=1,"Achieved",IF(K15>=0.98,"Near Target","Needs Pacing"))))
A16: =Target!A15 -> 12 | C16: =Target!C15 -> Chandanaish | D16: =Target!D15 | E16: =Target!G15 -> 0.07 | F16: =Target!H15 | I16: =IF(AND(G16="",H16=""),"",SUM(G16:H16)) | J16: =IF(I16="","",I16-(E16+N(F16))) | K16: =IF(I16="","",IFERROR(I16/(E16+N(F16)),0)) | L16: =IF(I16="","",IF(K16>=1.01,"Top Performer",IF(K16>=1,"Achieved",IF(K16>=0.98,"Near Target","Needs Pacing"))))
A17: Territory Total | D17: =IF(COUNT(D5:D16)=0,"",SUM(D5:D16)) | E17: =SUM(E5:E16) -> 0.59 | F17: =IF(COUNT(F5:F16)=0,"",SUM(F5:F16)) | G17: =IF(COUNT(G5:G16)=0,"",SUM(G5:G16)) | H17: =IF(COUNT(H5:H16)=0,"",SUM(H5:H16)) | I17: =IF(COUNT(I5:I16)=0,"",SUM(I5:I16)) | J17: =IF(I17="","",I17-(E17+N(F17))) | K17: =IF(I17="","",IFERROR(I17/(E17+N(F17)),0)) | L17: =IF(I17="","",IF(K17>=1,"Achieved","Shortfall"))

Sheet 29
A1: Chandanaish Territory - Daily Sales and Target Achievement Sheet
A2: Name of Territory: | B2: Chandanaish | C2: Name of Region: | D2: Chattogram | I2: Date: | K2: 46324
A3: SL NO | B3: Name of SR / CSR | C3: Name of Route | D3: No. of Outlets | E3: Brand Wise Target | G3: Brand Wise Sales | I3: Total Sales | J3: Variance | K3: Achievement % | L3: Remarks
E4: Cigarette | F4: Bidi | G4: Cigarette | H4: Bidi
A5: =Target!A4 -> 1 | B5: =Target!B4 -> Karim | C5: =Target!C4 -> Kesua | D5: =Target!D4 | E5: =Target!G4 -> 0.05 | F5: =Target!H4 | I5: =IF(AND(G5="",H5=""),"",SUM(G5:H5)) | J5: =IF(I5="","",I5-(E5+N(F5))) | K5: =IF(I5="","",IFERROR(I5/(E5+N(F5)),0)) | L5: =IF(I5="","",IF(K5>=1.01,"Top Performer",IF(K5>=1,"Achieved",IF(K5>=0.98,"Near Target","Needs Pacing"))))
A6: =Target!A5 -> 2 | C6: =Target!C5 -> Moulvi Bazar | D6: =Target!D5 | E6: =Target!G5 -> 0.03 | F6: =Target!H5 | I6: =IF(AND(G6="",H6=""),"",SUM(G6:H6)) | J6: =IF(I6="","",I6-(E6+N(F6))) | K6: =IF(I6="","",IFERROR(I6/(E6+N(F6)),0)) | L6: =IF(I6="","",IF(K6>=1.01,"Top Performer",IF(K6>=1,"Achieved",IF(K6>=0.98,"Near Target","Needs Pacing"))))
A7: =Target!A6 -> 3 | B7: =Target!B6 -> Jabed | C7: =Target!C6 -> Char Barama | D7: =Target!D6 | E7: =Target!G6 -> 0.05 | F7: =Target!H6 | I7: =IF(AND(G7="",H7=""),"",SUM(G7:H7)) | J7: =IF(I7="","",I7-(E7+N(F7))) | K7: =IF(I7="","",IFERROR(I7/(E7+N(F7)),0)) | L7: =IF(I7="","",IF(K7>=1.01,"Top Performer",IF(K7>=1,"Achieved",IF(K7>=0.98,"Near Target","Needs Pacing"))))
A8: =Target!A7 -> 4 | C8: =Target!C7 -> Pukur Par | D8: =Target!D7 | E8: =Target!G7 -> 0.03 | F8: =Target!H7 | I8: =IF(AND(G8="",H8=""),"",SUM(G8:H8)) | J8: =IF(I8="","",I8-(E8+N(F8))) | K8: =IF(I8="","",IFERROR(I8/(E8+N(F8)),0)) | L8: =IF(I8="","",IF(K8>=1.01,"Top Performer",IF(K8>=1,"Achieved",IF(K8>=0.98,"Near Target","Needs Pacing"))))
A9: =Target!A8 -> 5 | B9: =Target!B8 -> Anowar | C9: =Target!C8 -> Dhamair Hat | D9: =Target!D8 | E9: =Target!G8 -> 0.07 | F9: =Target!H8 | I9: =IF(AND(G9="",H9=""),"",SUM(G9:H9)) | J9: =IF(I9="","",I9-(E9+N(F9))) | K9: =IF(I9="","",IFERROR(I9/(E9+N(F9)),0)) | L9: =IF(I9="","",IF(K9>=1.01,"Top Performer",IF(K9>=1,"Achieved",IF(K9>=0.98,"Near Target","Needs Pacing"))))
A10: =Target!A9 -> 6 | C10: =Target!C9 -> Chomuda para | D10: =Target!D9 | E10: =Target!G9 -> 0.03 | F10: =Target!H9 | I10: =IF(AND(G10="",H10=""),"",SUM(G10:H10)) | J10: =IF(I10="","",I10-(E10+N(F10))) | K10: =IF(I10="","",IFERROR(I10/(E10+N(F10)),0)) | L10: =IF(I10="","",IF(K10>=1.01,"Top Performer",IF(K10>=1,"Achieved",IF(K10>=0.98,"Near Target","Needs Pacing"))))
A11: =Target!A10 -> 7 | B11: =Target!B10 -> Tahasin | C11: =Target!C10 -> Harala | D11: =Target!D10 | E11: =Target!G10 -> 0.05 | F11: =Target!H10 | I11: =IF(AND(G11="",H11=""),"",SUM(G11:H11)) | J11: =IF(I11="","",I11-(E11+N(F11))) | K11: =IF(I11="","",IFERROR(I11/(E11+N(F11)),0)) | L11: =IF(I11="","",IF(K11>=1.01,"Top Performer",IF(K11>=1,"Achieved",IF(K11>=0.98,"Near Target","Needs Pacing"))))
A12: =Target!A11 -> 8 | C12: =Target!C11 -> Nazir Hat | D12: =Target!D11 | E12: =Target!G11 -> 0.03 | F12: =Target!H11 | I12: =IF(AND(G12="",H12=""),"",SUM(G12:H12)) | J12: =IF(I12="","",I12-(E12+N(F12))) | K12: =IF(I12="","",IFERROR(I12/(E12+N(F12)),0)) | L12: =IF(I12="","",IF(K12>=1.01,"Top Performer",IF(K12>=1,"Achieved",IF(K12>=0.98,"Near Target","Needs Pacing"))))
A13: =Target!A12 -> 9 | B13: =Target!B12 -> Amir | C13: =Target!C12 -> khan Hat | D13: =Target!D12 | E13: =Target!G12 -> 0.08 | F13: =Target!H12 | I13: =IF(AND(G13="",H13=""),"",SUM(G13:H13)) | J13: =IF(I13="","",I13-(E13+N(F13))) | K13: =IF(I13="","",IFERROR(I13/(E13+N(F13)),0)) | L13: =IF(I13="","",IF(K13>=1.01,"Top Performer",IF(K13>=1,"Achieved",IF(K13>=0.98,"Near Target","Needs Pacing"))))
A14: =Target!A13 -> 10 | C14: =Target!C13 -> Saidabad | D14: =Target!D13 | E14: =Target!G13 -> 0.05 | F14: =Target!H13 | I14: =IF(AND(G14="",H14=""),"",SUM(G14:H14)) | J14: =IF(I14="","",I14-(E14+N(F14))) | K14: =IF(I14="","",IFERROR(I14/(E14+N(F14)),0)) | L14: =IF(I14="","",IF(K14>=1.01,"Top Performer",IF(K14>=1,"Achieved",IF(K14>=0.98,"Near Target","Needs Pacing"))))
A15: =Target!A14 -> 11 | B15: =Target!B14 -> Piplu | C15: =Target!C14 -> Hasimpur | D15: =Target!D14 | E15: =Target!G14 -> 0.05 | F15: =Target!H14 | I15: =IF(AND(G15="",H15=""),"",SUM(G15:H15)) | J15: =IF(I15="","",I15-(E15+N(F15))) | K15: =IF(I15="","",IFERROR(I15/(E15+N(F15)),0)) | L15: =IF(I15="","",IF(K15>=1.01,"Top Performer",IF(K15>=1,"Achieved",IF(K15>=0.98,"Near Target","Needs Pacing"))))
A16: =Target!A15 -> 12 | C16: =Target!C15 -> Chandanaish | D16: =Target!D15 | E16: =Target!G15 -> 0.07 | F16: =Target!H15 | I16: =IF(AND(G16="",H16=""),"",SUM(G16:H16)) | J16: =IF(I16="","",I16-(E16+N(F16))) | K16: =IF(I16="","",IFERROR(I16/(E16+N(F16)),0)) | L16: =IF(I16="","",IF(K16>=1.01,"Top Performer",IF(K16>=1,"Achieved",IF(K16>=0.98,"Near Target","Needs Pacing"))))
A17: Territory Total | D17: =IF(COUNT(D5:D16)=0,"",SUM(D5:D16)) | E17: =SUM(E5:E16) -> 0.59 | F17: =IF(COUNT(F5:F16)=0,"",SUM(F5:F16)) | G17: =IF(COUNT(G5:G16)=0,"",SUM(G5:G16)) | H17: =IF(COUNT(H5:H16)=0,"",SUM(H5:H16)) | I17: =IF(COUNT(I5:I16)=0,"",SUM(I5:I16)) | J17: =IF(I17="","",I17-(E17+N(F17))) | K17: =IF(I17="","",IFERROR(I17/(E17+N(F17)),0)) | L17: =IF(I17="","",IF(K17>=1,"Achieved","Shortfall"))

Sheet 30
A1: Chandanaish Territory - Daily Sales and Target Achievement Sheet
A2: Name of Territory: | B2: Chandanaish | C2: Name of Region: | D2: Chattogram | I2: Date: | K2: 46325
A3: SL NO | B3: Name of SR / CSR | C3: Name of Route | D3: No. of Outlets | E3: Brand Wise Target | G3: Brand Wise Sales | I3: Total Sales | J3: Variance | K3: Achievement % | L3: Remarks
E4: Cigarette | F4: Bidi | G4: Cigarette | H4: Bidi
A5: =Target!A4 -> 1 | B5: =Target!B4 -> Karim | C5: =Target!C4 -> Kesua | D5: =Target!D4 | E5: 0 | F5: 0 | G5: 0 | H5: 0 | I5: 0 | J5: 0 | K5: 0 | L5: Friday Off
A6: =Target!A5 -> 2 | C6: =Target!C5 -> Moulvi Bazar | D6: =Target!D5 | E6: 0 | F6: 0 | G6: 0 | H6: 0 | I6: 0 | J6: 0 | K6: 0 | L6: Friday Off
A7: =Target!A6 -> 3 | B7: =Target!B6 -> Jabed | C7: =Target!C6 -> Char Barama | D7: =Target!D6 | E7: 0 | F7: 0 | G7: 0 | H7: 0 | I7: 0 | J7: 0 | K7: 0 | L7: Friday Off
A8: =Target!A7 -> 4 | C8: =Target!C7 -> Pukur Par | D8: =Target!D7 | E8: 0 | F8: 0 | G8: 0 | H8: 0 | I8: 0 | J8: 0 | K8: 0 | L8: Friday Off
A9: =Target!A8 -> 5 | B9: =Target!B8 -> Anowar | C9: =Target!C8 -> Dhamair Hat | D9: =Target!D8 | E9: 0 | F9: 0 | G9: 0 | H9: 0 | I9: 0 | J9: 0 | K9: 0 | L9: Friday Off
A10: =Target!A9 -> 6 | C10: =Target!C9 -> Chomuda para | D10: =Target!D9 | E10: 0 | F10: 0 | G10: 0 | H10: 0 | I10: 0 | J10: 0 | K10: 0 | L10: Friday Off
A11: =Target!A10 -> 7 | B11: =Target!B10 -> Tahasin | C11: =Target!C10 -> Harala | D11: =Target!D10 | E11: 0 | F11: 0 | G11: 0 | H11: 0 | I11: 0 | J11: 0 | K11: 0 | L11: Friday Off
A12: =Target!A11 -> 8 | C12: =Target!C11 -> Nazir Hat | D12: =Target!D11 | E12: 0 | F12: 0 | G12: 0 | H12: 0 | I12: 0 | J12: 0 | K12: 0 | L12: Friday Off
A13: =Target!A12 -> 9 | B13: =Target!B12 -> Amir | C13: =Target!C12 -> khan Hat | D13: =Target!D12 | E13: 0 | F13: 0 | G13: 0 | H13: 0 | I13: 0 | J13: 0 | K13: 0 | L13: Friday Off
A14: =Target!A13 -> 10 | C14: =Target!C13 -> Saidabad | D14: =Target!D13 | E14: 0 | F14: 0 | G14: 0 | H14: 0 | I14: 0 | J14: 0 | K14: 0 | L14: Friday Off
A15: =Target!A14 -> 11 | B15: =Target!B14 -> Piplu | C15: =Target!C14 -> Hasimpur | D15: =Target!D14 | E15: 0 | F15: 0 | G15: 0 | H15: 0 | I15: 0 | J15: 0 | K15: 0 | L15: Friday Off
A16: =Target!A15 -> 12 | C16: =Target!C15 -> Chandanaish | D16: =Target!D15 | E16: 0 | F16: 0 | G16: 0 | H16: 0 | I16: 0 | J16: 0 | K16: 0 | L16: Friday Off
A17: Territory Total | D17: 0 | E17: 0 | F17: 0 | G17: 0 | H17: 0 | I17: 0 | J17: 0 | K17: 0 | L17: Friday Off

Sheet 31
A1: Chandanaish Territory - Daily Sales and Target Achievement Sheet
A2: Name of Territory: | B2: Chandanaish | C2: Name of Region: | D2: Chattogram | I2: Date: | K2: 46326
A3: SL NO | B3: Name of SR / CSR | C3: Name of Route | D3: No. of Outlets | E3: Brand Wise Target | G3: Brand Wise Sales | I3: Total Sales | J3: Variance | K3: Achievement % | L3: Remarks
E4: Cigarette | F4: Bidi | G4: Cigarette | H4: Bidi
A5: =Target!A4 -> 1 | B5: =Target!B4 -> Karim | C5: =Target!C4 -> Kesua | D5: =Target!D4 | E5: =Target!G4 -> 0.05 | F5: =Target!H4 | I5: =IF(AND(G5="",H5=""),"",SUM(G5:H5)) | J5: =IF(I5="","",I5-(E5+N(F5))) | K5: =IF(I5="","",IFERROR(I5/(E5+N(F5)),0)) | L5: =IF(I5="","",IF(K5>=1.01,"Top Performer",IF(K5>=1,"Achieved",IF(K5>=0.98,"Near Target","Needs Pacing"))))
A6: =Target!A5 -> 2 | C6: =Target!C5 -> Moulvi Bazar | D6: =Target!D5 | E6: =Target!G5 -> 0.03 | F6: =Target!H5 | I6: =IF(AND(G6="",H6=""),"",SUM(G6:H6)) | J6: =IF(I6="","",I6-(E6+N(F6))) | K6: =IF(I6="","",IFERROR(I6/(E6+N(F6)),0)) | L6: =IF(I6="","",IF(K6>=1.01,"Top Performer",IF(K6>=1,"Achieved",IF(K6>=0.98,"Near Target","Needs Pacing"))))
A7: =Target!A6 -> 3 | B7: =Target!B6 -> Jabed | C7: =Target!C6 -> Char Barama | D7: =Target!D6 | E7: =Target!G6 -> 0.05 | F7: =Target!H6 | I7: =IF(AND(G7="",H7=""),"",SUM(G7:H7)) | J7: =IF(I7="","",I7-(E7+N(F7))) | K7: =IF(I7="","",IFERROR(I7/(E7+N(F7)),0)) | L7: =IF(I7="","",IF(K7>=1.01,"Top Performer",IF(K7>=1,"Achieved",IF(K7>=0.98,"Near Target","Needs Pacing"))))
A8: =Target!A7 -> 4 | C8: =Target!C7 -> Pukur Par | D8: =Target!D7 | E8: =Target!G7 -> 0.03 | F8: =Target!H7 | I8: =IF(AND(G8="",H8=""),"",SUM(G8:H8)) | J8: =IF(I8="","",I8-(E8+N(F8))) | K8: =IF(I8="","",IFERROR(I8/(E8+N(F8)),0)) | L8: =IF(I8="","",IF(K8>=1.01,"Top Performer",IF(K8>=1,"Achieved",IF(K8>=0.98,"Near Target","Needs Pacing"))))
A9: =Target!A8 -> 5 | B9: =Target!B8 -> Anowar | C9: =Target!C8 -> Dhamair Hat | D9: =Target!D8 | E9: =Target!G8 -> 0.07 | F9: =Target!H8 | I9: =IF(AND(G9="",H9=""),"",SUM(G9:H9)) | J9: =IF(I9="","",I9-(E9+N(F9))) | K9: =IF(I9="","",IFERROR(I9/(E9+N(F9)),0)) | L9: =IF(I9="","",IF(K9>=1.01,"Top Performer",IF(K9>=1,"Achieved",IF(K9>=0.98,"Near Target","Needs Pacing"))))
A10: =Target!A9 -> 6 | C10: =Target!C9 -> Chomuda para | D10: =Target!D9 | E10: =Target!G9 -> 0.03 | F10: =Target!H9 | I10: =IF(AND(G10="",H10=""),"",SUM(G10:H10)) | J10: =IF(I10="","",I10-(E10+N(F10))) | K10: =IF(I10="","",IFERROR(I10/(E10+N(F10)),0)) | L10: =IF(I10="","",IF(K10>=1.01,"Top Performer",IF(K10>=1,"Achieved",IF(K10>=0.98,"Near Target","Needs Pacing"))))
A11: =Target!A10 -> 7 | B11: =Target!B10 -> Tahasin | C11: =Target!C10 -> Harala | D11: =Target!D10 | E11: =Target!G10 -> 0.05 | F11: =Target!H10 | I11: =IF(AND(G11="",H11=""),"",SUM(G11:H11)) | J11: =IF(I11="","",I11-(E11+N(F11))) | K11: =IF(I11="","",IFERROR(I11/(E11+N(F11)),0)) | L11: =IF(I11="","",IF(K11>=1.01,"Top Performer",IF(K11>=1,"Achieved",IF(K11>=0.98,"Near Target","Needs Pacing"))))
A12: =Target!A11 -> 8 | C12: =Target!C11 -> Nazir Hat | D12: =Target!D11 | E12: =Target!G11 -> 0.03 | F12: =Target!H11 | I12: =IF(AND(G12="",H12=""),"",SUM(G12:H12)) | J12: =IF(I12="","",I12-(E12+N(F12))) | K12: =IF(I12="","",IFERROR(I12/(E12+N(F12)),0)) | L12: =IF(I12="","",IF(K12>=1.01,"Top Performer",IF(K12>=1,"Achieved",IF(K12>=0.98,"Near Target","Needs Pacing"))))
A13: =Target!A12 -> 9 | B13: =Target!B12 -> Amir | C13: =Target!C12 -> khan Hat | D13: =Target!D12 | E13: =Target!G12 -> 0.08 | F13: =Target!H12 | I13: =IF(AND(G13="",H13=""),"",SUM(G13:H13)) | J13: =IF(I13="","",I13-(E13+N(F13))) | K13: =IF(I13="","",IFERROR(I13/(E13+N(F13)),0)) | L13: =IF(I13="","",IF(K13>=1.01,"Top Performer",IF(K13>=1,"Achieved",IF(K13>=0.98,"Near Target","Needs Pacing"))))
A14: =Target!A13 -> 10 | C14: =Target!C13 -> Saidabad | D14: =Target!D13 | E14: =Target!G13 -> 0.05 | F14: =Target!H13 | I14: =IF(AND(G14="",H14=""),"",SUM(G14:H14)) | J14: =IF(I14="","",I14-(E14+N(F14))) | K14: =IF(I14="","",IFERROR(I14/(E14+N(F14)),0)) | L14: =IF(I14="","",IF(K14>=1.01,"Top Performer",IF(K14>=1,"Achieved",IF(K14>=0.98,"Near Target","Needs Pacing"))))
A15: =Target!A14 -> 11 | B15: =Target!B14 -> Piplu | C15: =Target!C14 -> Hasimpur | D15: =Target!D14 | E15: =Target!G14 -> 0.05 | F15: =Target!H14 | I15: =IF(AND(G15="",H15=""),"",SUM(G15:H15)) | J15: =IF(I15="","",I15-(E15+N(F15))) | K15: =IF(I15="","",IFERROR(I15/(E15+N(F15)),0)) | L15: =IF(I15="","",IF(K15>=1.01,"Top Performer",IF(K15>=1,"Achieved",IF(K15>=0.98,"Near Target","Needs Pacing"))))
A16: =Target!A15 -> 12 | C16: =Target!C15 -> Chandanaish | D16: =Target!D15 | E16: =Target!G15 -> 0.07 | F16: =Target!H15 | I16: =IF(AND(G16="",H16=""),"",SUM(G16:H16)) | J16: =IF(I16="","",I16-(E16+N(F16))) | K16: =IF(I16="","",IFERROR(I16/(E16+N(F16)),0)) | L16: =IF(I16="","",IF(K16>=1.01,"Top Performer",IF(K16>=1,"Achieved",IF(K16>=0.98,"Near Target","Needs Pacing"))))
A17: Territory Total | D17: =IF(COUNT(D5:D16)=0,"",SUM(D5:D16)) | E17: =SUM(E5:E16) -> 0.59 | F17: =IF(COUNT(F5:F16)=0,"",SUM(F5:F16)) | G17: =IF(COUNT(G5:G16)=0,"",SUM(G5:G16)) | H17: =IF(COUNT(H5:H16)=0,"",SUM(H5:H16)) | I17: =IF(COUNT(I5:I16)=0,"",SUM(I5:I16)) | J17: =IF(I17="","",I17-(E17+N(F17))) | K17: =IF(I17="","",IFERROR(I17/(E17+N(F17)),0)) | L17: =IF(I17="","",IF(K17>=1,"Achieved","Shortfall"))

Sheet Target
A1: Chandanaish Territory - Master Target Sheet (October - 26 Working Days) | J1: Benchmark Metric | K1: Baseline Value | L1: Benchmark Reference
A2: Territory: | B2: Chandanaish | C2: Region: | D2: Chattogram | E2: Month: | F2: 46296 | G2: Working Days: | H2: 26 | J2: LMS | K2: 11.06 | L2: Last Month Sales
A3: SL NO | B3: Name of SR / CSR | C3: Name of Route | D3: No. of Outlets | E3: Monthly Target - Cigarette | F3: Monthly Target - Bidi | G3: Daily Target - Cigarette | H3: Daily Target - Bidi | J3: LM ADS | K3: 0.43 | L3: Last Month ADS
A4: 1 | B4: Karim | C4: Kesua | E4: 1.2 | G4: =ROUND(E4/$H$2,2) -> 0.05 | H4: =IF(F4="","",ROUND(F4/$H$2,2)) | J4: TM Target | K4: 15.5 | L4: This Month Target
A5: 2 | C5: Moulvi Bazar | E5: 0.9 | G5: =ROUND(E5/$H$2,2) -> 0.03 | H5: =IF(F5="","",ROUND(F5/$H$2,2)) | J5: TM Target ADS | K5: 0.6 | L5: This Month Target ADS
A6: 3 | B6: Jabed | C6: Char Barama | E6: 1.2 | G6: =ROUND(E6/$H$2,2) -> 0.05 | H6: =IF(F6="","",ROUND(F6/$H$2,2))
A7: 4 | C7: Pukur Par | E7: 0.9 | G7: =ROUND(E7/$H$2,2) -> 0.03 | H7: =IF(F7="","",ROUND(F7/$H$2,2))
A8: 5 | B8: Anowar | C8: Dhamair Hat | E8: 1.8 | G8: =ROUND(E8/$H$2,2) -> 0.07 | H8: =IF(F8="","",ROUND(F8/$H$2,2))
A9: 6 | C9: Chomuda para | E9: 0.85 | G9: =ROUND(E9/$H$2,2) -> 0.03 | H9: =IF(F9="","",ROUND(F9/$H$2,2))
A10: 7 | B10: Tahasin | C10: Harala | E10: 1.3 | G10: =ROUND(E10/$H$2,2) -> 0.05 | H10: =IF(F10="","",ROUND(F10/$H$2,2))
A11: 8 | C11: Nazir Hat | E11: 0.9 | G11: =ROUND(E11/$H$2,2) -> 0.03 | H11: =IF(F11="","",ROUND(F11/$H$2,2))
A12: 9 | B12: Amir | C12: khan Hat | E12: 2 | G12: =ROUND(E12/$H$2,2) -> 0.08 | H12: =IF(F12="","",ROUND(F12/$H$2,2))
A13: 10 | C13: Saidabad | E13: 1.25 | G13: =ROUND(E13/$H$2,2) -> 0.05 | H13: =IF(F13="","",ROUND(F13/$H$2,2))
A14: 11 | B14: Piplu | C14: Hasimpur | E14: 1.3 | G14: =ROUND(E14/$H$2,2) -> 0.05 | H14: =IF(F14="","",ROUND(F14/$H$2,2))
A15: 12 | C15: Chandanaish | E15: 1.9 | G15: =ROUND(E15/$H$2,2) -> 0.07 | H15: =IF(F15="","",ROUND(F15/$H$2,2))
A16: Territory Total | D16: =IF(COUNT(D4:D15)=0,"",SUM(D4:D15)) | E16: =SUM(E4:E15) -> 15.5 | F16: =IF(COUNT(F4:F15)=0,"",SUM(F4:F15)) | G16: =SUM(G4:G15) -> 0.59 | H16: =IF(COUNT(H4:H15)=0,"",SUM(H4:H15))
A17: Daily Territory Target | G17: =ROUND(E16/$H$2,2) -> 0.6 | H17: =IF(F16="","",ROUND(F16/$H$2,2))

Sheet ATDA & ADS
A1: Chandanaish Territory - ATDA & ADS Performance Tracking Engine (October 2026 - 26 Working Days)
A2: Territory: | B2: Chandanaish | C2: Region: | D2: Chattogram | E2: Total Working Days: | F2: =Target!H2 -> 26 | G2: Working Days Elapsed: | H2: =(N('1'!I17)>0)+(N('3'!I17)>0)+(N('4'!I17)>0)+(N('5'!I17)>0)+(N('6'!I17)>0)+(N('7'!I17)>0)+(N('8'!I17)>0)+(N('10'!I17)>0)+(N('11'!I17)>0)+(N('12'!I17)>0)+(N('13'!I17)>0)+(N('14'!I17)>0)+(N('15'!I17)>0)+(N('17'!I17)>0)+(N('18'!I17)>0)+(N('19'!I17)>0)+(N('20'!I17)>0)+(N('21'!I17)>0)+(N('22'!I17)>0)+(N('24'!I17)>0)+(N('25'!I17)>0)+(N('26'!I17)>0)+(N('27'!I17)>0)+(N('28'!I17)>0)+(N('29'!I17)>0)+(N('31'!I17)>0) -> 19 | I2: Working Days Remaining: | J2: =F2-H2 -> 7 | K2: Current Date: | L2: =TODAY() -> 46318
A3: SL NO | B3: Name of SR / CSR | C3: Name of Route | D3: Monthly Target | E3: Target to Date (MTD) | F3: Actual Sales - Cigarette | G3: Actual Sales - Bidi | H3: Total Sales to Date | I3: Shortfall / Surplus | J3: ATDA % (Achievement) | K3: Average Daily Sales (ADS) | L3: Required Daily Rate (RDRR) | M3: Month-End Projected Sales | N3: Projected Month Ach %
A4: =Target!A4 -> 1 | B4: =Target!B4 -> Karim | C4: =Target!C4 -> Kesua | D4: =Target!E4+N(Target!F4) -> 1.2 | E4: =(Target!G4+N(Target!H4))*$H$2 -> 0.95 | F4: =SUM('1'!G5,'2'!G5,'3'!G5,'4'!G5,'5'!G5,'6'!G5,'7'!G5,'8'!G5,'9'!G5,'10'!G5,'11'!G5,'12'!G5,'13'!G5,'14'!G5,'15'!G5,'16'!G5,'17'!G5,'18'!G5,'19'!G5,'20'!G5,'21'!G5,'22'!G5,'23'!G5,'24'!G5,'25'!G5,'26'!G5,'27'!G5,'28'!G5,'29'!G5,'30'!G5,'31'!G5) -> 0.61 | G4: =SUM('1'!H5,'2'!H5,'3'!H5,'4'!H5,'5'!H5,'6'!H5,'7'!H5,'8'!H5,'9'!H5,'10'!H5,'11'!H5,'12'!H5,'13'!H5,'14'!H5,'15'!H5,'16'!H5,'17'!H5,'18'!H5,'19'!H5,'20'!H5,'21'!H5,'22'!H5,'23'!H5,'24'!H5,'25'!H5,'26'!H5,'27'!H5,'28'!H5,'29'!H5,'30'!H5,'31'!H5) -> 0 | H4: =F4+G4 -> 0.61 | I4: =H4-E4 -> -0.34 | J4: =IFERROR(H4/E4,0) -> 0.64210526 | K4: =IFERROR(H4/$H$2,0) -> 0.032105263 | L4: =IF($J$2>0,IFERROR(MAX(0,D4-H4)/$J$2,0),0) -> 0.084285714 | M4: =ROUND(K4*$F$2,2) -> 0.83 | N4: =IFERROR(M4/D4,0) -> 0.69166667
A5: =Target!A5 -> 2 | C5: =Target!C5 -> Moulvi Bazar | D5: =Target!E5+N(Target!F5) -> 0.9 | E5: =(Target!G5+N(Target!H5))*$H$2 -> 0.57 | F5: =SUM('1'!G6,'2'!G6,'3'!G6,'4'!G6,'5'!G6,'6'!G6,'7'!G6,'8'!G6,'9'!G6,'10'!G6,'11'!G6,'12'!G6,'13'!G6,'14'!G6,'15'!G6,'16'!G6,'17'!G6,'18'!G6,'19'!G6,'20'!G6,'21'!G6,'22'!G6,'23'!G6,'24'!G6,'25'!G6,'26'!G6,'27'!G6,'28'!G6,'29'!G6,'30'!G6,'31'!G6) -> 0.44 | G5: =SUM('1'!H6,'2'!H6,'3'!H6,'4'!H6,'5'!H6,'6'!H6,'7'!H6,'8'!H6,'9'!H6,'10'!H6,'11'!H6,'12'!H6,'13'!H6,'14'!H6,'15'!H6,'16'!H6,'17'!H6,'18'!H6,'19'!H6,'20'!H6,'21'!H6,'22'!H6,'23'!H6,'24'!H6,'25'!H6,'26'!H6,'27'!H6,'28'!H6,'29'!H6,'30'!H6,'31'!H6) -> 0 | H5: =F5+G5 -> 0.44 | I5: =H5-E5 -> -0.13 | J5: =IFERROR(H5/E5,0) -> 0.77192982 | K5: =IFERROR(H5/$H$2,0) -> 0.023157895 | L5: =IF($J$2>0,IFERROR(MAX(0,D5-H5)/$J$2,0),0) -> 0.065714286 | M5: =ROUND(K5*$F$2,2) -> 0.6 | N5: =IFERROR(M5/D5,0) -> 0.66666667
A6: =Target!A6 -> 3 | B6: =Target!B6 -> Jabed | C6: =Target!C6 -> Char Barama | D6: =Target!E6+N(Target!F6) -> 1.2 | E6: =(Target!G6+N(Target!H6))*$H$2 -> 0.95 | F6: =SUM('1'!G7,'2'!G7,'3'!G7,'4'!G7,'5'!G7,'6'!G7,'7'!G7,'8'!G7,'9'!G7,'10'!G7,'11'!G7,'12'!G7,'13'!G7,'14'!G7,'15'!G7,'16'!G7,'17'!G7,'18'!G7,'19'!G7,'20'!G7,'21'!G7,'22'!G7,'23'!G7,'24'!G7,'25'!G7,'26'!G7,'27'!G7,'28'!G7,'29'!G7,'30'!G7,'31'!G7) -> 0.56 | G6: =SUM('1'!H7,'2'!H7,'3'!H7,'4'!H7,'5'!H7,'6'!H7,'7'!H7,'8'!H7,'9'!H7,'10'!H7,'11'!H7,'12'!H7,'13'!H7,'14'!H7,'15'!H7,'16'!H7,'17'!H7,'18'!H7,'19'!H7,'20'!H7,'21'!H7,'22'!H7,'23'!H7,'24'!H7,'25'!H7,'26'!H7,'27'!H7,'28'!H7,'29'!H7,'30'!H7,'31'!H7) -> 0 | H6: =F6+G6 -> 0.56 | I6: =H6-E6 -> -0.39 | J6: =IFERROR(H6/E6,0) -> 0.58947368 | K6: =IFERROR(H6/$H$2,0) -> 0.029473684 | L6: =IF($J$2>0,IFERROR(MAX(0,D6-H6)/$J$2,0),0) -> 0.091428571 | M6: =ROUND(K6*$F$2,2) -> 0.77 | N6: =IFERROR(M6/D6,0) -> 0.64166667
A7: =Target!A7 -> 4 | C7: =Target!C7 -> Pukur Par | D7: =Target!E7+N(Target!F7) -> 0.9 | E7: =(Target!G7+N(Target!H7))*$H$2 -> 0.57 | F7: =SUM('1'!G8,'2'!G8,'3'!G8,'4'!G8,'5'!G8,'6'!G8,'7'!G8,'8'!G8,'9'!G8,'10'!G8,'11'!G8,'12'!G8,'13'!G8,'14'!G8,'15'!G8,'16'!G8,'17'!G8,'18'!G8,'19'!G8,'20'!G8,'21'!G8,'22'!G8,'23'!G8,'24'!G8,'25'!G8,'26'!G8,'27'!G8,'28'!G8,'29'!G8,'30'!G8,'31'!G8) -> 0.55 | G7: =SUM('1'!H8,'2'!H8,'3'!H8,'4'!H8,'5'!H8,'6'!H8,'7'!H8,'8'!H8,'9'!H8,'10'!H8,'11'!H8,'12'!H8,'13'!H8,'14'!H8,'15'!H8,'16'!H8,'17'!H8,'18'!H8,'19'!H8,'20'!H8,'21'!H8,'22'!H8,'23'!H8,'24'!H8,'25'!H8,'26'!H8,'27'!H8,'28'!H8,'29'!H8,'30'!H8,'31'!H8) -> 0 | H7: =F7+G7 -> 0.55 | I7: =H7-E7 -> -0.02 | J7: =IFERROR(H7/E7,0) -> 0.96491228 | K7: =IFERROR(H7/$H$2,0) -> 0.028947368 | L7: =IF($J$2>0,IFERROR(MAX(0,D7-H7)/$J$2,0),0) -> 0.05 | M7: =ROUND(K7*$F$2,2) -> 0.75 | N7: =IFERROR(M7/D7,0) -> 0.83333333
A8: =Target!A8 -> 5 | B8: =Target!B8 -> Anowar | C8: =Target!C8 -> Dhamair Hat | D8: =Target!E8+N(Target!F8) -> 1.8 | E8: =(Target!G8+N(Target!H8))*$H$2 -> 1.33 | F8: =SUM('1'!G9,'2'!G9,'3'!G9,'4'!G9,'5'!G9,'6'!G9,'7'!G9,'8'!G9,'9'!G9,'10'!G9,'11'!G9,'12'!G9,'13'!G9,'14'!G9,'15'!G9,'16'!G9,'17'!G9,'18'!G9,'19'!G9,'20'!G9,'21'!G9,'22'!G9,'23'!G9,'24'!G9,'25'!G9,'26'!G9,'27'!G9,'28'!G9,'29'!G9,'30'!G9,'31'!G9) -> 0.66 | G8: =SUM('1'!H9,'2'!H9,'3'!H9,'4'!H9,'5'!H9,'6'!H9,'7'!H9,'8'!H9,'9'!H9,'10'!H9,'11'!H9,'12'!H9,'13'!H9,'14'!H9,'15'!H9,'16'!H9,'17'!H9,'18'!H9,'19'!H9,'20'!H9,'21'!H9,'22'!H9,'23'!H9,'24'!H9,'25'!H9,'26'!H9,'27'!H9,'28'!H9,'29'!H9,'30'!H9,'31'!H9) -> 0 | H8: =F8+G8 -> 0.66 | I8: =H8-E8 -> -0.67 | J8: =IFERROR(H8/E8,0) -> 0.4962406 | K8: =IFERROR(H8/$H$2,0) -> 0.034736842 | L8: =IF($J$2>0,IFERROR(MAX(0,D8-H8)/$J$2,0),0) -> 0.16285714 | M8: =ROUND(K8*$F$2,2) -> 0.9 | N8: =IFERROR(M8/D8,0) -> 0.5
A9: =Target!A9 -> 6 | C9: =Target!C9 -> Chomuda para | D9: =Target!E9+N(Target!F9) -> 0.85 | E9: =(Target!G9+N(Target!H9))*$H$2 -> 0.57 | F9: =SUM('1'!G10,'2'!G10,'3'!G10,'4'!G10,'5'!G10,'6'!G10,'7'!G10,'8'!G10,'9'!G10,'10'!G10,'11'!G10,'12'!G10,'13'!G10,'14'!G10,'15'!G10,'16'!G10,'17'!G10,'18'!G10,'19'!G10,'20'!G10,'21'!G10,'22'!G10,'23'!G10,'24'!G10,'25'!G10,'26'!G10,'27'!G10,'28'!G10,'29'!G10,'30'!G10,'31'!G10) -> 0.91 | G9: =SUM('1'!H10,'2'!H10,'3'!H10,'4'!H10,'5'!H10,'6'!H10,'7'!H10,'8'!H10,'9'!H10,'10'!H10,'11'!H10,'12'!H10,'13'!H10,'14'!H10,'15'!H10,'16'!H10,'17'!H10,'18'!H10,'19'!H10,'20'!H10,'21'!H10,'22'!H10,'23'!H10,'24'!H10,'25'!H10,'26'!H10,'27'!H10,'28'!H10,'29'!H10,'30'!H10,'31'!H10) -> 0 | H9: =F9+G9 -> 0.91 | I9: =H9-E9 -> 0.34 | J9: =IFERROR(H9/E9,0) -> 1.5964912 | K9: =IFERROR(H9/$H$2,0) -> 0.047894737 | L9: =IF($J$2>0,IFERROR(MAX(0,D9-H9)/$J$2,0),0) -> 0 | M9: =ROUND(K9*$F$2,2) -> 1.25 | N9: =IFERROR(M9/D9,0) -> 1.4705882
A10: =Target!A10 -> 7 | B10: =Target!B10 -> Tahasin | C10: =Target!C10 -> Harala | D10: =Target!E10+N(Target!F10) -> 1.3 | E10: =(Target!G10+N(Target!H10))*$H$2 -> 0.95 | F10: =SUM('1'!G11,'2'!G11,'3'!G11,'4'!G11,'5'!G11,'6'!G11,'7'!G11,'8'!G11,'9'!G11,'10'!G11,'11'!G11,'12'!G11,'13'!G11,'14'!G11,'15'!G11,'16'!G11,'17'!G11,'18'!G11,'19'!G11,'20'!G11,'21'!G11,'22'!G11,'23'!G11,'24'!G11,'25'!G11,'26'!G11,'27'!G11,'28'!G11,'29'!G11,'30'!G11,'31'!G11) -> 0.41 | G10: =SUM('1'!H11,'2'!H11,'3'!H11,'4'!H11,'5'!H11,'6'!H11,'7'!H11,'8'!H11,'9'!H11,'10'!H11,'11'!H11,'12'!H11,'13'!H11,'14'!H11,'15'!H11,'16'!H11,'17'!H11,'18'!H11,'19'!H11,'20'!H11,'21'!H11,'22'!H11,'23'!H11,'24'!H11,'25'!H11,'26'!H11,'27'!H11,'28'!H11,'29'!H11,'30'!H11,'31'!H11) -> 0 | H10: =F10+G10 -> 0.41 | I10: =H10-E10 -> -0.54 | J10: =IFERROR(H10/E10,0) -> 0.43157895 | K10: =IFERROR(H10/$H$2,0) -> 0.021578947 | L10: =IF($J$2>0,IFERROR(MAX(0,D10-H10)/$J$2,0),0) -> 0.12714286 | M10: =ROUND(K10*$F$2,2) -> 0.56 | N10: =IFERROR(M10/D10,0) -> 0.43076923
A11: =Target!A11 -> 8 | C11: =Target!C11 -> Nazir Hat | D11: =Target!E11+N(Target!F11) -> 0.9 | E11: =(Target!G11+N(Target!H11))*$H$2 -> 0.57 | F11: =SUM('1'!G12,'2'!G12,'3'!G12,'4'!G12,'5'!G12,'6'!G12,'7'!G12,'8'!G12,'9'!G12,'10'!G12,'11'!G12,'12'!G12,'13'!G12,'14'!G12,'15'!G12,'16'!G12,'17'!G12,'18'!G12,'19'!G12,'20'!G12,'21'!G12,'22'!G12,'23'!G12,'24'!G12,'25'!G12,'26'!G12,'27'!G12,'28'!G12,'29'!G12,'30'!G12,'31'!G12) -> 0.51 | G11: =SUM('1'!H12,'2'!H12,'3'!H12,'4'!H12,'5'!H12,'6'!H12,'7'!H12,'8'!H12,'9'!H12,'10'!H12,'11'!H12,'12'!H12,'13'!H12,'14'!H12,'15'!H12,'16'!H12,'17'!H12,'18'!H12,'19'!H12,'20'!H12,'21'!H12,'22'!H12,'23'!H12,'24'!H12,'25'!H12,'26'!H12,'27'!H12,'28'!H12,'29'!H12,'30'!H12,'31'!H12) -> 0 | H11: =F11+G11 -> 0.51 | I11: =H11-E11 -> -0.06 | J11: =IFERROR(H11/E11,0) -> 0.89473684 | K11: =IFERROR(H11/$H$2,0) -> 0.026842105 | L11: =IF($J$2>0,IFERROR(MAX(0,D11-H11)/$J$2,0),0) -> 0.055714286 | M11: =ROUND(K11*$F$2,2) -> 0.7 | N11: =IFERROR(M11/D11,0) -> 0.77777778
A12: =Target!A12 -> 9 | B12: =Target!B12 -> Amir | C12: =Target!C12 -> khan Hat | D12: =Target!E12+N(Target!F12) -> 2 | E12: =(Target!G12+N(Target!H12))*$H$2 -> 1.52 | F12: =SUM('1'!G13,'2'!G13,'3'!G13,'4'!G13,'5'!G13,'6'!G13,'7'!G13,'8'!G13,'9'!G13,'10'!G13,'11'!G13,'12'!G13,'13'!G13,'14'!G13,'15'!G13,'16'!G13,'17'!G13,'18'!G13,'19'!G13,'20'!G13,'21'!G13,'22'!G13,'23'!G13,'24'!G13,'25'!G13,'26'!G13,'27'!G13,'28'!G13,'29'!G13,'30'!G13,'31'!G13) -> 0.77 | G12: =SUM('1'!H13,'2'!H13,'3'!H13,'4'!H13,'5'!H13,'6'!H13,'7'!H13,'8'!H13,'9'!H13,'10'!H13,'11'!H13,'12'!H13,'13'!H13,'14'!H13,'15'!H13,'16'!H13,'17'!H13,'18'!H13,'19'!H13,'20'!H13,'21'!H13,'22'!H13,'23'!H13,'24'!H13,'25'!H13,'26'!H13,'27'!H13,'28'!H13,'29'!H13,'30'!H13,'31'!H13) -> 0 | H12: =F12+G12 -> 0.77 | I12: =H12-E12 -> -0.75 | J12: =IFERROR(H12/E12,0) -> 0.50657895 | K12: =IFERROR(H12/$H$2,0) -> 0.040526316 | L12: =IF($J$2>0,IFERROR(MAX(0,D12-H12)/$J$2,0),0) -> 0.17571429 | M12: =ROUND(K12*$F$2,2) -> 1.05 | N12: =IFERROR(M12/D12,0) -> 0.525
A13: =Target!A13 -> 10 | C13: =Target!C13 -> Saidabad | D13: =Target!E13+N(Target!F13) -> 1.25 | E13: =(Target!G13+N(Target!H13))*$H$2 -> 0.95 | F13: =SUM('1'!G14,'2'!G14,'3'!G14,'4'!G14,'5'!G14,'6'!G14,'7'!G14,'8'!G14,'9'!G14,'10'!G14,'11'!G14,'12'!G14,'13'!G14,'14'!G14,'15'!G14,'16'!G14,'17'!G14,'18'!G14,'19'!G14,'20'!G14,'21'!G14,'22'!G14,'23'!G14,'24'!G14,'25'!G14,'26'!G14,'27'!G14,'28'!G14,'29'!G14,'30'!G14,'31'!G14) -> 0.89 | G13: =SUM('1'!H14,'2'!H14,'3'!H14,'4'!H14,'5'!H14,'6'!H14,'7'!H14,'8'!H14,'9'!H14,'10'!H14,'11'!H14,'12'!H14,'13'!H14,'14'!H14,'15'!H14,'16'!H14,'17'!H14,'18'!H14,'19'!H14,'20'!H14,'21'!H14,'22'!H14,'23'!H14,'24'!H14,'25'!H14,'26'!H14,'27'!H14,'28'!H14,'29'!H14,'30'!H14,'31'!H14) -> 0 | H13: =F13+G13 -> 0.89 | I13: =H13-E13 -> -0.06 | J13: =IFERROR(H13/E13,0) -> 0.93684211 | K13: =IFERROR(H13/$H$2,0) -> 0.046842105 | L13: =IF($J$2>0,IFERROR(MAX(0,D13-H13)/$J$2,0),0) -> 0.051428571 | M13: =ROUND(K13*$F$2,2) -> 1.22 | N13: =IFERROR(M13/D13,0) -> 0.976
A14: =Target!A14 -> 11 | B14: =Target!B14 -> Piplu | C14: =Target!C14 -> Hasimpur | D14: =Target!E14+N(Target!F14) -> 1.3 | E14: =(Target!G14+N(Target!H14))*$H$2 -> 0.95 | F14: =SUM('1'!G15,'2'!G15,'3'!G15,'4'!G15,'5'!G15,'6'!G15,'7'!G15,'8'!G15,'9'!G15,'10'!G15,'11'!G15,'12'!G15,'13'!G15,'14'!G15,'15'!G15,'16'!G15,'17'!G15,'18'!G15,'19'!G15,'20'!G15,'21'!G15,'22'!G15,'23'!G15,'24'!G15,'25'!G15,'26'!G15,'27'!G15,'28'!G15,'29'!G15,'30'!G15,'31'!G15) -> 0.92 | G14: =SUM('1'!H15,'2'!H15,'3'!H15,'4'!H15,'5'!H15,'6'!H15,'7'!H15,'8'!H15,'9'!H15,'10'!H15,'11'!H15,'12'!H15,'13'!H15,'14'!H15,'15'!H15,'16'!H15,'17'!H15,'18'!H15,'19'!H15,'20'!H15,'21'!H15,'22'!H15,'23'!H15,'24'!H15,'25'!H15,'26'!H15,'27'!H15,'28'!H15,'29'!H15,'30'!H15,'31'!H15) -> 0 | H14: =F14+G14 -> 0.92 | I14: =H14-E14 -> -0.03 | J14: =IFERROR(H14/E14,0) -> 0.96842105 | K14: =IFERROR(H14/$H$2,0) -> 0.048421053 | L14: =IF($J$2>0,IFERROR(MAX(0,D14-H14)/$J$2,0),0) -> 0.054285714 | M14: =ROUND(K14*$F$2,2) -> 1.26 | N14: =IFERROR(M14/D14,0) -> 0.96923077
A15: =Target!A15 -> 12 | C15: =Target!C15 -> Chandanaish | D15: =Target!E15+N(Target!F15) -> 1.9 | E15: =(Target!G15+N(Target!H15))*$H$2 -> 1.33 | F15: =SUM('1'!G16,'2'!G16,'3'!G16,'4'!G16,'5'!G16,'6'!G16,'7'!G16,'8'!G16,'9'!G16,'10'!G16,'11'!G16,'12'!G16,'13'!G16,'14'!G16,'15'!G16,'16'!G16,'17'!G16,'18'!G16,'19'!G16,'20'!G16,'21'!G16,'22'!G16,'23'!G16,'24'!G16,'25'!G16,'26'!G16,'27'!G16,'28'!G16,'29'!G16,'30'!G16,'31'!G16) -> 0.88 | G15: =SUM('1'!H16,'2'!H16,'3'!H16,'4'!H16,'5'!H16,'6'!H16,'7'!H16,'8'!H16,'9'!H16,'10'!H16,'11'!H16,'12'!H16,'13'!H16,'14'!H16,'15'!H16,'16'!H16,'17'!H16,'18'!H16,'19'!H16,'20'!H16,'21'!H16,'22'!H16,'23'!H16,'24'!H16,'25'!H16,'26'!H16,'27'!H16,'28'!H16,'29'!H16,'30'!H16,'31'!H16) -> 0 | H15: =F15+G15 -> 0.88 | I15: =H15-E15 -> -0.45 | J15: =IFERROR(H15/E15,0) -> 0.66165414 | K15: =IFERROR(H15/$H$2,0) -> 0.046315789 | L15: =IF($J$2>0,IFERROR(MAX(0,D15-H15)/$J$2,0),0) -> 0.14571429 | M15: =ROUND(K15*$F$2,2) -> 1.2 | N15: =IFERROR(M15/D15,0) -> 0.63157895
A16: Territory Total | D16: =SUM(D4:D15) -> 15.5 | E16: =SUM(E4:E15) -> 11.21 | F16: =SUM(F4:F15) -> 8.11 | G16: =SUM(G4:G15) -> 0 | H16: =SUM(H4:H15) -> 8.11 | I16: =H16-E16 -> -3.1 | J16: =IFERROR(H16/E16,0) -> 0.7234612 | K16: =IFERROR(H16/$H$2,0) -> 0.42684211 | L16: =IF($J$2>0,IFERROR(MAX(0,D16-H16)/$J$2,0),0) -> 1.0557143 | M16: =SUM(M4:M15) -> 11.09 | N16: =IFERROR(M16/D16,0) -> 0.71548387

Sheet Analysis
A1: Chandanaish Territory - Executive Sales Performance & Analysis Dashboard (October 2026)
A2: ="Territory: Chandanaish | Region: Chattogram | Performance as of Working Day "&'ATDA & ADS'!$H$2&" of "&Target!$H$2&" ("&TEXT('ATDA & ADS'!$L$2,"yyyy-mm-dd")&") | Status: Live Sync with 26 Working Days (Fridays Excluded)" -> Territory: Chandanaish | Region: Chattogram | Performance as of Working Day 19 of 26 (2026-10-23) | Status: Live Sync with 26 Working Days (Fridays Excluded)
A4: TERRITORY MONTHLY TARGET | C4: MTD TARGET TO DATE | E4: ACTUAL SALES MTD | G4: OVERALL ATDA % | I4: AVERAGE DAILY SALES (ADS) | K4: MONTH-END PROJECTED SALES
A5: =Target!E16 -> 15.5 | C5: ='ATDA & ADS'!E16 -> 11.21 | E5: ='ATDA & ADS'!H16 -> 8.11 | G5: ='ATDA & ADS'!J16 -> 0.7234612 | I5: ='ATDA & ADS'!K16 -> 0.42684211 | K5: ='ATDA & ADS'!M16 -> 11.09
A6: ="Target: "&TEXT(Target!E16,"0.00")&" | TM ADS: "&TEXT(Target!K5,"0.00") -> Target: 15.50 | TM ADS: 0.60 | C6: ="Target for "&'ATDA & ADS'!$H$2&" Working Days Elapsed" -> Target for 19 Working Days Elapsed | E6: ="Variance: "&TEXT('ATDA & ADS'!I16,"+0.00;-0.00;0.00") -> Variance: -3.10 | G6: ="Status: "&IF('ATDA & ADS'!J16>=1,"Above Target","Pacing Required") -> Status: Pacing Required | I6: ="Req. Run Rate: "&TEXT('ATDA & ADS'!L16,"0.00")&" / day" -> Req. Run Rate: 1.06 / day | K6: ="Projected Ach: "&TEXT('ATDA & ADS'!N16,"0.0%") -> Projected Ach: 71.5%
A8: TERRITORY BENCHMARKS & BASELINE (OCTOBER 2026)
A9: ="Target: "&TEXT(Target!E16,"0.00") -> Target: 15.50 | C9: ="Target ADS: "&TEXT(Target!K5,"0.00") -> Target ADS: 0.60 | E9: ="LMS: "&TEXT(Target!K2,"0.00") -> LMS: 11.06 | G9: ="LM ADS: "&TEXT(Target!K3,"0.00") -> LM ADS: 0.43 | I9: ="MTD Actual: "&TEXT('ATDA & ADS'!H16,"0.00") -> MTD Actual: 8.11 | K9: ="ATDA: "&TEXT('ATDA & ADS'!J16,"0.0%") -> ATDA: 72.3%
A10: ROUTE PERFORMANCE RANKING LEADERBOARD (SORTED BY ATDA %)
A11: Rank | B11: Name of Route | C11: Name of SR / CSR | D11: MTD Target | E11: Actual Sales MTD | F11: Variance | G11: ATDA % | H11: Performance Tier
A12: 1 | B12: {=INDEX(SORT('ATDA & ADS'!$A$4:$N$15,10,FALSE),A12,3)} -> Chomuda para | C12: {=IFERROR(_xlfn.XLOOKUP(B12, Target!$C$4:$C$15, SCAN("", Target!$B$4:$B$15, LAMBDA(a,c, IF(c="", a, c)))), "")} -> Anowar | D12: {=INDEX(SORT('ATDA & ADS'!$A$4:$N$15,10,FALSE),A12,5)} -> 0.57 | E12: {=INDEX(SORT('ATDA & ADS'!$A$4:$N$15,10,FALSE),A12,8)} -> 0.91 | F12: {=INDEX(SORT('ATDA & ADS'!$A$4:$N$15,10,FALSE),A12,9)} -> 0.34 | G12: {=INDEX(SORT('ATDA & ADS'!$A$4:$N$15,10,FALSE),A12,10)} -> 1.5964912 | H12: =IF(G12>=1.01,"Top Performer",IF(G12>=1,"Achieved",IF(G12>=0.98,"Near Target","Needs Pacing"))) -> Top Performer
A13: 2 | B13: {=INDEX(SORT('ATDA & ADS'!$A$4:$N$15,10,FALSE),A13,3)} -> Hasimpur | C13: {=IFERROR(_xlfn.XLOOKUP(B13, Target!$C$4:$C$15, SCAN("", Target!$B$4:$B$15, LAMBDA(a,c, IF(c="", a, c)))), "")} -> Piplu | D13: {=INDEX(SORT('ATDA & ADS'!$A$4:$N$15,10,FALSE),A13,5)} -> 0.95 | E13: {=INDEX(SORT('ATDA & ADS'!$A$4:$N$15,10,FALSE),A13,8)} -> 0.92 | F13: {=INDEX(SORT('ATDA & ADS'!$A$4:$N$15,10,FALSE),A13,9)} -> -0.03 | G13: {=INDEX(SORT('ATDA & ADS'!$A$4:$N$15,10,FALSE),A13,10)} -> 0.96842105 | H13: =IF(G13>=1.01,"Top Performer",IF(G13>=1,"Achieved",IF(G13>=0.98,"Near Target","Needs Pacing"))) -> Needs Pacing
A14: 3 | B14: {=INDEX(SORT('ATDA & ADS'!$A$4:$N$15,10,FALSE),A14,3)} -> Pukur Par | C14: {=IFERROR(_xlfn.XLOOKUP(B14, Target!$C$4:$C$15, SCAN("", Target!$B$4:$B$15, LAMBDA(a,c, IF(c="", a, c)))), "")} -> Jabed | D14: {=INDEX(SORT('ATDA & ADS'!$A$4:$N$15,10,FALSE),A14,5)} -> 0.57 | E14: {=INDEX(SORT('ATDA & ADS'!$A$4:$N$15,10,FALSE),A14,8)} -> 0.55 | F14: {=INDEX(SORT('ATDA & ADS'!$A$4:$N$15,10,FALSE),A14,9)} -> -0.02 | G14: {=INDEX(SORT('ATDA & ADS'!$A$4:$N$15,10,FALSE),A14,10)} -> 0.96491228 | H14: =IF(G14>=1.01,"Top Performer",IF(G14>=1,"Achieved",IF(G14>=0.98,"Near Target","Needs Pacing"))) -> Needs Pacing
A15: 4 | B15: {=INDEX(SORT('ATDA & ADS'!$A$4:$N$15,10,FALSE),A15,3)} -> Saidabad | C15: {=IFERROR(_xlfn.XLOOKUP(B15, Target!$C$4:$C$15, SCAN("", Target!$B$4:$B$15, LAMBDA(a,c, IF(c="", a, c)))), "")} -> Amir | D15: {=INDEX(SORT('ATDA & ADS'!$A$4:$N$15,10,FALSE),A15,5)} -> 0.95 | E15: {=INDEX(SORT('ATDA & ADS'!$A$4:$N$15,10,FALSE),A15,8)} -> 0.89 | F15: {=INDEX(SORT('ATDA & ADS'!$A$4:$N$15,10,FALSE),A15,9)} -> -0.06 | G15: {=INDEX(SORT('ATDA & ADS'!$A$4:$N$15,10,FALSE),A15,10)} -> 0.93684211 | H15: =IF(G15>=1.01,"Top Performer",IF(G15>=1,"Achieved",IF(G15>=0.98,"Near Target","Needs Pacing"))) -> Needs Pacing
A16: 5 | B16: {=INDEX(SORT('ATDA & ADS'!$A$4:$N$15,10,FALSE),A16,3)} -> Nazir Hat | C16: {=IFERROR(_xlfn.XLOOKUP(B16, Target!$C$4:$C$15, SCAN("", Target!$B$4:$B$15, LAMBDA(a,c, IF(c="", a, c)))), "")} -> Tahasin | D16: {=INDEX(SORT('ATDA & ADS'!$A$4:$N$15,10,FALSE),A16,5)} -> 0.57 | E16: {=INDEX(SORT('ATDA & ADS'!$A$4:$N$15,10,FALSE),A16,8)} -> 0.51 | F16: {=INDEX(SORT('ATDA & ADS'!$A$4:$N$15,10,FALSE),A16,9)} -> -0.06 | G16: {=INDEX(SORT('ATDA & ADS'!$A$4:$N$15,10,FALSE),A16,10)} -> 0.89473684 | H16: =IF(G16>=1.01,"Top Performer",IF(G16>=1,"Achieved",IF(G16>=0.98,"Near Target","Needs Pacing"))) -> Needs Pacing
A17: 6 | B17: {=INDEX(SORT('ATDA & ADS'!$A$4:$N$15,10,FALSE),A17,3)} -> Moulvi Bazar | C17: {=IFERROR(_xlfn.XLOOKUP(B17, Target!$C$4:$C$15, SCAN("", Target!$B$4:$B$15, LAMBDA(a,c, IF(c="", a, c)))), "")} -> Karim | D17: {=INDEX(SORT('ATDA & ADS'!$A$4:$N$15,10,FALSE),A17,5)} -> 0.57 | E17: {=INDEX(SORT('ATDA & ADS'!$A$4:$N$15,10,FALSE),A17,8)} -> 0.44 | F17: {=INDEX(SORT('ATDA & ADS'!$A$4:$N$15,10,FALSE),A17,9)} -> -0.13 | G17: {=INDEX(SORT('ATDA & ADS'!$A$4:$N$15,10,FALSE),A17,10)} -> 0.77192982 | H17: =IF(G17>=1.01,"Top Performer",IF(G17>=1,"Achieved",IF(G17>=0.98,"Near Target","Needs Pacing"))) -> Needs Pacing
A18: 7 | B18: {=INDEX(SORT('ATDA & ADS'!$A$4:$N$15,10,FALSE),A18,3)} -> Chandanaish | C18: {=IFERROR(_xlfn.XLOOKUP(B18, Target!$C$4:$C$15, SCAN("", Target!$B$4:$B$15, LAMBDA(a,c, IF(c="", a, c)))), "")} -> Piplu | D18: {=INDEX(SORT('ATDA & ADS'!$A$4:$N$15,10,FALSE),A18,5)} -> 1.33 | E18: {=INDEX(SORT('ATDA & ADS'!$A$4:$N$15,10,FALSE),A18,8)} -> 0.88 | F18: {=INDEX(SORT('ATDA & ADS'!$A$4:$N$15,10,FALSE),A18,9)} -> -0.45 | G18: {=INDEX(SORT('ATDA & ADS'!$A$4:$N$15,10,FALSE),A18,10)} -> 0.66165414 | H18: =IF(G18>=1.01,"Top Performer",IF(G18>=1,"Achieved",IF(G18>=0.98,"Near Target","Needs Pacing"))) -> Needs Pacing
A19: 8 | B19: {=INDEX(SORT('ATDA & ADS'!$A$4:$N$15,10,FALSE),A19,3)} -> Kesua | C19: {=IFERROR(_xlfn.XLOOKUP(B19, Target!$C$4:$C$15, SCAN("", Target!$B$4:$B$15, LAMBDA(a,c, IF(c="", a, c)))), "")} -> Karim | D19: {=INDEX(SORT('ATDA & ADS'!$A$4:$N$15,10,FALSE),A19,5)} -> 0.95 | E19: {=INDEX(SORT('ATDA & ADS'!$A$4:$N$15,10,FALSE),A19,8)} -> 0.61 | F19: {=INDEX(SORT('ATDA & ADS'!$A$4:$N$15,10,FALSE),A19,9)} -> -0.34 | G19: {=INDEX(SORT('ATDA & ADS'!$A$4:$N$15,10,FALSE),A19,10)} -> 0.64210526 | H19: =IF(G19>=1.01,"Top Performer",IF(G19>=1,"Achieved",IF(G19>=0.98,"Near Target","Needs Pacing"))) -> Needs Pacing
A20: 9 | B20: {=INDEX(SORT('ATDA & ADS'!$A$4:$N$15,10,FALSE),A20,3)} -> Char Barama | C20: {=IFERROR(_xlfn.XLOOKUP(B20, Target!$C$4:$C$15, SCAN("", Target!$B$4:$B$15, LAMBDA(a,c, IF(c="", a, c)))), "")} -> Jabed | D20: {=INDEX(SORT('ATDA & ADS'!$A$4:$N$15,10,FALSE),A20,5)} -> 0.95 | E20: {=INDEX(SORT('ATDA & ADS'!$A$4:$N$15,10,FALSE),A20,8)} -> 0.56 | F20: {=INDEX(SORT('ATDA & ADS'!$A$4:$N$15,10,FALSE),A20,9)} -> -0.39 | G20: {=INDEX(SORT('ATDA & ADS'!$A$4:$N$15,10,FALSE),A20,10)} -> 0.58947368 | H20: =IF(G20>=1.01,"Top Performer",IF(G20>=1,"Achieved",IF(G20>=0.98,"Near Target","Needs Pacing"))) -> Needs Pacing
A21: 10 | B21: {=INDEX(SORT('ATDA & ADS'!$A$4:$N$15,10,FALSE),A21,3)} -> khan Hat | C21: {=IFERROR(_xlfn.XLOOKUP(B21, Target!$C$4:$C$15, SCAN("", Target!$B$4:$B$15, LAMBDA(a,c, IF(c="", a, c)))), "")} -> Amir | D21: {=INDEX(SORT('ATDA & ADS'!$A$4:$N$15,10,FALSE),A21,5)} -> 1.52 | E21: {=INDEX(SORT('ATDA & ADS'!$A$4:$N$15,10,FALSE),A21,8)} -> 0.77 | F21: {=INDEX(SORT('ATDA & ADS'!$A$4:$N$15,10,FALSE),A21,9)} -> -0.75 | G21: {=INDEX(SORT('ATDA & ADS'!$A$4:$N$15,10,FALSE),A21,10)} -> 0.50657895 | H21: =IF(G21>=1.01,"Top Performer",IF(G21>=1,"Achieved",IF(G21>=0.98,"Near Target","Needs Pacing"))) -> Needs Pacing
A22: 11 | B22: {=INDEX(SORT('ATDA & ADS'!$A$4:$N$15,10,FALSE),A22,3)} -> Dhamair Hat | C22: {=IFERROR(_xlfn.XLOOKUP(B22, Target!$C$4:$C$15, SCAN("", Target!$B$4:$B$15, LAMBDA(a,c, IF(c="", a, c)))), "")} -> Anowar | D22: {=INDEX(SORT('ATDA & ADS'!$A$4:$N$15,10,FALSE),A22,5)} -> 1.33 | E22: {=INDEX(SORT('ATDA & ADS'!$A$4:$N$15,10,FALSE),A22,8)} -> 0.66 | F22: {=INDEX(SORT('ATDA & ADS'!$A$4:$N$15,10,FALSE),A22,9)} -> -0.67 | G22: {=INDEX(SORT('ATDA & ADS'!$A$4:$N$15,10,FALSE),A22,10)} -> 0.4962406 | H22: =IF(G22>=1.01,"Top Performer",IF(G22>=1,"Achieved",IF(G22>=0.98,"Near Target","Needs Pacing"))) -> Needs Pacing
A23: 12 | B23: {=INDEX(SORT('ATDA & ADS'!$A$4:$N$15,10,FALSE),A23,3)} -> Harala | C23: {=IFERROR(_xlfn.XLOOKUP(B23, Target!$C$4:$C$15, SCAN("", Target!$B$4:$B$15, LAMBDA(a,c, IF(c="", a, c)))), "")} -> Tahasin | D23: {=INDEX(SORT('ATDA & ADS'!$A$4:$N$15,10,FALSE),A23,5)} -> 0.95 | E23: {=INDEX(SORT('ATDA & ADS'!$A$4:$N$15,10,FALSE),A23,8)} -> 0.41 | F23: {=INDEX(SORT('ATDA & ADS'!$A$4:$N$15,10,FALSE),A23,9)} -> -0.54 | G23: {=INDEX(SORT('ATDA & ADS'!$A$4:$N$15,10,FALSE),A23,10)} -> 0.43157895 | H23: =IF(G23>=1.01,"Top Performer",IF(G23>=1,"Achieved",IF(G23>=0.98,"Near Target","Needs Pacing"))) -> Needs Pacing
A24: Territory Total / Benchmark | B24: 12 Active Routes | C24: Chandanaish Territory | D24: ='ATDA & ADS'!E16 -> 11.21 | E24: ='ATDA & ADS'!H16 -> 8.11 | F24: ='ATDA & ADS'!I16 -> -3.1 | G24: ='ATDA & ADS'!J16 -> 0.7234612 | H24: =IF(G24>=1,"Overall Achieved","Needs Pacing") -> Needs Pacing
