Workbook
Name _FilterDatabase_1_1: #REF!
Name _FilterDatabase_1_1: #REF!
Name _FilterDatabase_1_1: #REF!
Name _FilterDatabase_1_1: #REF!
Name _FilterDatabase_1_1: #REF!
Name _FilterDatabase_1_1: #REF!
Name _FilterDatabase_1_1: #REF!
Name _FilterDatabase_1_1: #REF!
Name _FilterDatabase_1_1: #REF!
Name _FilterDatabase_1_1: #REF!
Name _FilterDatabase_1_1: #REF!
Name _FilterDatabase_1_1: #REF!
Name _FilterDatabase_1_1_1: #REF!
Name _FilterDatabase_1_1_1: #REF!
Name _FilterDatabase_1_1_1: #REF!
Name _FilterDatabase_1_1_1: #REF!
Name _FilterDatabase_1_1_1: #REF!
Name _FilterDatabase_1_1_1: #REF!
Name _FilterDatabase_1_1_1: #REF!
Name _FilterDatabase_1_1_1: #REF!
Name _FilterDatabase_1_1_1: #REF!
Name _FilterDatabase_1_1_1: #REF!
Name _FilterDatabase_1_1_1: #REF!
Name _FilterDatabase_1_1_1: #REF!
Name _FilterDatabase_1_1_1_1: #REF!
Name _FilterDatabase_1_1_1_1: #REF!
Name _FilterDatabase_1_1_1_1: #REF!
Name _FilterDatabase_1_1_1_1: #REF!
Name _FilterDatabase_1_1_1_1: #REF!
Name _FilterDatabase_1_1_1_1: #REF!
Name _FilterDatabase_1_1_1_1: #REF!
Name _FilterDatabase_1_1_1_1: #REF!
Name _FilterDatabase_1_1_1_1: #REF!
Name _FilterDatabase_1_1_1_1: #REF!
Name _FilterDatabase_1_1_1_1: #REF!
Name _FilterDatabase_1_1_1_1: #REF!
Name _FilterDatabase_1_1_1_1_1: #REF!
Name _FilterDatabase_1_1_1_1_1: #REF!
Name _FilterDatabase_1_1_1_1_1: #REF!
Name _FilterDatabase_1_1_1_1_1: #REF!
Name _FilterDatabase_1_1_1_1_1: #REF!
Name _FilterDatabase_1_1_1_1_1: #REF!
Name _FilterDatabase_1_1_1_1_1: #REF!
Name _FilterDatabase_1_1_1_1_1: #REF!
Name _FilterDatabase_1_1_1_1_1: #REF!
Name _FilterDatabase_1_1_1_1_1: #REF!
Name _FilterDatabase_1_1_1_1_1: #REF!
Name _FilterDatabase_1_1_1_1_1: #REF!
Name _FilterDatabase_1_1_1_1_1_1: #REF!
Name _FilterDatabase_1_1_1_1_1_1: #REF!
Name _FilterDatabase_1_1_1_1_1_1: #REF!
Name _FilterDatabase_1_1_1_1_1_1: #REF!
Name _FilterDatabase_1_1_1_1_1_1: #REF!
Name _FilterDatabase_1_1_1_1_1_1: #REF!
Name _FilterDatabase_1_1_1_1_1_1: #REF!
Name _FilterDatabase_1_1_1_1_1_1: #REF!
Name _FilterDatabase_1_1_1_1_1_1: #REF!
Name _FilterDatabase_1_1_1_1_1_1: #REF!
Name _FilterDatabase_1_1_1_1_1_1: #REF!
Name _FilterDatabase_1_1_1_1_1_1: #REF!

Sheet 1
A1: Afaz Tobacco Company .
A2: Marketing Department
A3: Month:October-2026
A4: Daily Sales & Closing Stock Information.
B5: Date:01.10.2026 | G5: Division: Ctg South | U5: Wing: Chittagong
A6: SL. NO | B6: Name of Region | C6: Name of Territory | D6: Brand wise Sales (BITCL) | J6: TOTAL SALES | K6: Brand Wise Closing Stock (BITCL) | Q6: TOTAL Stock | R6: Brand wise Sales (BITCL) | W6: Total Zarda Sales Value | X6: Brand Wise Closing Stock (BITCL) | AC6: Total Zarda C.Stock Value | AD6: Express Empty Packet | AE6: Remark
D7: Wilson | E7: Shahara | F7: Express | G7: Nexus | H7: SB | I7: SM | K7: Wilson | L7: Shahara | M7: Express | N7: Nexus | O7: SB | P7: SM | R7: SLB | S7: 22/25 | T7: 99/14 | U7: 33/15 | X7: SLB | Y7: 22/25 | Z7: 99/14 | AA7: 33/15
A8: 1 | B8: Satkania | C8: Kerani hat | D8: 0 | E8: 0 | F8: 0.68 | G8: 0 | H8: 0 | I8: 0 | J8: =SUM(D8:I8) -> 0.68 | K8: 0.19 | L8: 0 | M8: 0.84 | N8: 0 | O8: 0 | P8: 0 | Q8: =SUM(K8:P8) -> 1.03 | R8: 0.01 | S8: 5 | T8: 0 | U8: 0 | V8: 0 | W8: =S8*15+T8*6+U8*8 -> 75 | X8: 0.97 | Y8: 1298 | Z8: 0 | AA8: 0 | AB8: 0 | AC8: =Y8*15+Z8*6+AA8*8 -> 19470 | AD8: 6660
A9: 2 | C9: Satkania | D9: 0.01 | E9: 0 | F9: 0.41 | G9: 0 | H9: 0 | I9: 0 | J9: =SUM(D9:I9) -> 0.42 | K9: 0.05 | L9: 0 | M9: 1.15 | N9: 0 | O9: 0 | P9: 0 | Q9: =SUM(K9:P9) -> 1.2 | R9: 0.01 | S9: 10 | T9: 0 | U9: 0 | V9: 0 | W9: =S9*15+T9*6+U9*8 -> 150 | X9: 0.63 | Y9: 363 | Z9: 0 | AA9: 0 | AB9: 0 | AC9: =Y9*15+Z9*6+AA9*8 -> 5445 | AD9: 4270
A10: 3 | C10: Bandarban | D10: 0 | E10: 0 | F10: 0.42 | G10: 0 | H10: 0 | I10: 0 | J10: =SUM(D10:I10) -> 0.42 | K10: 0.22 | L10: 0 | M10: 2.71 | N10: 0 | O10: 0 | P10: 0 | Q10: 2.93 | R10: 0.03 | S10: 0 | T10: 60 | U10: 0 | V10: 0 | W10: =S10*15+T10*6+U10*8 -> 360 | X10: 1.15 | Y10: 60 | Z10: 1134 | AA10: 0 | AB10: 0 | AC10: =Y10*15+Z10*6+AA10*8 -> 7704 | AD10: 4050
A11: 4 | C11: Rajasthali | D11: 0 | E11: 0 | F11: 0.06 | G11: 0 | H11: 0 | I11: 0 | J11: =SUM(D11:I11) -> 0.06 | K11: 0.09 | L11: 0 | M11: 0.11 | N11: 0 | O11: 0 | P11: 0 | Q11: =SUM(K11:P11) -> 0.2 | R11: 0.01 | S11: 0 | T11: 0 | U11: 0 | V11: 0 | W11: =S11*15+T11*6+U11*8 -> 0 | X11: 0.11 | Y11: 0 | Z11: 0 | AA11: 0 | AB11: 0 | AC11: =Y11*15+Z11*6+AA11*8 -> 0 | AD11: 600
A12: 5 | C12: Dohazari | D12: 0 | E12: 0 | F12: 0.62 | G12: 0 | H12: 0 | I12: 0 | J12: =SUM(D12:I12) -> 0.62 | K12: 0.1 | L12: 0 | M12: 3.82 | N12: 0 | O12: 0 | P12: 0 | Q12: =SUM(K12:P12) -> 3.92 | R12: 0 | S12: 18 | T12: 0 | U12: 0 | V12: 0 | W12: =S12*15+T12*6+U12*8 -> 270 | X12: 0.58 | Y12: 962 | AA12: 0 | AB12: 0 | AC12: =Y12*15+Z12*6+AA12*8 -> 14430 | AD12: 6400
A13: Satkania Region Total | D13: =SUM(D8:D12) -> 0.01 | E13: =SUM(E8:E12) -> 0 | F13: =SUM(F8:F12) -> 2.19 | G13: =SUM(G8:G12) -> 0 | H13: =SUM(H8:H12) -> 0 | I13: =SUM(I8:I12) -> 0 | J13: =SUM(J8:J12) -> 2.2 | K13: =SUM(K8:K12) -> 0.65 | ... AD13: =SUM(AD8:AD12) -> 21980

Sheet 2
A1: ='1'!A1 -> Afaz Tobacco Company .
A2: ='1'!A2 -> Marketing Department
A3: Month:October-2026
A4: ='1'!A4 -> Daily Sales & Closing Stock Information.
B5: Date:02.10.2026 | G5: Division: Ctg South | U5: Wing: Chittagong
A6: SL. NO | B6: Name of Region | C6: Name of Territory | D6: Brand wise Sales (BITCL) | J6: TOTAL SALES | K6: Brand Wise Closing Stock (BITCL) | Q6: TOTAL Stock | R6: Brand wise Sales (BITCL) | W6: Total Zarda Sales Value | X6: Brand Wise Closing Stock (BITCL) | AC6: Total Zarda C.Stock Value | AD6: Express Empty Packet | AE6: Remark
D7: Wilson | E7: Shahara | F7: Express | G7: Nexus | H7: SB | I7: SM | K7: Wilson | L7: Shahara | M7: Express | N7: Nexus | O7: SB | P7: SM | R7: SLB | S7: 22/25 | T7: 99/14 | U7: 33/15 | X7: SLB | Y7: 22/25 | Z7: 99/14 | AA7: 33/15
A8: 1 | B8: Satkania | C8: Kerani hat | D8: 0 | E8: 0 | F8: 0 | G8: 0 | H8: 0 | I8: 0 | J8: =SUM(D8:I8) -> 0 | K8: 0 | L8: 0 | M8: 0 | N8: 0 | O8: 0 | P8: 0 | Q8: =SUM(K8:P8) -> 0 | R8: 0 | S8: 0 | T8: 0 | U8: 0 | V8: 0 | W8: =S8*15+T8*6+U8*8 -> 0 | X8: 0 | Y8: 0 | Z8: 0 | AA8: 0 | AB8: 0 | AC8: =Y8*15+Z8*6+AA8*8 -> 0 | AD8: 0
A9: 2 | C9: Satkania | D9: 0 | E9: 0 | F9: 0 | G9: 0 | H9: 0 | I9: 0 | J9: =SUM(D9:I9) -> 0 | K9: 0 | L9: 0 | M9: 0 | N9: 0 | O9: 0 | P9: 0 | Q9: =SUM(K9:P9) -> 0 | R9: 0 | S9: 0 | T9: 0 | U9: 0 | V9: 0 | W9: =S9*15+T9*6+U9*8 -> 0 | X9: 0 | Y9: 0 | Z9: 0 | AA9: 0 | AB9: 0 | AC9: =Y9*15+Z9*6+AA9*8 -> 0 | AD9: 0
A10: 3 | C10: Bandarban | D10: 0 | E10: 0 | F10: 0 | G10: 0 | H10: 0 | I10: 0 | J10: =SUM(D10:I10) -> 0 | K10: 0 | L10: 0 | M10: 0 | N10: 0 | O10: 0 | P10: 0 | Q10: =SUM(K10:P10) -> 0 | R10: 0 | S10: 0 | T10: 0 | U10: 0 | V10: 0 | W10: =S10*15+T10*6+U10*8 -> 0 | X10: 0 | Y10: 0 | Z10: 0 | AA10: 0 | AB10: 0 | AC10: =Y10*15+Z10*6+AA10*8 -> 0 | AD10: 0
A11: 4 | C11: Rajasthali | D11: 0 | E11: 0 | F11: 0 | G11: 0 | H11: 0 | I11: 0 | J11: =SUM(D11:I11) -> 0 | K11: 0 | L11: 0 | M11: 0 | N11: 0 | O11: 0 | P11: 0 | Q11: =SUM(K11:P11) -> 0 | R11: 0 | S11: 0 | T11: 0 | U11: 0 | V11: 0 | W11: =S11*15+T11*6+U11*8 -> 0 | X11: 0 | Y11: 0 | Z11: 0 | AA11: 0 | AB11: 0 | AC11: =Y11*15+Z11*6+AA11*8 -> 0 | AD11: 0
A12: 5 | C12: Dohazari | D12: 0 | E12: 0 | F12: 0 | G12: 0 | H12: 0 | I12: 0 | J12: =SUM(D12:I12) -> 0 | K12: 0 | L12: 0 | M12: 0 | N12: 0 | O12: 0 | P12: 0 | Q12: =SUM(K12:P12) -> 0 | R12: 0 | S12: 0 | T12: 0 | U12: 0 | V12: 0 | W12: =S12*15+T12*6+U12*8 -> 0 | X12: 0 | Y12: 0 | Z12: 0 | AA12: 0 | AB12: 0 | AC12: =Y12*15+Z12*6+AA12*8 -> 0 | AD12: 0
A13: Satkania Region Total | D13: =SUM(D8:D12) -> 0 | E13: =SUM(E8:E12) -> 0 | F13: =SUM(F8:F12) -> 0 | G13: =SUM(G8:G12) -> 0 | H13: =SUM(H8:H12) -> 0 | I13: =SUM(I8:I12) -> 0 | J13: =SUM(J8:J12) -> 0 | K13: =SUM(K8:K12) -> 0 | ... AD13: =SUM(AD8:AD12) -> 0

Sheet 3
A1: ='1'!A1 -> Afaz Tobacco Company .
A2: ='1'!A2 -> Marketing Department
A3: Month:October-2026
A4: ='1'!A4 -> Daily Sales & Closing Stock Information.
B5: Date:03.10.2026 | G5: Division: Ctg South | U5: Wing: Chittagong
A6: SL. NO | B6: Name of Region | C6: Name of Territory | D6: Brand wise Sales (BITCL) | J6: TOTAL SALES | K6: Brand Wise Closing Stock (BITCL) | Q6: TOTAL Stock | R6: Brand wise Sales (BITCL) | W6: Total Zarda Sales Value | X6: Brand Wise Closing Stock (BITCL) | AC6: Total Zarda C.Stock Value | AD6: Express Empty Packet | AE6: Remark
D7: Wilson | E7: Shahara | F7: Express | G7: Nexus | H7: SB | I7: SM | K7: Wilson | L7: Shahara | M7: Express | N7: Nexus | O7: SB | P7: SM | R7: SLB | S7: 22/25 | T7: 99/14 | U7: 33/15 | X7: SLB | Y7: 22/25 | Z7: 99/14 | AA7: 33/15
A8: 1 | B8: Satkania | C8: Kerani hat | D8: 0 | E8: 0 | F8: 0.68 | G8: 0 | H8: 0 | I8: 0 | J8: =SUM(D8:I8) -> 0.68 | K8: 0.19 | L8: 0 | M8: 2.16 | N8: 0 | O8: 0 | P8: 0 | Q8: =SUM(K8:P8) -> 2.35 | R8: 0 | S8: 28 | T8: 0 | U8: 0 | V8: 0 | W8: =S8*15+T8*6+U8*8 -> 420 | X8: 1 | Y8: 1215 | Z8: 0 | AA8: 0 | AB8: 0 | AC8: =Y8*15+Z8*6+AA8*8 -> 18225 | AD8: 11760
A9: 2 | C9: Satkania | D9: 0 | E9: 0 | F9: 0.52 | G9: 0 | H9: 0 | I9: 0 | J9: =SUM(D9:I9) -> 0.52 | K9: 0.05 | L9: 0 | M9: 2.63 | N9: 0 | O9: 0 | P9: 0 | Q9: =SUM(K9:P9) -> 2.68 | R9: 0 | S9: 30 | T9: 0 | U9: 0 | V9: 0 | W9: =S9*15+T9*6+U9*8 -> 450 | X9: 0.63 | Y9: 333 | Z9: 0 | AA9: 0 | AB9: 0 | AC9: =Y9*15+Z9*6+AA9*8 -> 4995 | AD9: 8500
A10: 3 | C10: Bandarban | D10: 0 | E10: 0 | F10: 0.4 | G10: 0 | H10: 0 | I10: 0 | J10: =SUM(D10:I10) -> 0.4 | K10: 0.22 | L10: 0 | M10: 2.11 | N10: 0 | O10: 0 | P10: 0 | Q10: =SUM(K10:P10) -> 2.33 | R10: 0.03 | S10: 0 | T10: 66 | U10: 0 | V10: 0 | W10: =S10*15+T10*6+U10*8 -> 396 | X10: 1.13 | Y10: 60 | Z10: 1070 | AA10: 0 | AB10: 0 | AC10: =Y10*15+Z10*6+AA10*8 -> 7320 | AD10: 4800
A11: 4 | C11: Rajasthali | D11: 0 | E11: 0 | F11: 0.07 | G11: 0 | H11: 0 | I11: 0 | J11: =SUM(D11:I11) -> 0.07 | K11: 0.09 | L11: 0 | M11: 0.04 | N11: 0 | O11: 0 | P11: 0 | Q11: =SUM(K11:P11) -> 0.13 | R11: 0.01 | S11: 0 | T11: 0 | U11: 0 | V11: 0 | W11: =S11*15+T11*6+U11*8 -> 0 | X11: 0.1 | Y11: 0 | Z11: 0 | AA11: 0 | AB11: 0 | AC11: =Y11*15+Z11*6+AA11*8 -> 0 | AD11: 1000
A12: 5 | C12: Dohazari | D12: 0 | E12: 0 | F12: 0.57 | G12: 0 | H12: 0 | I12: 0 | J12: =SUM(D12:I12) -> 0.57 | K12: 0.1 | L12: 0 | M12: 3.25 | N12: 0 | O12: 0 | P12: 0 | Q12: =SUM(K12:P12) -> 3.35 | R12: 0 | S12: 54 | T12: 0 | U12: 0 | V12: 0 | W12: =S12*15+T12*6+U12*8 -> 810 | X12: 0.58 | Y12: 908 | Z12: 0 | AA12: 0 | AB12: 0 | AC12: =Y12*15+Z12*6+AA12*8 -> 13620 | AD12: 7450
A13: Satkania Region Total | D13: =SUM(D8:D12) -> 0 | E13: =SUM(E8:E12) -> 0 | F13: =SUM(F8:F12) -> 2.24 | G13: =SUM(G8:G12) -> 0 | H13: =SUM(H8:H12) -> 0 | I13: =SUM(I8:I12) -> 0 | J13: =SUM(J8:J12) -> 2.24 | K13: =SUM(K8:K12) -> 0.65 | ... AD13: =SUM(AD8:AD12) -> 33510

Sheet 4
A1: ='1'!A1 -> Afaz Tobacco Company .
A2: ='1'!A2 -> Marketing Department
A3: Month:October-2026
A4: ='1'!A4 -> Daily Sales & Closing Stock Information.
B5: Date:04.10.2026 | G5: Division: Ctg South | U5: Wing: Chittagong
A6: SL. NO | B6: Name of Region | C6: Name of Territory | D6: Brand wise Sales (BITCL) | J6: TOTAL SALES | K6: Brand Wise Closing Stock (BITCL) | Q6: TOTAL Stock | R6: Brand wise Sales (BITCL) | W6: Total Zarda Sales Value | X6: Brand Wise Closing Stock (BITCL) | AC6: Total Zarda C.Stock Value | AD6: Express Empty Packet | AE6: Remark
D7: Wilson | E7: Shahara | F7: Express | G7: Nexus | H7: SB | I7: SM | K7: Wilson | L7: Shahara | M7: Express | N7: Nexus | O7: SB | P7: SM | R7: SLB | S7: 22/25 | T7: 99/14 | U7: 33/15 | X7: SLB | Y7: 22/25 | Z7: 99/14 | AA7: 33/15
A8: 1 | B8: Satkania | C8: Kerani hat | D8: 0 | E8: 0 | F8: 0.65 | G8: 0 | H8: 0 | I8: 0 | J8: =SUM(D8:I8) -> 0.65 | K8: 0.19 | L8: 0 | M8: 1.51 | N8: 0 | O8: 0 | P8: 0 | Q8: =SUM(K8:P8) -> 1.7 | R8: 0.01 | S8: 22 | T8: 0 | U8: 0 | V8: 0 | W8: =S8*15+T8*6+U8*8 -> 330 | X8: 0.99 | Y8: 1193 | Z8: 0 | AA8: 0 | AB8: 0 | AC8: =Y8*15+Z8*6+AA8*8 -> 17895 | AD8: 8720
A9: 2 | C9: Satkania | D9: 0.01 | E9: 0 | F9: 0.59 | G9: 0 | H9: 0 | I9: 0 | J9: =SUM(D9:I9) -> 0.6 | K9: 0.04 | L9: 0 | M9: 2.04 | N9: 0 | O9: 0 | P9: 0 | Q9: =SUM(K9:P9) -> 2.08 | R9: 0 | S9: 30 | T9: 0 | U9: 0 | V9: 0 | W9: =S9*15+T9*6+U9*8 -> 450 | X9: 0.63 | Y9: 303 | Z9: 0 | AA9: 0 | AB9: 0 | AC9: =Y9*15+Z9*6+AA9*8 -> 4545 | AD9: 8920
A10: 3 | C10: Bandarban | D10: 0 | E10: 0 | F10: 0.45 | G10: 0 | H10: 0 | I10: 0 | J10: =SUM(D10:I10) -> 0.45 | K10: 0.22 | L10: 0 | M10: 1.66 | N10: 0 | O10: 0 | P10: 0 | Q10: =SUM(K10:P10) -> 1.88 | R10: 0.1 | S10: 0 | T10: 12 | U10: 0 | V10: 0 | W10: =S10*15+T10*6+U10*8 -> 72 | X10: 1.03 | Y10: 0 | Z10: 1058 | AA10: 0 | AB10: 0 | AC10: =Y10*15+Z10*6+AA10*8 -> 6348 | AD10: 6700
A11: 4 | C11: Rajasthali | D11: 0 | E11: 0 | F11: 0.06 | G11: 0 | H11: 0 | I11: 0 | J11: =SUM(D11:I11) -> 0.06 | K11: 0 | L11: 0 | M11: 0.18 | N11: 0 | O11: 0 | P11: 0 | Q11: =SUM(K11:P11) -> 0.18 | R11: 0.01 | S11: 0 | T11: 0 | U11: 0 | V11: 0 | W11: =S11*15+T11*6+U11*8 -> 0 | X11: 0.09 | Y11: 0 | Z11: 0 | AA11: 0 | AB11: 0 | AC11: =Y11*15+Z11*6+AA11*8 -> 0 | AD11: 600
A12: 5 | C12: Dohazari | D12: 0 | E12: 0 | F12: 0.6 | G12: 0 | H12: 0 | I12: 0 | J12: =SUM(D12:I12) -> 0.6 | K12: 0.1 | L12: 0 | M12: 2.65 | N12: 0 | O12: 0 | P12: 0 | Q12: =SUM(K12:P12) -> 2.75 | R12: 0 | S12: 36 | T12: 0 | U12: 0 | V12: 0 | W12: =S12*15+T12*6+U12*8 -> 540 | X12: 0.58 | Y12: 872 | Z12: 0 | AA12: 0 | AB12: 0 | AC12: =Y12*15+Z12*6+AA12*8 -> 13080 | AD12: 7700
A13: Satkania Region Total | D13: =SUM(D8:D12) -> 0.01 | E13: =SUM(E8:E12) -> 0 | F13: =SUM(F8:F12) -> 2.35 | G13: =SUM(G8:G12) -> 0 | H13: =SUM(H8:H12) -> 0 | I13: =SUM(I8:I12) -> 0 | J13: =SUM(J8:J12) -> 2.36 | K13: =SUM(K8:K12) -> 0.55 | ... AD13: =SUM(AD8:AD12) -> 32640

Sheet 5
A1: ='1'!A1 -> Afaz Tobacco Company .
A2: ='1'!A2 -> Marketing Department
A3: Month:October-2026
A4: ='1'!A4 -> Daily Sales & Closing Stock Information.
B5: Date:05.10.2026 | G5: Division: Ctg South | U5: Wing: Chittagong
A6: SL. NO | B6: Name of Region | C6: Name of Territory | D6: Brand wise Sales (BITCL) | J6: TOTAL SALES | K6: Brand Wise Closing Stock (BITCL) | Q6: TOTAL Stock | R6: Brand wise Sales (BITCL) | W6: Total Zarda Sales Value | X6: Brand Wise Closing Stock (BITCL) | AC6: Total Zarda C.Stock Value | AD6: Express Empty Packet | AE6: Remark
D7: Wilson | E7: Shahara | F7: Express | G7: Nexus | H7: SB | I7: SM | K7: Wilson | L7: Shahara | M7: Express | N7: Nexus | O7: SB | P7: SM | R7: SLB | S7: 22/25 | T7: 99/14 | U7: 33/15 | X7: SLB | Y7: 22/25 | Z7: 99/14 | AA7: 33/15
A8: 1 | B8: Satkania | C8: Kerani hat | D8: 0.01 | E8: 0 | F8: 0.5 | G8: 0 | H8: 0 | I8: 0 | J8: =SUM(D8:I8) -> 0.51 | K8: 0.18 | L8: 0 | M8: 1.01 | N8: 0 | O8: 0 | P8: 0 | Q8: =SUM(K8:P8) -> 1.19 | R8: 0.01 | S8: 22 | T8: 0 | U8: 0 | V8: 0 | W8: =S8*15+T8*6+U8*8 -> 330 | X8: 0.98 | Y8: 1171 | Z8: 0 | AA8: 0 | AB8: 0 | AC8: =Y8*15+Z8*6+AA8*8 -> 17565 | AD8: 8190
A9: 2 | C9: Satkania | D9: 0.01 | E9: 0 | F9: 0.54 | G9: 0 | H9: 0 | I9: 0 | J9: =SUM(D9:I9) -> 0.55 | K9: 0.03 | L9: 0 | M9: 1.5 | N9: 0 | O9: 0 | P9: 0 | Q9: =SUM(K9:P9) -> 1.53 | R9: 0.01 | S9: 33 | T9: 0 | U9: 0 | V9: 0 | W9: =S9*15+T9*6+U9*8 -> 495 | X9: 0.62 | Y9: 270 | Z9: 0 | AA9: 0 | AB9: 0 | AC9: =Y9*15+Z9*6+AA9*8 -> 4050 | AD9: 7180
A10: 3 | C10: Bandarban | D10: 0 | E10: 0 | F10: 0 | G10: 0 | H10: 0 | I10: 0 | J10: =SUM(D10:I10) -> 0 | K10: 0 | L10: 0 | M10: 0 | N10: 0 | O10: 0 | P10: 0 | Q10: =SUM(K10:P10) -> 0 | R10: 0 | S10: 0 | T10: 0 | U10: 0 | V10: 0 | W10: =S10*15+T10*6+U10*8 -> 0 | X10: 0 | Y10: 0 | Z10: 0 | AA10: 0 | AB10: 0 | AC10: =Y10*15+Z10*6+AA10*8 -> 0 | AD10: 0
A11: 4 | C11: Rajasthali | D11: 0 | E11: 0 | F11: 0.07 | G11: 0 | H11: 0 | I11: 0 | J11: =SUM(D11:I11) -> 0.07 | K11: 0.09 | L11: 0 | M11: 0.11 | N11: 0 | O11: 0 | P11: 0 | Q11: =SUM(K11:P11) -> 0.2 | R11: 0.01 | S11: 0 | T11: 0 | U11: 0 | V11: 0 | W11: =S11*15+T11*6+U11*8 -> 0 | X11: 0.08 | Y11: 0 | Z11: 0 | AA11: 0 | AB11: 0 | AC11: =Y11*15+Z11*6+AA11*8 -> 0 | AD11: 500
A12: 5 | C12: Dohazari | D12: 0.01 | E12: 0 | F12: 0.6 | G12: 0 | H12: 0 | I12: 0 | J12: =SUM(D12:I12) -> 0.61 | K12: 0.09 | L12: 0 | M12: 2.05 | N12: 0 | O12: 0 | P12: 0 | Q12: =SUM(K12:P12) -> 2.14 | R12: 0 | S12: 60 | T12: 0 | U12: 0 | V12: 0 | W12: =S12*15+T12*6+U12*8 -> 900 | X12: 0.58 | Y12: 812 | Z12: 0 | AA12: 0 | AB12: 0 | AC12: =Y12*15+Z12*6+AA12*8 -> 12180 | AD12: 6390
A13: Satkania Region Total | D13: =SUM(D8:D12) -> 0.03 | E13: =SUM(E8:E12) -> 0 | F13: =SUM(F8:F12) -> 1.71 | G13: =SUM(G8:G12) -> 0 | H13: =SUM(H8:H12) -> 0 | I13: =SUM(I8:I12) -> 0 | J13: =SUM(J8:J12) -> 1.74 | K13: =SUM(K8:K12) -> 0.39 | ... AD13: =SUM(AD8:AD12) -> 22260

Sheet 6
A1: ='1'!A1 -> Afaz Tobacco Company .
A2: ='1'!A2 -> Marketing Department
A3: Month:October-2026
A4: ='1'!A4 -> Daily Sales & Closing Stock Information.
B5: Date:06.10.2026 | G5: Division: Ctg South | U5: Wing: Chittagong
A6: SL. NO | B6: Name of Region | C6: Name of Territory | D6: Brand wise Sales (BITCL) | J6: TOTAL SALES | K6: Brand Wise Closing Stock (BITCL) | Q6: TOTAL Stock | R6: Brand wise Sales (BITCL) | W6: Total Zarda Sales Value | X6: Brand Wise Closing Stock (BITCL) | AC6: Total Zarda C.Stock Value | AD6: Express Empty Packet | AE6: Remark
D7: Wilson | E7: Shahara | F7: Express | G7: Nexus | H7: SB | I7: SM | K7: Wilson | L7: Shahara | M7: Express | N7: Nexus | O7: SB | P7: SM | R7: SLB | S7: 22/25 | T7: 99/14 | U7: 33/15 | X7: SLB | Y7: 22/25 | Z7: 99/14 | AA7: 33/15
A8: 1 | B8: Satkania | C8: Kerani hat | D8: 0 | E8: 0 | F8: 0 | G8: 0 | H8: 0 | I8: 0 | J8: =SUM(D8:I8) -> 0 | K8: 0 | L8: 0 | M8: 0 | N8: 0 | O8: 0 | P8: 0 | Q8: =SUM(K8:P8) -> 0 | R8: 0 | S8: 0 | T8: 0 | U8: 0 | V8: 0 | W8: =S8*15+T8*6+U8*8 -> 0 | X8: 0 | Y8: 0 | Z8: 0 | AA8: 0 | AB8: 0 | AC8: =Y8*15+Z8*6+AA8*8 -> 0 | AD8: 0
A9: 2 | C9: Satkania | D9: 0 | E9: 0 | F9: 0 | G9: 0 | H9: 0 | I9: 0 | J9: =SUM(D9:I9) -> 0 | K9: 0 | L9: 0 | M9: 0 | N9: 0 | O9: 0 | P9: 0 | Q9: =SUM(K9:P9) -> 0 | R9: 0 | S9: 0 | T9: 0 | U9: 0 | V9: 0 | W9: =S9*15+T9*6+U9*8 -> 0 | X9: 0 | Y9: 0 | Z9: 0 | AA9: 0 | AB9: 0 | AC9: =Y9*15+Z9*6+AA9*8 -> 0 | AD9: 0
A10: 3 | C10: Bandarban | D10: 0 | E10: 0 | F10: 0 | G10: 0 | H10: 0 | I10: 0 | J10: =SUM(D10:I10) -> 0 | K10: 0 | L10: 0 | M10: 0 | N10: 0 | O10: 0 | P10: 0 | Q10: =SUM(K10:P10) -> 0 | R10: 0 | S10: 0 | T10: 0 | U10: 0 | V10: 0 | W10: =S10*15+T10*6+U10*8 -> 0 | X10: 0 | Y10: 0 | Z10: 0 | AA10: 0 | AB10: 0 | AC10: =Y10*15+Z10*6+AA10*8 -> 0 | AD10: 0
A11: 4 | C11: Rajasthali | D11: 0 | E11: 0 | F11: 0 | G11: 0 | H11: 0 | I11: 0 | J11: =SUM(D11:I11) -> 0 | K11: 0 | L11: 0 | M11: 0 | N11: 0 | O11: 0 | P11: 0 | Q11: =SUM(K11:P11) -> 0 | R11: 0 | S11: 0 | T11: 0 | U11: 0 | V11: 0 | W11: =S11*15+T11*6+U11*8 -> 0 | X11: 0 | Y11: 0 | Z11: 0 | AA11: 0 | AB11: 0 | AC11: =Y11*15+Z11*6+AA11*8 -> 0 | AD11: 0
A12: 5 | C12: Dohazari | D12: 0 | E12: 0 | F12: 0 | G12: 0 | H12: 0 | I12: 0 | J12: =SUM(D12:I12) -> 0 | K12: 0 | L12: 0 | M12: 0 | N12: 0 | O12: 0 | P12: 0 | Q12: =SUM(K12:P12) -> 0 | R12: 0 | S12: 0 | T12: 0 | U12: 0 | V12: 0 | W12: =S12*15+T12*6+U12*8 -> 0 | X12: 0 | Y12: 0 | Z12: 0 | AA12: 0 | AB12: 0 | AC12: =Y12*15+Z12*6+AA12*8 -> 0 | AD12: 0
A13: Satkania Region Total | D13: =SUM(D8:D12) -> 0 | E13: =SUM(E8:E12) -> 0 | F13: =SUM(F8:F12) -> 0 | G13: =SUM(G8:G12) -> 0 | H13: =SUM(H8:H12) -> 0 | I13: =SUM(I8:I12) -> 0 | J13: =SUM(J8:J12) -> 0 | K13: =SUM(K8:K12) -> 0 | ... AD13: =SUM(AD8:AD12) -> 0

Sheet 7
A1: ='1'!A1 -> Afaz Tobacco Company .
A2: ='1'!A2 -> Marketing Department
A3: Month:October-2026
A4: ='1'!A4 -> Daily Sales & Closing Stock Information.
B5: Date:07.10.2026 | G5: Division: Ctg South | U5: Wing: Chittagong
A6: SL. NO | B6: Name of Region | C6: Name of Territory | D6: Brand wise Sales (BITCL) | J6: TOTAL SALES | K6: Brand Wise Closing Stock (BITCL) | Q6: TOTAL Stock | R6: Brand wise Sales (BITCL) | W6: Total Zarda Sales Value | X6: Brand Wise Closing Stock (BITCL) | AC6: Total Zarda C.Stock Value | AD6: Express Empty Packet | AE6: Remark
D7: Wilson | E7: Shahara | F7: Express | G7: Nexus | H7: SB | I7: SM | K7: Wilson | L7: Shahara | M7: Express | N7: Nexus | O7: SB | P7: SM | R7: SLB | S7: 22/25 | T7: 99/14 | U7: 33/15 | X7: SLB | Y7: 22/25 | Z7: 99/14 | AA7: 33/15
A8: 1 | B8: Satkania | C8: Kerani hat | D8: 0 | E8: 0 | F8: 0 | G8: 0 | H8: 0 | I8: 0 | J8: =SUM(D8:I8) -> 0 | K8: 0 | L8: 0 | M8: 0 | N8: 0 | O8: 0 | P8: 0 | Q8: =SUM(K8:P8) -> 0 | R8: 0 | S8: 0 | T8: 0 | U8: 0 | V8: 0 | W8: =S8*15+T8*6+U8*8 -> 0 | X8: 0 | Y8: 0 | Z8: 0 | AA8: 0 | AB8: 0 | AC8: =Y8*15+Z8*6+AA8*8 -> 0 | AD8: 0
A9: 2 | C9: Satkania | D9: 0 | E9: 0 | F9: 0 | G9: 0 | H9: 0 | I9: 0 | J9: =SUM(D9:I9) -> 0 | K9: 0 | L9: 0 | M9: 0 | N9: 0 | O9: 0 | P9: 0 | Q9: =SUM(K9:P9) -> 0 | R9: 0 | S9: 0 | T9: 0 | U9: 0 | V9: 0 | W9: =S9*15+T9*6+U9*8 -> 0 | X9: 0 | Y9: 0 | Z9: 0 | AA9: 0 | AB9: 0 | AC9: =Y9*15+Z9*6+AA9*8 -> 0 | AD9: 0
A10: 3 | C10: Bandarban | D10: 0 | E10: 0 | F10: 0 | G10: 0 | H10: 0 | I10: 0 | J10: =SUM(D10:I10) -> 0 | K10: 0 | L10: 0 | M10: 0 | N10: 0 | O10: 0 | P10: 0 | Q10: =SUM(K10:P10) -> 0 | R10: 0 | S10: 0 | T10: 0 | U10: 0 | V10: 0 | W10: =S10*15+T10*6+U10*8 -> 0 | X10: 0 | Y10: 0 | Z10: 0 | AA10: 0 | AB10: 0 | AC10: =Y10*15+Z10*6+AA10*8 -> 0 | AD10: 0
A11: 4 | C11: Rajasthali | D11: 0 | E11: 0 | F11: 0 | G11: 0 | H11: 0 | I11: 0 | J11: =SUM(D11:I11) -> 0 | K11: 0 | L11: 0 | M11: 0 | N11: 0 | O11: 0 | P11: 0 | Q11: =SUM(K11:P11) -> 0 | R11: 0 | S11: 0 | T11: 0 | U11: 0 | V11: 0 | W11: =S11*15+T11*6+U11*8 -> 0 | X11: 0 | Y11: 0 | Z11: 0 | AA11: 0 | AB11: 0 | AC11: =Y11*15+Z11*6+AA11*8 -> 0 | AD11: 0
A12: 5 | C12: Dohazari | D12: 0 | E12: 0 | F12: 0 | G12: 0 | H12: 0 | I12: 0 | J12: =SUM(D12:I12) -> 0 | K12: 0 | L12: 0 | M12: 0 | N12: 0 | O12: 0 | P12: 0 | Q12: =SUM(K12:P12) -> 0 | R12: 0 | S12: 0 | T12: 0 | U12: 0 | V12: 0 | W12: =S12*15+T12*6+U12*8 -> 0 | X12: 0 | Y12: 0 | Z12: 0 | AA12: 0 | AB12: 0 | AC12: =Y12*15+Z12*6+AA12*8 -> 0 | AD12: 0
A13: Satkania Region Total | D13: =SUM(D8:D12) -> 0 | E13: =SUM(E8:E12) -> 0 | F13: =SUM(F8:F12) -> 0 | G13: =SUM(G8:G12) -> 0 | H13: =SUM(H8:H12) -> 0 | I13: =SUM(I8:I12) -> 0 | J13: =SUM(J8:J12) -> 0 | K13: =SUM(K8:K12) -> 0 | ... AD13: =SUM(AD8:AD12) -> 0

Sheet 8
A1: ='1'!A1 -> Afaz Tobacco Company .
A2: ='1'!A2 -> Marketing Department
A3: Month:October-2026
A4: ='1'!A4 -> Daily Sales & Closing Stock Information.
B5: Date:08.10.2026 | G5: Division: Ctg South | U5: Wing: Chittagong
A6: SL. NO | B6: Name of Region | C6: Name of Territory | D6: Brand wise Sales (BITCL) | J6: TOTAL SALES | K6: Brand Wise Closing Stock (BITCL) | Q6: TOTAL Stock | R6: Brand wise Sales (BITCL) | W6: Total Zarda Sales Value | X6: Brand Wise Closing Stock (BITCL) | AC6: Total Zarda C.Stock Value | AD6: Express Empty Packet | AE6: Remark
D7: Wilson | E7: Shahara | F7: Express | G7: Nexus | H7: SB | I7: SM | K7: Wilson | L7: Shahara | M7: Express | N7: Nexus | O7: SB | P7: SM | R7: SLB | S7: 22/25 | T7: 99/14 | U7: 33/15 | X7: SLB | Y7: 22/25 | Z7: 99/14 | AA7: 33/15
A8: 1 | B8: Satkania | C8: Kerani hat | D8: 0 | E8: 0 | F8: 0 | G8: 0 | H8: 0 | I8: 0 | J8: =SUM(D8:I8) -> 0 | K8: 0 | L8: 0 | M8: 0 | N8: 0 | O8: 0 | P8: 0 | Q8: =SUM(K8:P8) -> 0 | R8: 0 | S8: 0 | T8: 0 | U8: 0 | V8: 0 | W8: =S8*15+T8*6+U8*8 -> 0 | X8: 0 | Y8: 0 | Z8: 0 | AA8: 0 | AB8: 0 | AC8: =Y8*15+Z8*6+AA8*8 -> 0 | AD8: 0
A9: 2 | C9: Satkania | D9: 0 | E9: 0 | F9: 0 | G9: 0 | H9: 0 | I9: 0 | J9: =SUM(D9:I9) -> 0 | K9: 0 | L9: 0 | M9: 0 | N9: 0 | O9: 0 | P9: 0 | Q9: =SUM(K9:P9) -> 0 | R9: 0 | S9: 0 | T9: 0 | U9: 0 | V9: 0 | W9: =S9*15+T9*6+U9*8 -> 0 | X9: 0 | Y9: 0 | Z9: 0 | AA9: 0 | AB9: 0 | AC9: =Y9*15+Z9*6+AA9*8 -> 0 | AD9: 0
A10: 3 | C10: Bandarban | D10: 0 | E10: 0 | F10: 0 | G10: 0 | H10: 0 | I10: 0 | J10: =SUM(D10:I10) -> 0 | K10: 0 | L10: 0 | M10: 0 | N10: 0 | O10: 0 | P10: 0 | Q10: =SUM(K10:P10) -> 0 | R10: 0 | S10: 0 | T10: 0 | U10: 0 | V10: 0 | W10: =S10*15+T10*6+U10*8 -> 0 | X10: 0 | Y10: 0 | Z10: 0 | AA10: 0 | AB10: 0 | AC10: =Y10*15+Z10*6+AA10*8 -> 0 | AD10: 0
A11: 4 | C11: Rajasthali | D11: 0 | E11: 0 | F11: 0 | G11: 0 | H11: 0 | I11: 0 | J11: =SUM(D11:I11) -> 0 | K11: 0 | L11: 0 | M11: 0 | N11: 0 | O11: 0 | P11: 0 | Q11: =SUM(K11:P11) -> 0 | R11: 0 | S11: 0 | T11: 0 | U11: 0 | V11: 0 | W11: =S11*15+T11*6+U11*8 -> 0 | X11: 0 | Y11: 0 | Z11: 0 | AA11: 0 | AB11: 0 | AC11: =Y11*15+Z11*6+AA11*8 -> 0 | AD11: 0
A12: 5 | C12: Dohazari | D12: 0 | E12: 0 | F12: 0 | G12: 0 | H12: 0 | I12: 0 | J12: =SUM(D12:I12) -> 0 | K12: 0 | L12: 0 | M12: 0 | N12: 0 | O12: 0 | P12: 0 | Q12: =SUM(K12:P12) -> 0 | R12: 0 | S12: 0 | T12: 0 | U12: 0 | V12: 0 | W12: =S12*15+T12*6+U12*8 -> 0 | X12: 0 | Y12: 0 | Z12: 0 | AA12: 0 | AB12: 0 | AC12: =Y12*15+Z12*6+AA12*8 -> 0 | AD12: 0
A13: Satkania Region Total | D13: =SUM(D8:D12) -> 0 | E13: =SUM(E8:E12) -> 0 | F13: =SUM(F8:F12) -> 0 | G13: =SUM(G8:G12) -> 0 | H13: =SUM(H8:H12) -> 0 | I13: =SUM(I8:I12) -> 0 | J13: =SUM(J8:J12) -> 0 | K13: =SUM(K8:K12) -> 0 | ... AD13: =SUM(AD8:AD12) -> 0

Sheet 9
A1: ='1'!A1 -> Afaz Tobacco Company .
A2: ='1'!A2 -> Marketing Department
A3: Month:October-2026
A4: ='1'!A4 -> Daily Sales & Closing Stock Information.
B5: Date:09.10.2026 | G5: Division: Ctg South | U5: Wing: Chittagong
A6: SL. NO | B6: Name of Region | C6: Name of Territory | D6: Brand wise Sales (BITCL) | J6: TOTAL SALES | K6: Brand Wise Closing Stock (BITCL) | Q6: TOTAL Stock | R6: Brand wise Sales (BITCL) | W6: Total Zarda Sales Value | X6: Brand Wise Closing Stock (BITCL) | AC6: Total Zarda C.Stock Value | AD6: Express Empty Packet | AE6: Remark
D7: Wilson | E7: Shahara | F7: Express | G7: Nexus | H7: SB | I7: SM | K7: Wilson | L7: Shahara | M7: Express | N7: Nexus | O7: SB | P7: SM | R7: SLB | S7: 22/25 | T7: 99/14 | U7: 33/15 | X7: SLB | Y7: 22/25 | Z7: 99/14 | AA7: 33/15
A8: 1 | B8: Satkania | C8: Kerani hat | D8: 0 | E8: 0 | F8: 0 | G8: 0 | H8: 0 | I8: 0 | J8: =SUM(D8:I8) -> 0 | K8: 0 | L8: 0 | M8: 0 | N8: 0 | O8: 0 | P8: 0 | Q8: =SUM(K8:P8) -> 0 | R8: 0 | S8: 0 | T8: 0 | U8: 0 | V8: 0 | W8: =S8*15+T8*6+U8*8 -> 0 | X8: 0 | Y8: 0 | Z8: 0 | AA8: 0 | AB8: 0 | AC8: =Y8*15+Z8*6+AA8*8 -> 0 | AD8: 0
A9: 2 | C9: Satkania | D9: 0 | E9: 0 | F9: 0 | G9: 0 | H9: 0 | I9: 0 | J9: =SUM(D9:I9) -> 0 | K9: 0 | L9: 0 | M9: 0 | N9: 0 | O9: 0 | P9: 0 | Q9: =SUM(K9:P9) -> 0 | R9: 0 | S9: 0 | T9: 0 | U9: 0 | V9: 0 | W9: =S9*15+T9*6+U9*8 -> 0 | X9: 0 | Y9: 0 | Z9: 0 | AA9: 0 | AB9: 0 | AC9: =Y9*15+Z9*6+AA9*8 -> 0 | AD9: 0
A10: 3 | C10: Bandarban | D10: 0 | E10: 0 | F10: 0 | G10: 0 | H10: 0 | I10: 0 | J10: =SUM(D10:I10) -> 0 | K10: 0 | L10: 0 | M10: 0 | N10: 0 | O10: 0 | P10: 0 | Q10: =SUM(K10:P10) -> 0 | R10: 0 | S10: 0 | T10: 0 | U10: 0 | V10: 0 | W10: =S10*15+T10*6+U10*8 -> 0 | X10: 0 | Y10: 0 | Z10: 0 | AA10: 0 | AB10: 0 | AC10: =Y10*15+Z10*6+AA10*8 -> 0 | AD10: 0
A11: 4 | C11: Rajasthali | D11: 0 | E11: 0 | F11: 0 | G11: 0 | H11: 0 | I11: 0 | J11: =SUM(D11:I11) -> 0 | K11: 0 | L11: 0 | M11: 0 | N11: 0 | O11: 0 | P11: 0 | Q11: =SUM(K11:P11) -> 0 | R11: 0 | S11: 0 | T11: 0 | U11: 0 | V11: 0 | W11: =S11*15+T11*6+U11*8 -> 0 | X11: 0 | Y11: 0 | Z11: 0 | AA11: 0 | AB11: 0 | AC11: =Y11*15+Z11*6+AA11*8 -> 0 | AD11: 0
A12: 5 | C12: Dohazari | D12: 0 | E12: 0 | F12: 0 | G12: 0 | H12: 0 | I12: 0 | J12: =SUM(D12:I12) -> 0 | K12: 0 | L12: 0 | M12: 0 | N12: 0 | O12: 0 | P12: 0 | Q12: =SUM(K12:P12) -> 0 | R12: 0 | S12: 0 | T12: 0 | U12: 0 | V12: 0 | W12: =S12*15+T12*6+U12*8 -> 0 | X12: 0 | Y12: 0 | Z12: 0 | AA12: 0 | AB12: 0 | AC12: =Y12*15+Z12*6+AA12*8 -> 0 | AD12: 0
A13: Satkania Region Total | D13: =SUM(D8:D12) -> 0 | E13: =SUM(E8:E12) -> 0 | F13: =SUM(F8:F12) -> 0 | G13: =SUM(G8:G12) -> 0 | H13: =SUM(H8:H12) -> 0 | I13: =SUM(I8:I12) -> 0 | J13: =SUM(J8:J12) -> 0 | K13: =SUM(K8:K12) -> 0 | ... AD13: =SUM(AD8:AD12) -> 0

Sheet 10
A1: ='1'!A1 -> Afaz Tobacco Company .
A2: ='1'!A2 -> Marketing Department
A3: Month:October-2026
A4: ='1'!A4 -> Daily Sales & Closing Stock Information.
B5: Date:10.10.2026 | G5: Division: Ctg South | U5: Wing: Chittagong
A6: SL. NO | B6: Name of Region | C6: Name of Territory | D6: Brand wise Sales (BITCL) | J6: TOTAL SALES | K6: Brand Wise Closing Stock (BITCL) | Q6: TOTAL Stock | R6: Brand wise Sales (BITCL) | W6: Total Zarda Sales Value | X6: Brand Wise Closing Stock (BITCL) | AC6: Total Zarda C.Stock Value | AD6: Express Empty Packet | AE6: Remark
D7: Wilson | E7: Shahara | F7: Express | G7: Nexus | H7: SB | I7: SM | K7: Wilson | L7: Shahara | M7: Express | N7: Nexus | O7: SB | P7: SM | R7: SLB | S7: 22/25 | T7: 99/14 | U7: 33/15 | X7: SLB | Y7: 22/25 | Z7: 99/14 | AA7: 33/15
A8: 1 | B8: Satkania | C8: Kerani hat | D8: 0 | E8: 0 | F8: 0 | G8: 0 | H8: 0 | I8: 0 | J8: =SUM(D8:I8) -> 0 | K8: 0 | L8: 0 | M8: 0 | N8: 0 | O8: 0 | P8: 0 | Q8: =SUM(K8:P8) -> 0 | R8: 0 | S8: 0 | T8: 0 | U8: 0 | V8: 0 | W8: =S8*15+T8*6+U8*8 -> 0 | X8: 0 | Y8: 0 | Z8: 0 | AA8: 0 | AB8: 0 | AC8: =Y8*15+Z8*6+AA8*8 -> 0 | AD8: 0
A9: 2 | C9: Satkania | D9: 0 | E9: 0 | F9: 0 | G9: 0 | H9: 0 | I9: 0 | J9: =SUM(D9:I9) -> 0 | K9: 0 | L9: 0 | M9: 0 | N9: 0 | O9: 0 | P9: 0 | Q9: =SUM(K9:P9) -> 0 | R9: 0 | S9: 0 | T9: 0 | U9: 0 | V9: 0 | W9: =S9*15+T9*6+U9*8 -> 0 | X9: 0 | Y9: 0 | Z9: 0 | AA9: 0 | AB9: 0 | AC9: =Y9*15+Z9*6+AA9*8 -> 0 | AD9: 0
A10: 3 | C10: Bandarban | D10: 0 | E10: 0 | F10: 0 | G10: 0 | H10: 0 | I10: 0 | J10: =SUM(D10:I10) -> 0 | K10: 0 | L10: 0 | M10: 0 | N10: 0 | O10: 0 | P10: 0 | Q10: =SUM(K10:P10) -> 0 | R10: 0 | S10: 0 | T10: 0 | U10: 0 | V10: 0 | W10: =S10*15+T10*6+U10*8 -> 0 | X10: 0 | Y10: 0 | Z10: 0 | AA10: 0 | AB10: 0 | AC10: =Y10*15+Z10*6+AA10*8 -> 0 | AD10: 0
A11: 4 | C11: Rajasthali | D11: 0 | E11: 0 | F11: 0 | G11: 0 | H11: 0 | I11: 0 | J11: =SUM(D11:I11) -> 0 | K11: 0 | L11: 0 | M11: 0 | N11: 0 | O11: 0 | P11: 0 | Q11: =SUM(K11:P11) -> 0 | R11: 0 | S11: 0 | T11: 0 | U11: 0 | V11: 0 | W11: =S11*15+T11*6+U11*8 -> 0 | X11: 0 | Y11: 0 | Z11: 0 | AA11: 0 | AB11: 0 | AC11: =Y11*15+Z11*6+AA11*8 -> 0 | AD11: 0
A12: 5 | C12: Dohazari | D12: 0 | E12: 0 | F12: 0 | G12: 0 | H12: 0 | I12: 0 | J12: =SUM(D12:I12) -> 0 | K12: 0 | L12: 0 | M12: 0 | N12: 0 | O12: 0 | P12: 0 | Q12: =SUM(K12:P12) -> 0 | R12: 0 | S12: 0 | T12: 0 | U12: 0 | V12: 0 | W12: =S12*15+T12*6+U12*8 -> 0 | X12: 0 | Y12: 0 | Z12: 0 | AA12: 0 | AB12: 0 | AC12: =Y12*15+Z12*6+AA12*8 -> 0 | AD12: 0
A13: Satkania Region Total | D13: =SUM(D8:D12) -> 0 | E13: =SUM(E8:E12) -> 0 | F13: =SUM(F8:F12) -> 0 | G13: =SUM(G8:G12) -> 0 | H13: =SUM(H8:H12) -> 0 | I13: =SUM(I8:I12) -> 0 | J13: =SUM(J8:J12) -> 0 | K13: =SUM(K8:K12) -> 0 | ... AD13: =SUM(AD8:AD12) -> 0

Sheet 11
A1: ='1'!A1 -> Afaz Tobacco Company .
A2: ='1'!A2 -> Marketing Department
A3: Month:October-2026
A4: ='1'!A4 -> Daily Sales & Closing Stock Information.
B5: Date:11.10.2026 | G5: Division: Ctg South | U5: Wing: Chittagong
A6: SL. NO | B6: Name of Region | C6: Name of Territory | D6: Brand wise Sales (BITCL) | J6: TOTAL SALES | K6: Brand Wise Closing Stock (BITCL) | Q6: TOTAL Stock | R6: Brand wise Sales (BITCL) | W6: Total Zarda Sales Value | X6: Brand Wise Closing Stock (BITCL) | AC6: Total Zarda C.Stock Value | AD6: Express Empty Packet | AE6: Remark
D7: Wilson | E7: Shahara | F7: Express | G7: Nexus | H7: SB | I7: SM | K7: Wilson | L7: Shahara | M7: Express | N7: Nexus | O7: SB | P7: SM | R7: SLB | S7: 22/25 | T7: 99/14 | U7: 33/15 | X7: SLB | Y7: 22/25 | Z7: 99/14 | AA7: 33/15
A8: 1 | B8: Satkania | C8: Kerani hat | D8: 0 | E8: 0 | F8: 0 | G8: 0 | H8: 0 | I8: 0 | J8: =SUM(D8:I8) -> 0 | K8: 0 | L8: 0 | M8: 0 | N8: 0 | O8: 0 | P8: 0 | Q8: =SUM(K8:P8) -> 0 | R8: 0 | S8: 0 | T8: 0 | U8: 0 | V8: 0 | W8: =S8*15+T8*6+U8*8 -> 0 | X8: 0 | Y8: 0 | Z8: 0 | AA8: 0 | AB8: 0 | AC8: =Y8*15+Z8*6+AA8*8 -> 0 | AD8: 0
A9: 2 | C9: Satkania | D9: 0 | E9: 0 | F9: 0 | G9: 0 | H9: 0 | I9: 0 | J9: =SUM(D9:I9) -> 0 | K9: 0 | L9: 0 | M9: 0 | N9: 0 | O9: 0 | P9: 0 | Q9: =SUM(K9:P9) -> 0 | R9: 0 | S9: 0 | T9: 0 | U9: 0 | V9: 0 | W9: =S9*15+T9*6+U9*8 -> 0 | X9: 0 | Y9: 0 | Z9: 0 | AA9: 0 | AB9: 0 | AC9: =Y9*15+Z9*6+AA9*8 -> 0 | AD9: 0
A10: 3 | C10: Bandarban | D10: 0 | E10: 0 | F10: 0 | G10: 0 | H10: 0 | I10: 0 | J10: =SUM(D10:I10) -> 0 | K10: 0 | L10: 0 | M10: 0 | N10: 0 | O10: 0 | P10: 0 | Q10: =SUM(K10:P10) -> 0 | R10: 0 | S10: 0 | T10: 0 | U10: 0 | V10: 0 | W10: =S10*15+T10*6+U10*8 -> 0 | X10: 0 | Y10: 0 | Z10: 0 | AA10: 0 | AB10: 0 | AC10: =Y10*15+Z10*6+AA10*8 -> 0 | AD10: 0
A11: 4 | C11: Rajasthali | D11: 0 | E11: 0 | F11: 0 | G11: 0 | H11: 0 | I11: 0 | J11: =SUM(D11:I11) -> 0 | K11: 0 | L11: 0 | M11: 0 | N11: 0 | O11: 0 | P11: 0 | Q11: =SUM(K11:P11) -> 0 | R11: 0 | S11: 0 | T11: 0 | U11: 0 | V11: 0 | W11: =S11*15+T11*6+U11*8 -> 0 | X11: 0 | Y11: 0 | Z11: 0 | AA11: 0 | AB11: 0 | AC11: =Y11*15+Z11*6+AA11*8 -> 0 | AD11: 0
A12: 5 | C12: Dohazari | D12: 0 | E12: 0 | F12: 0 | G12: 0 | H12: 0 | I12: 0 | J12: =SUM(D12:I12) -> 0 | K12: 0 | L12: 0 | M12: 0 | N12: 0 | O12: 0 | P12: 0 | Q12: =SUM(K12:P12) -> 0 | R12: 0 | S12: 0 | T12: 0 | U12: 0 | V12: 0 | W12: =S12*15+T12*6+U12*8 -> 0 | X12: 0 | Y12: 0 | Z12: 0 | AA12: 0 | AB12: 0 | AC12: =Y12*15+Z12*6+AA12*8 -> 0 | AD12: 0
A13: Satkania Region Total | D13: =SUM(D8:D12) -> 0 | E13: =SUM(E8:E12) -> 0 | F13: =SUM(F8:F12) -> 0 | G13: =SUM(G8:G12) -> 0 | H13: =SUM(H8:H12) -> 0 | I13: =SUM(I8:I12) -> 0 | J13: =SUM(J8:J12) -> 0 | K13: =SUM(K8:K12) -> 0 | ... AD13: =SUM(AD8:AD12) -> 0

Sheet 12
A1: ='1'!A1 -> Afaz Tobacco Company .
A2: ='1'!A2 -> Marketing Department
A3: Month:October-2026
A4: ='1'!A4 -> Daily Sales & Closing Stock Information.
B5: Date:12.10.2026 | G5: Division: Ctg South | U5: Wing: Chittagong
A6: SL. NO | B6: Name of Region | C6: Name of Territory | D6: Brand wise Sales (BITCL) | J6: TOTAL SALES | K6: Brand Wise Closing Stock (BITCL) | Q6: TOTAL Stock | R6: Brand wise Sales (BITCL) | W6: Total Zarda Sales Value | X6: Brand Wise Closing Stock (BITCL) | AC6: Total Zarda C.Stock Value | AD6: Express Empty Packet | AE6: Remark
D7: Wilson | E7: Shahara | F7: Express | G7: Nexus | H7: SB | I7: SM | K7: Wilson | L7: Shahara | M7: Express | N7: Nexus | O7: SB | P7: SM | R7: SLB | S7: 22/25 | T7: 99/14 | U7: 33/15 | X7: SLB | Y7: 22/25 | Z7: 99/14 | AA7: 33/15
A8: 1 | B8: Satkania | C8: Kerani hat | D8: 0 | E8: 0 | F8: 0 | G8: 0 | H8: 0 | I8: 0 | J8: =SUM(D8:I8) -> 0 | K8: 0 | L8: 0 | M8: 0 | N8: 0 | O8: 0 | P8: 0 | Q8: =SUM(K8:P8) -> 0 | R8: 0 | S8: 0 | T8: 0 | U8: 0 | V8: 0 | W8: =S8*15+T8*6+U8*8 -> 0 | X8: 0 | Y8: 0 | Z8: 0 | AA8: 0 | AB8: 0 | AC8: =Y8*15+Z8*6+AA8*8 -> 0 | AD8: 0
A9: 2 | C9: Satkania | D9: 0 | E9: 0 | F9: 0 | G9: 0 | H9: 0 | I9: 0 | J9: =SUM(D9:I9) -> 0 | K9: 0 | L9: 0 | M9: 0 | N9: 0 | O9: 0 | P9: 0 | Q9: =SUM(K9:P9) -> 0 | R9: 0 | S9: 0 | T9: 0 | U9: 0 | V9: 0 | W9: =S9*15+T9*6+U9*8 -> 0 | X9: 0 | Y9: 0 | Z9: 0 | AA9: 0 | AB9: 0 | AC9: =Y9*15+Z9*6+AA9*8 -> 0 | AD9: 0
A10: 3 | C10: Bandarban | D10: 0 | E10: 0 | F10: 0 | G10: 0 | H10: 0 | I10: 0 | J10: =SUM(D10:I10) -> 0 | K10: 0 | L10: 0 | M10: 0 | N10: 0 | O10: 0 | P10: 0 | Q10: =SUM(K10:P10) -> 0 | R10: 0 | S10: 0 | T10: 0 | U10: 0 | V10: 0 | W10: =S10*15+T10*6+U10*8 -> 0 | X10: 0 | Y10: 0 | Z10: 0 | AA10: 0 | AB10: 0 | AC10: =Y10*15+Z10*6+AA10*8 -> 0 | AD10: 0
A11: 4 | C11: Rajasthali | D11: 0 | E11: 0 | F11: 0 | G11: 0 | H11: 0 | I11: 0 | J11: =SUM(D11:I11) -> 0 | K11: 0 | L11: 0 | M11: 0 | N11: 0 | O11: 0 | P11: 0 | Q11: =SUM(K11:P11) -> 0 | R11: 0 | S11: 0 | T11: 0 | U11: 0 | V11: 0 | W11: =S11*15+T11*6+U11*8 -> 0 | X11: 0 | Y11: 0 | Z11: 0 | AA11: 0 | AB11: 0 | AC11: =Y11*15+Z11*6+AA11*8 -> 0 | AD11: 0
A12: 5 | C12: Dohazari | D12: 0 | E12: 0 | F12: 0 | G12: 0 | H12: 0 | I12: 0 | J12: =SUM(D12:I12) -> 0 | K12: 0 | L12: 0 | M12: 0 | N12: 0 | O12: 0 | P12: 0 | Q12: =SUM(K12:P12) -> 0 | R12: 0 | S12: 0 | T12: 0 | U12: 0 | V12: 0 | W12: =S12*15+T12*6+U12*8 -> 0 | X12: 0 | Y12: 0 | Z12: 0 | AA12: 0 | AB12: 0 | AC12: =Y12*15+Z12*6+AA12*8 -> 0 | AD12: 0
A13: Satkania Region Total | D13: =SUM(D8:D12) -> 0 | E13: =SUM(E8:E12) -> 0 | F13: =SUM(F8:F12) -> 0 | G13: =SUM(G8:G12) -> 0 | H13: =SUM(H8:H12) -> 0 | I13: =SUM(I8:I12) -> 0 | J13: =SUM(J8:J12) -> 0 | K13: =SUM(K8:K12) -> 0 | ... AD13: =SUM(AD8:AD12) -> 0

Sheet 13
A1: ='1'!A1 -> Afaz Tobacco Company .
A2: ='1'!A2 -> Marketing Department
A3: Month:October-2026
A4: ='1'!A4 -> Daily Sales & Closing Stock Information.
B5: Date:13.10.2026 | G5: Division: Ctg South | U5: Wing: Chittagong
A6: SL. NO | B6: Name of Region | C6: Name of Territory | D6: Brand wise Sales (BITCL) | J6: TOTAL SALES | K6: Brand Wise Closing Stock (BITCL) | Q6: TOTAL Stock | R6: Brand wise Sales (BITCL) | W6: Total Zarda Sales Value | X6: Brand Wise Closing Stock (BITCL) | AC6: Total Zarda C.Stock Value | AD6: Express Empty Packet | AE6: Remark
D7: Wilson | E7: Shahara | F7: Express | G7: Nexus | H7: SB | I7: SM | K7: Wilson | L7: Shahara | M7: Express | N7: Nexus | O7: SB | P7: SM | R7: SLB | S7: 22/25 | T7: 99/14 | U7: 33/15 | X7: SLB | Y7: 22/25 | Z7: 99/14 | AA7: 33/15
A8: 1 | B8: Satkania | C8: Kerani hat | D8: 0 | E8: 0 | F8: 0 | G8: 0 | H8: 0 | I8: 0 | J8: =SUM(D8:I8) -> 0 | K8: 0 | L8: 0 | M8: 0 | N8: 0 | O8: 0 | P8: 0 | Q8: =SUM(K8:P8) -> 0 | R8: 0 | S8: 0 | T8: 0 | U8: 0 | V8: 0 | W8: =S8*15+T8*6+U8*8 -> 0 | X8: 0 | Y8: 0 | Z8: 0 | AA8: 0 | AB8: 0 | AC8: =Y8*15+Z8*6+AA8*8 -> 0 | AD8: 0
A9: 2 | C9: Satkania | D9: 0 | E9: 0 | F9: 0 | G9: 0 | H9: 0 | I9: 0 | J9: =SUM(D9:I9) -> 0 | K9: 0 | L9: 0 | M9: 0 | N9: 0 | O9: 0 | P9: 0 | Q9: =SUM(K9:P9) -> 0 | R9: 0 | S9: 0 | T9: 0 | U9: 0 | V9: 0 | W9: =S9*15+T9*6+U9*8 -> 0 | X9: 0 | Y9: 0 | Z9: 0 | AA9: 0 | AB9: 0 | AC9: =Y9*15+Z9*6+AA9*8 -> 0 | AD9: 0
A10: 3 | C10: Bandarban | D10: 0 | E10: 0 | F10: 0 | G10: 0 | H10: 0 | I10: 0 | J10: =SUM(D10:I10) -> 0 | K10: 0 | L10: 0 | M10: 0 | N10: 0 | O10: 0 | P10: 0 | Q10: =SUM(K10:P10) -> 0 | R10: 0 | S10: 0 | T10: 0 | U10: 0 | V10: 0 | W10: =S10*15+T10*6+U10*8 -> 0 | X10: 0 | Y10: 0 | Z10: 0 | AA10: 0 | AB10: 0 | AC10: =Y10*15+Z10*6+AA10*8 -> 0 | AD10: 0
A11: 4 | C11: Rajasthali | D11: 0 | E11: 0 | F11: 0 | G11: 0 | H11: 0 | I11: 0 | J11: =SUM(D11:I11) -> 0 | K11: 0 | L11: 0 | M11: 0 | N11: 0 | O11: 0 | P11: 0 | Q11: =SUM(K11:P11) -> 0 | R11: 0 | S11: 0 | T11: 0 | U11: 0 | V11: 0 | W11: =S11*15+T11*6+U11*8 -> 0 | X11: 0 | Y11: 0 | Z11: 0 | AA11: 0 | AB11: 0 | AC11: =Y11*15+Z11*6+AA11*8 -> 0 | AD11: 0
A12: 5 | C12: Dohazari | D12: 0 | E12: 0 | F12: 0 | G12: 0 | H12: 0 | I12: 0 | J12: =SUM(D12:I12) -> 0 | K12: 0 | L12: 0 | M12: 0 | N12: 0 | O12: 0 | P12: 0 | Q12: =SUM(K12:P12) -> 0 | R12: 0 | S12: 0 | T12: 0 | U12: 0 | V12: 0 | W12: =S12*15+T12*6+U12*8 -> 0 | X12: 0 | Y12: 0 | Z12: 0 | AA12: 0 | AB12: 0 | AC12: =Y12*15+Z12*6+AA12*8 -> 0 | AD12: 0
A13: Satkania Region Total | D13: =SUM(D8:D12) -> 0 | E13: =SUM(E8:E12) -> 0 | F13: =SUM(F8:F12) -> 0 | G13: =SUM(G8:G12) -> 0 | H13: =SUM(H8:H12) -> 0 | I13: =SUM(I8:I12) -> 0 | J13: =SUM(J8:J12) -> 0 | K13: =SUM(K8:K12) -> 0 | ... AD13: =SUM(AD8:AD12) -> 0

Sheet 14
A1: ='1'!A1 -> Afaz Tobacco Company .
A2: ='1'!A2 -> Marketing Department
A3: Month:October-2026
A4: ='1'!A4 -> Daily Sales & Closing Stock Information.
B5: Date:14.10.2026 | G5: Division: Ctg South | U5: Wing: Chittagong
A6: SL. NO | B6: Name of Region | C6: Name of Territory | D6: Brand wise Sales (BITCL) | J6: TOTAL SALES | K6: Brand Wise Closing Stock (BITCL) | Q6: TOTAL Stock | R6: Brand wise Sales (BITCL) | W6: Total Zarda Sales Value | X6: Brand Wise Closing Stock (BITCL) | AC6: Total Zarda C.Stock Value | AD6: Express Empty Packet | AE6: Remark
D7: Wilson | E7: Shahara | F7: Express | G7: Nexus | H7: SB | I7: SM | K7: Wilson | L7: Shahara | M7: Express | N7: Nexus | O7: SB | P7: SM | R7: SLB | S7: 22/25 | T7: 99/14 | U7: 33/15 | X7: SLB | Y7: 22/25 | Z7: 99/14 | AA7: 33/15
A8: 1 | B8: Satkania | C8: Kerani hat | D8: 0 | E8: 0 | F8: 0 | G8: 0 | H8: 0 | I8: 0 | J8: =SUM(D8:I8) -> 0 | K8: 0 | L8: 0 | M8: 0 | N8: 0 | O8: 0 | P8: 0 | Q8: =SUM(K8:P8) -> 0 | R8: 0 | S8: 0 | T8: 0 | U8: 0 | V8: 0 | W8: =S8*15+T8*6+U8*8 -> 0 | X8: 0 | Y8: 0 | Z8: 0 | AA8: 0 | AB8: 0 | AC8: =Y8*15+Z8*6+AA8*8 -> 0 | AD8: 0
A9: 2 | C9: Satkania | D9: 0 | E9: 0 | F9: 0 | G9: 0 | H9: 0 | I9: 0 | J9: =SUM(D9:I9) -> 0 | K9: 0 | L9: 0 | M9: 0 | N9: 0 | O9: 0 | P9: 0 | Q9: =SUM(K9:P9) -> 0 | R9: 0 | S9: 0 | T9: 0 | U9: 0 | V9: 0 | W9: =S9*15+T9*6+U9*8 -> 0 | X9: 0 | Y9: 0 | Z9: 0 | AA9: 0 | AB9: 0 | AC9: =Y9*15+Z9*6+AA9*8 -> 0 | AD9: 0
A10: 3 | C10: Bandarban | D10: 0 | E10: 0 | F10: 0 | G10: 0 | H10: 0 | I10: 0 | J10: =SUM(D10:I10) -> 0 | K10: 0 | L10: 0 | M10: 0 | N10: 0 | O10: 0 | P10: 0 | Q10: =SUM(K10:P10) -> 0 | R10: 0 | S10: 0 | T10: 0 | U10: 0 | V10: 0 | W10: =S10*15+T10*6+U10*8 -> 0 | X10: 0 | Y10: 0 | Z10: 0 | AA10: 0 | AB10: 0 | AC10: =Y10*15+Z10*6+AA10*8 -> 0 | AD10: 0
A11: 4 | C11: Rajasthali | D11: 0 | E11: 0 | F11: 0 | G11: 0 | H11: 0 | I11: 0 | J11: =SUM(D11:I11) -> 0 | K11: 0 | L11: 0 | M11: 0 | N11: 0 | O11: 0 | P11: 0 | Q11: =SUM(K11:P11) -> 0 | R11: 0 | S11: 0 | T11: 0 | U11: 0 | V11: 0 | W11: =S11*15+T11*6+U11*8 -> 0 | X11: 0 | Y11: 0 | Z11: 0 | AA11: 0 | AB11: 0 | AC11: =Y11*15+Z11*6+AA11*8 -> 0 | AD11: 0
A12: 5 | C12: Dohazari | D12: 0 | E12: 0 | F12: 0 | G12: 0 | H12: 0 | I12: 0 | J12: =SUM(D12:I12) -> 0 | K12: 0 | L12: 0 | M12: 0 | N12: 0 | O12: 0 | P12: 0 | Q12: =SUM(K12:P12) -> 0 | R12: 0 | S12: 0 | T12: 0 | U12: 0 | V12: 0 | W12: =S12*15+T12*6+U12*8 -> 0 | X12: 0 | Y12: 0 | Z12: 0 | AA12: 0 | AB12: 0 | AC12: =Y12*15+Z12*6+AA12*8 -> 0 | AD12: 0
A13: Satkania Region Total | D13: =SUM(D8:D12) -> 0 | E13: =SUM(E8:E12) -> 0 | F13: =SUM(F8:F12) -> 0 | G13: =SUM(G8:G12) -> 0 | H13: =SUM(H8:H12) -> 0 | I13: =SUM(I8:I12) -> 0 | J13: =SUM(J8:J12) -> 0 | K13: =SUM(K8:K12) -> 0 | ... AD13: =SUM(AD8:AD12) -> 0

Sheet 15
A1: ='1'!A1 -> Afaz Tobacco Company .
A2: ='1'!A2 -> Marketing Department
A3: Month:October-2026
A4: ='1'!A4 -> Daily Sales & Closing Stock Information.
B5: Date:15.10.2026 | G5: Division: Ctg South | U5: Wing: Chittagong
A6: SL. NO | B6: Name of Region | C6: Name of Territory | D6: Brand wise Sales (BITCL) | J6: TOTAL SALES | K6: Brand Wise Closing Stock (BITCL) | Q6: TOTAL Stock | R6: Brand wise Sales (BITCL) | W6: Total Zarda Sales Value | X6: Brand Wise Closing Stock (BITCL) | AC6: Total Zarda C.Stock Value | AD6: Express Empty Packet | AE6: Remark
D7: Wilson | E7: Shahara | F7: Express | G7: Nexus | H7: SB | I7: SM | K7: Wilson | L7: Shahara | M7: Express | N7: Nexus | O7: SB | P7: SM | R7: SLB | S7: 22/25 | T7: 99/14 | U7: 33/15 | X7: SLB | Y7: 22/25 | Z7: 99/14 | AA7: 33/15
A8: 1 | B8: Satkania | C8: Kerani hat | D8: 0 | E8: 0 | F8: 0 | G8: 0 | H8: 0 | I8: 0 | J8: =SUM(D8:I8) -> 0 | K8: 0 | L8: 0 | M8: 0 | N8: 0 | O8: 0 | P8: 0 | Q8: =SUM(K8:P8) -> 0 | R8: 0 | S8: 0 | T8: 0 | U8: 0 | V8: 0 | W8: =S8*15+T8*6+U8*8 -> 0 | X8: 0 | Y8: 0 | Z8: 0 | AA8: 0 | AB8: 0 | AC8: =Y8*15+Z8*6+AA8*8 -> 0 | AD8: 0
A9: 2 | C9: Satkania | D9: 0 | E9: 0 | F9: 0 | G9: 0 | H9: 0 | I9: 0 | J9: =SUM(D9:I9) -> 0 | K9: 0 | L9: 0 | M9: 0 | N9: 0 | O9: 0 | P9: 0 | Q9: =SUM(K9:P9) -> 0 | R9: 0 | S9: 0 | T9: 0 | U9: 0 | V9: 0 | W9: =S9*15+T9*6+U9*8 -> 0 | X9: 0 | Y9: 0 | Z9: 0 | AA9: 0 | AB9: 0 | AC9: =Y9*15+Z9*6+AA9*8 -> 0 | AD9: 0
A10: 3 | C10: Bandarban | D10: 0 | E10: 0 | F10: 0 | G10: 0 | H10: 0 | I10: 0 | J10: =SUM(D10:I10) -> 0 | K10: 0 | L10: 0 | M10: 0 | N10: 0 | O10: 0 | P10: 0 | Q10: =SUM(K10:P10) -> 0 | R10: 0 | S10: 0 | T10: 0 | U10: 0 | V10: 0 | W10: =S10*15+T10*6+U10*8 -> 0 | X10: 0 | Y10: 0 | Z10: 0 | AA10: 0 | AB10: 0 | AC10: =Y10*15+Z10*6+AA10*8 -> 0 | AD10: 0
A11: 4 | C11: Rajasthali | D11: 0 | E11: 0 | F11: 0 | G11: 0 | H11: 0 | I11: 0 | J11: =SUM(D11:I11) -> 0 | K11: 0 | L11: 0 | M11: 0 | N11: 0 | O11: 0 | P11: 0 | Q11: =SUM(K11:P11) -> 0 | R11: 0 | S11: 0 | T11: 0 | U11: 0 | V11: 0 | W11: =S11*15+T11*6+U11*8 -> 0 | X11: 0 | Y11: 0 | Z11: 0 | AA11: 0 | AB11: 0 | AC11: =Y11*15+Z11*6+AA11*8 -> 0 | AD11: 0
A12: 5 | C12: Dohazari | D12: 0 | E12: 0 | F12: 0 | G12: 0 | H12: 0 | I12: 0 | J12: =SUM(D12:I12) -> 0 | K12: 0 | L12: 0 | M12: 0 | N12: 0 | O12: 0 | P12: 0 | Q12: =SUM(K12:P12) -> 0 | R12: 0 | S12: 0 | T12: 0 | U12: 0 | V12: 0 | W12: =S12*15+T12*6+U12*8 -> 0 | X12: 0 | Y12: 0 | Z12: 0 | AA12: 0 | AB12: 0 | AC12: =Y12*15+Z12*6+AA12*8 -> 0 | AD12: 0
A13: Satkania Region Total | D13: =SUM(D8:D12) -> 0 | E13: =SUM(E8:E12) -> 0 | F13: =SUM(F8:F12) -> 0 | G13: =SUM(G8:G12) -> 0 | H13: =SUM(H8:H12) -> 0 | I13: =SUM(I8:I12) -> 0 | J13: =SUM(J8:J12) -> 0 | K13: =SUM(K8:K12) -> 0 | ... AD13: =SUM(AD8:AD12) -> 0

Sheet 16
A1: ='1'!A1 -> Afaz Tobacco Company .
A2: ='1'!A2 -> Marketing Department
A3: Month:October-2026
A4: ='1'!A4 -> Daily Sales & Closing Stock Information.
B5: Date:16.10.2026 | G5: Division: Ctg South | U5: Wing: Chittagong
A6: SL. NO | B6: Name of Region | C6: Name of Territory | D6: Brand wise Sales (BITCL) | J6: TOTAL SALES | K6: Brand Wise Closing Stock (BITCL) | Q6: TOTAL Stock | R6: Brand wise Sales (BITCL) | W6: Total Zarda Sales Value | X6: Brand Wise Closing Stock (BITCL) | AC6: Total Zarda C.Stock Value | AD6: Express Empty Packet | AE6: Remark
D7: Wilson | E7: Shahara | F7: Express | G7: Nexus | H7: SB | I7: SM | K7: Wilson | L7: Shahara | M7: Express | N7: Nexus | O7: SB | P7: SM | R7: SLB | S7: 22/25 | T7: 99/14 | U7: 33/15 | X7: SLB | Y7: 22/25 | Z7: 99/14 | AA7: 33/15
A8: 1 | B8: Satkania | C8: Kerani hat | D8: 0 | E8: 0 | F8: 0 | G8: 0 | H8: 0 | I8: 0 | J8: =SUM(D8:I8) -> 0 | K8: 0 | L8: 0 | M8: 0 | N8: 0 | O8: 0 | P8: 0 | Q8: =SUM(K8:P8) -> 0 | R8: 0 | S8: 0 | T8: 0 | U8: 0 | V8: 0 | W8: =S8*15+T8*6+U8*8 -> 0 | X8: 0 | Y8: 0 | Z8: 0 | AA8: 0 | AB8: 0 | AC8: =Y8*15+Z8*6+AA8*8 -> 0 | AD8: 0
A9: 2 | C9: Satkania | D9: 0 | E9: 0 | F9: 0 | G9: 0 | H9: 0 | I9: 0 | J9: =SUM(D9:I9) -> 0 | K9: 0 | L9: 0 | M9: 0 | N9: 0 | O9: 0 | P9: 0 | Q9: =SUM(K9:P9) -> 0 | R9: 0 | S9: 0 | T9: 0 | U9: 0 | V9: 0 | W9: =S9*15+T9*6+U9*8 -> 0 | X9: 0 | Y9: 0 | Z9: 0 | AA9: 0 | AB9: 0 | AC9: =Y9*15+Z9*6+AA9*8 -> 0 | AD9: 0
A10: 3 | C10: Bandarban | D10: 0 | E10: 0 | F10: 0 | G10: 0 | H10: 0 | I10: 0 | J10: =SUM(D10:I10) -> 0 | K10: 0 | L10: 0 | M10: 0 | N10: 0 | O10: 0 | P10: 0 | Q10: =SUM(K10:P10) -> 0 | R10: 0 | S10: 0 | T10: 0 | U10: 0 | V10: 0 | W10: =S10*15+T10*6+U10*8 -> 0 | X10: 0 | Y10: 0 | Z10: 0 | AA10: 0 | AB10: 0 | AC10: =Y10*15+Z10*6+AA10*8 -> 0 | AD10: 0
A11: 4 | C11: Rajasthali | D11: 0 | E11: 0 | F11: 0 | G11: 0 | H11: 0 | I11: 0 | J11: =SUM(D11:I11) -> 0 | K11: 0 | L11: 0 | M11: 0 | N11: 0 | O11: 0 | P11: 0 | Q11: =SUM(K11:P11) -> 0 | R11: 0 | S11: 0 | T11: 0 | U11: 0 | V11: 0 | W11: =S11*15+T11*6+U11*8 -> 0 | X11: 0 | Y11: 0 | Z11: 0 | AA11: 0 | AB11: 0 | AC11: =Y11*15+Z11*6+AA11*8 -> 0 | AD11: 0
A12: 5 | C12: Dohazari | D12: 0 | E12: 0 | F12: 0 | G12: 0 | H12: 0 | I12: 0 | J12: =SUM(D12:I12) -> 0 | K12: 0 | L12: 0 | M12: 0 | N12: 0 | O12: 0 | P12: 0 | Q12: =SUM(K12:P12) -> 0 | R12: 0 | S12: 0 | T12: 0 | U12: 0 | V12: 0 | W12: =S12*15+T12*6+U12*8 -> 0 | X12: 0 | Y12: 0 | Z12: 0 | AA12: 0 | AB12: 0 | AC12: =Y12*15+Z12*6+AA12*8 -> 0 | AD12: 0
A13: Satkania Region Total | D13: =SUM(D8:D12) -> 0 | E13: =SUM(E8:E12) -> 0 | F13: =SUM(F8:F12) -> 0 | G13: =SUM(G8:G12) -> 0 | H13: =SUM(H8:H12) -> 0 | I13: =SUM(I8:I12) -> 0 | J13: =SUM(J8:J12) -> 0 | K13: =SUM(K8:K12) -> 0 | ... AD13: =SUM(AD8:AD12) -> 0

Sheet 17
A1: ='1'!A1 -> Afaz Tobacco Company .
A2: ='1'!A2 -> Marketing Department
A3: Month:October-2026
A4: ='1'!A4 -> Daily Sales & Closing Stock Information.
B5: Date:17.10.2026 | G5: Division: Ctg South | U5: Wing: Chittagong
A6: SL. NO | B6: Name of Region | C6: Name of Territory | D6: Brand wise Sales (BITCL) | J6: TOTAL SALES | K6: Brand Wise Closing Stock (BITCL) | Q6: TOTAL Stock | R6: Brand wise Sales (BITCL) | W6: Total Zarda Sales Value | X6: Brand Wise Closing Stock (BITCL) | AC6: Total Zarda C.Stock Value | AD6: Express Empty Packet | AE6: Remark
D7: Wilson | E7: Shahara | F7: Express | G7: Nexus | H7: SB | I7: SM | K7: Wilson | L7: Shahara | M7: Express | N7: Nexus | O7: SB | P7: SM | R7: SLB | S7: 22/25 | T7: 99/14 | U7: 33/15 | X7: SLB | Y7: 22/25 | Z7: 99/14 | AA7: 33/15
A8: 1 | B8: Satkania | C8: Kerani hat | D8: 0 | E8: 0 | F8: 0 | G8: 0 | H8: 0 | I8: 0 | J8: =SUM(D8:I8) -> 0 | K8: 0 | L8: 0 | M8: 0 | N8: 0 | O8: 0 | P8: 0 | Q8: =SUM(K8:P8) -> 0 | R8: 0 | S8: 0 | T8: 0 | U8: 0 | V8: 0 | W8: =S8*15+T8*6+U8*8 -> 0 | X8: 0 | Y8: 0 | Z8: 0 | AA8: 0 | AB8: 0 | AC8: =Y8*15+Z8*6+AA8*8 -> 0 | AD8: 0
A9: 2 | C9: Satkania | D9: 0 | E9: 0 | F9: 0 | G9: 0 | H9: 0 | I9: 0 | J9: =SUM(D9:I9) -> 0 | K9: 0 | L9: 0 | M9: 0 | N9: 0 | O9: 0 | P9: 0 | Q9: =SUM(K9:P9) -> 0 | R9: 0 | S9: 0 | T9: 0 | U9: 0 | V9: 0 | W9: =S9*15+T9*6+U9*8 -> 0 | X9: 0 | Y9: 0 | Z9: 0 | AA9: 0 | AB9: 0 | AC9: =Y9*15+Z9*6+AA9*8 -> 0 | AD9: 0
A10: 3 | C10: Bandarban | D10: 0 | E10: 0 | F10: 0 | G10: 0 | H10: 0 | I10: 0 | J10: =SUM(D10:I10) -> 0 | K10: 0 | L10: 0 | M10: 0 | N10: 0 | O10: 0 | P10: 0 | Q10: =SUM(K10:P10) -> 0 | R10: 0 | S10: 0 | T10: 0 | U10: 0 | V10: 0 | W10: =S10*15+T10*6+U10*8 -> 0 | X10: 0 | Y10: 0 | Z10: 0 | AA10: 0 | AB10: 0 | AC10: =Y10*15+Z10*6+AA10*8 -> 0 | AD10: 0
A11: 4 | C11: Rajasthali | D11: 0 | E11: 0 | F11: 0 | G11: 0 | H11: 0 | I11: 0 | J11: =SUM(D11:I11) -> 0 | K11: 0 | L11: 0 | M11: 0 | N11: 0 | O11: 0 | P11: 0 | Q11: =SUM(K11:P11) -> 0 | R11: 0 | S11: 0 | T11: 0 | U11: 0 | V11: 0 | W11: =S11*15+T11*6+U11*8 -> 0 | X11: 0 | Y11: 0 | Z11: 0 | AA11: 0 | AB11: 0 | AC11: =Y11*15+Z11*6+AA11*8 -> 0 | AD11: 0
A12: 5 | C12: Dohazari | D12: 0 | E12: 0 | F12: 0 | G12: 0 | H12: 0 | I12: 0 | J12: =SUM(D12:I12) -> 0 | K12: 0 | L12: 0 | M12: 0 | N12: 0 | O12: 0 | P12: 0 | Q12: =SUM(K12:P12) -> 0 | R12: 0 | S12: 0 | T12: 0 | U12: 0 | V12: 0 | W12: =S12*15+T12*6+U12*8 -> 0 | X12: 0 | Y12: 0 | Z12: 0 | AA12: 0 | AB12: 0 | AC12: =Y12*15+Z12*6+AA12*8 -> 0 | AD12: 0
A13: Satkania Region Total | D13: =SUM(D8:D12) -> 0 | E13: =SUM(E8:E12) -> 0 | F13: =SUM(F8:F12) -> 0 | G13: =SUM(G8:G12) -> 0 | H13: =SUM(H8:H12) -> 0 | I13: =SUM(I8:I12) -> 0 | J13: =SUM(J8:J12) -> 0 | K13: =SUM(K8:K12) -> 0 | ... AD13: =SUM(AD8:AD12) -> 0

Sheet 18
A1: ='1'!A1 -> Afaz Tobacco Company .
A2: ='1'!A2 -> Marketing Department
A3: Month:October-2026
A4: ='1'!A4 -> Daily Sales & Closing Stock Information.
B5: Date:18.10.2026 | G5: Division: Ctg South | U5: Wing: Chittagong
A6: SL. NO | B6: Name of Region | C6: Name of Territory | D6: Brand wise Sales (BITCL) | J6: TOTAL SALES | K6: Brand Wise Closing Stock (BITCL) | Q6: TOTAL Stock | R6: Brand wise Sales (BITCL) | W6: Total Zarda Sales Value | X6: Brand Wise Closing Stock (BITCL) | AC6: Total Zarda C.Stock Value | AD6: Express Empty Packet | AE6: Remark
D7: Wilson | E7: Shahara | F7: Express | G7: Nexus | H7: SB | I7: SM | K7: Wilson | L7: Shahara | M7: Express | N7: Nexus | O7: SB | P7: SM | R7: SLB | S7: 22/25 | T7: 99/14 | U7: 33/15 | X7: SLB | Y7: 22/25 | Z7: 99/14 | AA7: 33/15
A8: 1 | B8: Satkania | C8: Kerani hat | D8: 0 | E8: 0 | F8: 0 | G8: 0 | H8: 0 | I8: 0 | J8: =SUM(D8:I8) -> 0 | K8: 0 | L8: 0 | M8: 0 | N8: 0 | O8: 0 | P8: 0 | Q8: =SUM(K8:P8) -> 0 | R8: 0 | S8: 0 | T8: 0 | U8: 0 | V8: 0 | W8: =S8*15+T8*6+U8*8 -> 0 | X8: 0 | Y8: 0 | Z8: 0 | AA8: 0 | AB8: 0 | AC8: =Y8*15+Z8*6+AA8*8 -> 0 | AD8: 0
A9: 2 | C9: Satkania | D9: 0 | E9: 0 | F9: 0 | G9: 0 | H9: 0 | I9: 0 | J9: =SUM(D9:I9) -> 0 | K9: 0 | L9: 0 | M9: 0 | N9: 0 | O9: 0 | P9: 0 | Q9: =SUM(K9:P9) -> 0 | R9: 0 | S9: 0 | T9: 0 | U9: 0 | V9: 0 | W9: =S9*15+T9*6+U9*8 -> 0 | X9: 0 | Y9: 0 | Z9: 0 | AA9: 0 | AB9: 0 | AC9: =Y9*15+Z9*6+AA9*8 -> 0 | AD9: 0
A10: 3 | C10: Bandarban | D10: 0 | E10: 0 | F10: 0 | G10: 0 | H10: 0 | I10: 0 | J10: =SUM(D10:I10) -> 0 | K10: 0 | L10: 0 | M10: 0 | N10: 0 | O10: 0 | P10: 0 | Q10: =SUM(K10:P10) -> 0 | R10: 0 | S10: 0 | T10: 0 | U10: 0 | V10: 0 | W10: =S10*15+T10*6+U10*8 -> 0 | X10: 0 | Y10: 0 | Z10: 0 | AA10: 0 | AB10: 0 | AC10: =Y10*15+Z10*6+AA10*8 -> 0 | AD10: 0
A11: 4 | C11: Rajasthali | D11: 0 | E11: 0 | F11: 0 | G11: 0 | H11: 0 | I11: 0 | J11: =SUM(D11:I11) -> 0 | K11: 0 | L11: 0 | M11: 0 | N11: 0 | O11: 0 | P11: 0 | Q11: =SUM(K11:P11) -> 0 | R11: 0 | S11: 0 | T11: 0 | U11: 0 | V11: 0 | W11: =S11*15+T11*6+U11*8 -> 0 | X11: 0 | Y11: 0 | Z11: 0 | AA11: 0 | AB11: 0 | AC11: =Y11*15+Z11*6+AA11*8 -> 0 | AD11: 0
A12: 5 | C12: Dohazari | D12: 0 | E12: 0 | F12: 0 | G12: 0 | H12: 0 | I12: 0 | J12: =SUM(D12:I12) -> 0 | K12: 0 | L12: 0 | M12: 0 | N12: 0 | O12: 0 | P12: 0 | Q12: =SUM(K12:P12) -> 0 | R12: 0 | S12: 0 | T12: 0 | U12: 0 | V12: 0 | W12: =S12*15+T12*6+U12*8 -> 0 | X12: 0 | Y12: 0 | Z12: 0 | AA12: 0 | AB12: 0 | AC12: =Y12*15+Z12*6+AA12*8 -> 0 | AD12: 0
A13: Satkania Region Total | D13: =SUM(D8:D12) -> 0 | E13: =SUM(E8:E12) -> 0 | F13: =SUM(F8:F12) -> 0 | G13: =SUM(G8:G12) -> 0 | H13: =SUM(H8:H12) -> 0 | I13: =SUM(I8:I12) -> 0 | J13: =SUM(J8:J12) -> 0 | K13: =SUM(K8:K12) -> 0 | ... AD13: =SUM(AD8:AD12) -> 0

Sheet 19
A1: ='1'!A1 -> Afaz Tobacco Company .
A2: ='1'!A2 -> Marketing Department
A3: Month:October-2026
A4: ='1'!A4 -> Daily Sales & Closing Stock Information.
B5: Date:19.10.2026 | G5: Division: Ctg South | U5: Wing: Chittagong
A6: SL. NO | B6: Name of Region | C6: Name of Territory | D6: Brand wise Sales (BITCL) | J6: TOTAL SALES | K6: Brand Wise Closing Stock (BITCL) | Q6: TOTAL Stock | R6: Brand wise Sales (BITCL) | W6: Total Zarda Sales Value | X6: Brand Wise Closing Stock (BITCL) | AC6: Total Zarda C.Stock Value | AD6: Express Empty Packet | AE6: Remark
D7: Wilson | E7: Shahara | F7: Express | G7: Nexus | H7: SB | I7: SM | K7: Wilson | L7: Shahara | M7: Express | N7: Nexus | O7: SB | P7: SM | R7: SLB | S7: 22/25 | T7: 99/14 | U7: 33/15 | X7: SLB | Y7: 22/25 | Z7: 99/14 | AA7: 33/15
A8: 1 | B8: Satkania | C8: Kerani hat | D8: 0 | E8: 0 | F8: 0 | G8: 0 | H8: 0 | I8: 0 | J8: =SUM(D8:I8) -> 0 | K8: 0 | L8: 0 | M8: 0 | N8: 0 | O8: 0 | P8: 0 | Q8: =SUM(K8:P8) -> 0 | R8: 0 | S8: 0 | T8: 0 | U8: 0 | V8: 0 | W8: =S8*15+T8*6+U8*8 -> 0 | X8: 0 | Y8: 0 | Z8: 0 | AA8: 0 | AB8: 0 | AC8: =Y8*15+Z8*6+AA8*8 -> 0 | AD8: 0
A9: 2 | C9: Satkania | D9: 0 | E9: 0 | F9: 0 | G9: 0 | H9: 0 | I9: 0 | J9: =SUM(D9:I9) -> 0 | K9: 0 | L9: 0 | M9: 0 | N9: 0 | O9: 0 | P9: 0 | Q9: =SUM(K9:P9) -> 0 | R9: 0 | S9: 0 | T9: 0 | U9: 0 | V9: 0 | W9: =S9*15+T9*6+U9*8 -> 0 | X9: 0 | Y9: 0 | Z9: 0 | AA9: 0 | AB9: 0 | AC9: =Y9*15+Z9*6+AA9*8 -> 0 | AD9: 0
A10: 3 | C10: Bandarban | D10: 0 | E10: 0 | F10: 0 | G10: 0 | H10: 0 | I10: 0 | J10: =SUM(D10:I10) -> 0 | K10: 0 | L10: 0 | M10: 0 | N10: 0 | O10: 0 | P10: 0 | Q10: =SUM(K10:P10) -> 0 | R10: 0 | S10: 0 | T10: 0 | U10: 0 | V10: 0 | W10: =S10*15+T10*6+U10*8 -> 0 | X10: 0 | Y10: 0 | Z10: 0 | AA10: 0 | AB10: 0 | AC10: =Y10*15+Z10*6+AA10*8 -> 0 | AD10: 0
A11: 4 | C11: Rajasthali | D11: 0 | E11: 0 | F11: 0 | G11: 0 | H11: 0 | I11: 0 | J11: =SUM(D11:I11) -> 0 | K11: 0 | L11: 0 | M11: 0 | N11: 0 | O11: 0 | P11: 0 | Q11: =SUM(K11:P11) -> 0 | R11: 0 | S11: 0 | T11: 0 | U11: 0 | V11: 0 | W11: =S11*15+T11*6+U11*8 -> 0 | X11: 0 | Y11: 0 | Z11: 0 | AA11: 0 | AB11: 0 | AC11: =Y11*15+Z11*6+AA11*8 -> 0 | AD11: 0
A12: 5 | C12: Dohazari | D12: 0 | E12: 0 | F12: 0 | G12: 0 | H12: 0 | I12: 0 | J12: =SUM(D12:I12) -> 0 | K12: 0 | L12: 0 | M12: 0 | N12: 0 | O12: 0 | P12: 0 | Q12: =SUM(K12:P12) -> 0 | R12: 0 | S12: 0 | T12: 0 | U12: 0 | V12: 0 | W12: =S12*15+T12*6+U12*8 -> 0 | X12: 0 | Y12: 0 | Z12: 0 | AA12: 0 | AB12: 0 | AC12: =Y12*15+Z12*6+AA12*8 -> 0 | AD12: 0
A13: Satkania Region Total | D13: =SUM(D8:D12) -> 0 | E13: =SUM(E8:E12) -> 0 | F13: =SUM(F8:F12) -> 0 | G13: =SUM(G8:G12) -> 0 | H13: =SUM(H8:H12) -> 0 | I13: =SUM(I8:I12) -> 0 | J13: =SUM(J8:J12) -> 0 | K13: =SUM(K8:K12) -> 0 | ... AD13: =SUM(AD8:AD12) -> 0

Sheet 20
A1: ='1'!A1 -> Afaz Tobacco Company .
A2: ='1'!A2 -> Marketing Department
A3: Month:October-2026
A4: ='1'!A4 -> Daily Sales & Closing Stock Information.
B5: Date:20.10.2026 | G5: Division: Ctg South | U5: Wing: Chittagong
A6: SL. NO | B6: Name of Region | C6: Name of Territory | D6: Brand wise Sales (BITCL) | J6: TOTAL SALES | K6: Brand Wise Closing Stock (BITCL) | Q6: TOTAL Stock | R6: Brand wise Sales (BITCL) | W6: Total Zarda Sales Value | X6: Brand Wise Closing Stock (BITCL) | AC6: Total Zarda C.Stock Value | AD6: Express Empty Packet | AE6: Remark
D7: Wilson | E7: Shahara | F7: Express | G7: Nexus | H7: SB | I7: SM | K7: Wilson | L7: Shahara | M7: Express | N7: Nexus | O7: SB | P7: SM | R7: SLB | S7: 22/25 | T7: 99/14 | U7: 33/15 | X7: SLB | Y7: 22/25 | Z7: 99/14 | AA7: 33/15
A8: 1 | B8: Satkania | C8: Kerani hat | D8: 0 | E8: 0 | F8: 0 | G8: 0 | H8: 0 | I8: 0 | J8: =SUM(D8:I8) -> 0 | K8: 0 | L8: 0 | M8: 0 | N8: 0 | O8: 0 | P8: 0 | Q8: =SUM(K8:P8) -> 0 | R8: 0 | S8: 0 | T8: 0 | U8: 0 | V8: 0 | W8: =S8*15+T8*6+U8*8 -> 0 | X8: 0 | Y8: 0 | Z8: 0 | AA8: 0 | AB8: 0 | AC8: =Y8*15+Z8*6+AA8*8 -> 0 | AD8: 0
A9: 2 | C9: Satkania | D9: 0 | E9: 0 | F9: 0 | G9: 0 | H9: 0 | I9: 0 | J9: =SUM(D9:I9) -> 0 | K9: 0 | L9: 0 | M9: 0 | N9: 0 | O9: 0 | P9: 0 | Q9: =SUM(K9:P9) -> 0 | R9: 0 | S9: 0 | T9: 0 | U9: 0 | V9: 0 | W9: =S9*15+T9*6+U9*8 -> 0 | X9: 0 | Y9: 0 | Z9: 0 | AA9: 0 | AB9: 0 | AC9: =Y9*15+Z9*6+AA9*8 -> 0 | AD9: 0
A10: 3 | C10: Bandarban | D10: 0 | E10: 0 | F10: 0 | G10: 0 | H10: 0 | I10: 0 | J10: =SUM(D10:I10) -> 0 | K10: 0 | L10: 0 | M10: 0 | N10: 0 | O10: 0 | P10: 0 | Q10: =SUM(K10:P10) -> 0 | R10: 0 | S10: 0 | T10: 0 | U10: 0 | V10: 0 | W10: =S10*15+T10*6+U10*8 -> 0 | X10: 0 | Y10: 0 | Z10: 0 | AA10: 0 | AB10: 0 | AC10: =Y10*15+Z10*6+AA10*8 -> 0 | AD10: 0
A11: 4 | C11: Rajasthali | D11: 0 | E11: 0 | F11: 0 | G11: 0 | H11: 0 | I11: 0 | J11: =SUM(D11:I11) -> 0 | K11: 0 | L11: 0 | M11: 0 | N11: 0 | O11: 0 | P11: 0 | Q11: =SUM(K11:P11) -> 0 | R11: 0 | S11: 0 | T11: 0 | U11: 0 | V11: 0 | W11: =S11*15+T11*6+U11*8 -> 0 | X11: 0 | Y11: 0 | Z11: 0 | AA11: 0 | AB11: 0 | AC11: =Y11*15+Z11*6+AA11*8 -> 0 | AD11: 0
A12: 5 | C12: Dohazari | D12: 0 | E12: 0 | F12: 0 | G12: 0 | H12: 0 | I12: 0 | J12: =SUM(D12:I12) -> 0 | K12: 0 | L12: 0 | M12: 0 | N12: 0 | O12: 0 | P12: 0 | Q12: =SUM(K12:P12) -> 0 | R12: 0 | S12: 0 | T12: 0 | U12: 0 | V12: 0 | W12: =S12*15+T12*6+U12*8 -> 0 | X12: 0 | Y12: 0 | Z12: 0 | AA12: 0 | AB12: 0 | AC12: =Y12*15+Z12*6+AA12*8 -> 0 | AD12: 0
A13: Satkania Region Total | D13: =SUM(D8:D12) -> 0 | E13: =SUM(E8:E12) -> 0 | F13: =SUM(F8:F12) -> 0 | G13: =SUM(G8:G12) -> 0 | H13: =SUM(H8:H12) -> 0 | I13: =SUM(I8:I12) -> 0 | J13: =SUM(J8:J12) -> 0 | K13: =SUM(K8:K12) -> 0 | ... AD13: =SUM(AD8:AD12) -> 0

Sheet 21
A1: ='1'!A1 -> Afaz Tobacco Company .
A2: ='1'!A2 -> Marketing Department
A3: Month:October-2026
A4: ='1'!A4 -> Daily Sales & Closing Stock Information.
B5: Date:21.10.2026 | G5: Division: Ctg South | U5: Wing: Chittagong
A6: SL. NO | B6: Name of Region | C6: Name of Territory | D6: Brand wise Sales (BITCL) | J6: TOTAL SALES | K6: Brand Wise Closing Stock (BITCL) | Q6: TOTAL Stock | R6: Brand wise Sales (BITCL) | W6: Total Zarda Sales Value | X6: Brand Wise Closing Stock (BITCL) | AC6: Total Zarda C.Stock Value | AD6: Express Empty Packet | AE6: Remark
D7: Wilson | E7: Shahara | F7: Express | G7: Nexus | H7: SB | I7: SM | K7: Wilson | L7: Shahara | M7: Express | N7: Nexus | O7: SB | P7: SM | R7: SLB | S7: 22/25 | T7: 99/14 | U7: 33/15 | X7: SLB | Y7: 22/25 | Z7: 99/14 | AA7: 33/15
A8: 1 | B8: Satkania | C8: Kerani hat | D8: 0 | E8: 0 | F8: 0 | G8: 0 | H8: 0 | I8: 0 | J8: =SUM(D8:I8) -> 0 | K8: 0 | L8: 0 | M8: 0 | N8: 0 | O8: 0 | P8: 0 | Q8: =SUM(K8:P8) -> 0 | R8: 0 | S8: 0 | T8: 0 | U8: 0 | V8: 0 | W8: =S8*15+T8*6+U8*8 -> 0 | X8: 0 | Y8: 0 | Z8: 0 | AA8: 0 | AB8: 0 | AC8: =Y8*15+Z8*6+AA8*8 -> 0 | AD8: 0
A9: 2 | C9: Satkania | D9: 0 | E9: 0 | F9: 0 | G9: 0 | H9: 0 | I9: 0 | J9: =SUM(D9:I9) -> 0 | K9: 0 | L9: 0 | M9: 0 | N9: 0 | O9: 0 | P9: 0 | Q9: =SUM(K9:P9) -> 0 | R9: 0 | S9: 0 | T9: 0 | U9: 0 | V9: 0 | W9: =S9*15+T9*6+U9*8 -> 0 | X9: 0 | Y9: 0 | Z9: 0 | AA9: 0 | AB9: 0 | AC9: =Y9*15+Z9*6+AA9*8 -> 0 | AD9: 0
A10: 3 | C10: Bandarban | D10: 0 | E10: 0 | F10: 0 | G10: 0 | H10: 0 | I10: 0 | J10: =SUM(D10:I10) -> 0 | K10: 0 | L10: 0 | M10: 0 | N10: 0 | O10: 0 | P10: 0 | Q10: =SUM(K10:P10) -> 0 | R10: 0 | S10: 0 | T10: 0 | U10: 0 | V10: 0 | W10: =S10*15+T10*6+U10*8 -> 0 | X10: 0 | Y10: 0 | Z10: 0 | AA10: 0 | AB10: 0 | AC10: =Y10*15+Z10*6+AA10*8 -> 0 | AD10: 0
A11: 4 | C11: Rajasthali | D11: 0 | E11: 0 | F11: 0 | G11: 0 | H11: 0 | I11: 0 | J11: =SUM(D11:I11) -> 0 | K11: 0 | L11: 0 | M11: 0 | N11: 0 | O11: 0 | P11: 0 | Q11: =SUM(K11:P11) -> 0 | R11: 0 | S11: 0 | T11: 0 | U11: 0 | V11: 0 | W11: =S11*15+T11*6+U11*8 -> 0 | X11: 0 | Y11: 0 | Z11: 0 | AA11: 0 | AB11: 0 | AC11: =Y11*15+Z11*6+AA11*8 -> 0 | AD11: 0
A12: 5 | C12: Dohazari | D12: 0 | E12: 0 | F12: 0 | G12: 0 | H12: 0 | I12: 0 | J12: =SUM(D12:I12) -> 0 | K12: 0 | L12: 0 | M12: 0 | N12: 0 | O12: 0 | P12: 0 | Q12: =SUM(K12:P12) -> 0 | R12: 0 | S12: 0 | T12: 0 | U12: 0 | V12: 0 | W12: =S12*15+T12*6+U12*8 -> 0 | X12: 0 | Y12: 0 | Z12: 0 | AA12: 0 | AB12: 0 | AC12: =Y12*15+Z12*6+AA12*8 -> 0 | AD12: 0
A13: Satkania Region Total | D13: =SUM(D8:D12) -> 0 | E13: =SUM(E8:E12) -> 0 | F13: =SUM(F8:F12) -> 0 | G13: =SUM(G8:G12) -> 0 | H13: =SUM(H8:H12) -> 0 | I13: =SUM(I8:I12) -> 0 | J13: =SUM(J8:J12) -> 0 | K13: =SUM(K8:K12) -> 0 | ... AD13: =SUM(AD8:AD12) -> 0

Sheet 22
A1: ='1'!A1 -> Afaz Tobacco Company .
A2: ='1'!A2 -> Marketing Department
A3: Month:October-2026
A4: ='1'!A4 -> Daily Sales & Closing Stock Information.
B5: Date:22.10.2026 | G5: Division: Ctg South | U5: Wing: Chittagong
A6: SL. NO | B6: Name of Region | C6: Name of Territory | D6: Brand wise Sales (BITCL) | J6: TOTAL SALES | K6: Brand Wise Closing Stock (BITCL) | Q6: TOTAL Stock | R6: Brand wise Sales (BITCL) | W6: Total Zarda Sales Value | X6: Brand Wise Closing Stock (BITCL) | AC6: Total Zarda C.Stock Value | AD6: Express Empty Packet | AE6: Remark
D7: Wilson | E7: Shahara | F7: Express | G7: Nexus | H7: SB | I7: SM | K7: Wilson | L7: Shahara | M7: Express | N7: Nexus | O7: SB | P7: SM | R7: SLB | S7: 22/25 | T7: 99/14 | U7: 33/15 | X7: SLB | Y7: 22/25 | Z7: 99/14 | AA7: 33/15
A8: 1 | B8: Satkania | C8: Kerani hat | D8: 0 | E8: 0 | F8: 0 | G8: 0 | H8: 0 | I8: 0 | J8: =SUM(D8:I8) -> 0 | K8: 0 | L8: 0 | M8: 0 | N8: 0 | O8: 0 | P8: 0 | Q8: =SUM(K8:P8) -> 0 | R8: 0 | S8: 0 | T8: 0 | U8: 0 | V8: 0 | W8: =S8*15+T8*6+U8*8 -> 0 | X8: 0 | Y8: 0 | Z8: 0 | AA8: 0 | AB8: 0 | AC8: =Y8*15+Z8*6+AA8*8 -> 0 | AD8: 0
A9: 2 | C9: Satkania | D9: 0 | E9: 0 | F9: 0 | G9: 0 | H9: 0 | I9: 0 | J9: =SUM(D9:I9) -> 0 | K9: 0 | L9: 0 | M9: 0 | N9: 0 | O9: 0 | P9: 0 | Q9: =SUM(K9:P9) -> 0 | R9: 0 | S9: 0 | T9: 0 | U9: 0 | V9: 0 | W9: =S9*15+T9*6+U9*8 -> 0 | X9: 0 | Y9: 0 | Z9: 0 | AA9: 0 | AB9: 0 | AC9: =Y9*15+Z9*6+AA9*8 -> 0 | AD9: 0
A10: 3 | C10: Bandarban | D10: 0 | E10: 0 | F10: 0 | G10: 0 | H10: 0 | I10: 0 | J10: =SUM(D10:I10) -> 0 | K10: 0 | L10: 0 | M10: 0 | N10: 0 | O10: 0 | P10: 0 | Q10: =SUM(K10:P10) -> 0 | R10: 0 | S10: 0 | T10: 0 | U10: 0 | V10: 0 | W10: =S10*15+T10*6+U10*8 -> 0 | X10: 0 | Y10: 0 | Z10: 0 | AA10: 0 | AB10: 0 | AC10: =Y10*15+Z10*6+AA10*8 -> 0 | AD10: 0
A11: 4 | C11: Rajasthali | D11: 0 | E11: 0 | F11: 0 | G11: 0 | H11: 0 | I11: 0 | J11: =SUM(D11:I11) -> 0 | K11: 0 | L11: 0 | M11: 0 | N11: 0 | O11: 0 | P11: 0 | Q11: =SUM(K11:P11) -> 0 | R11: 0 | S11: 0 | T11: 0 | U11: 0 | V11: 0 | W11: =S11*15+T11*6+U11*8 -> 0 | X11: 0 | Y11: 0 | Z11: 0 | AA11: 0 | AB11: 0 | AC11: =Y11*15+Z11*6+AA11*8 -> 0 | AD11: 0
A12: 5 | C12: Dohazari | D12: 0 | E12: 0 | F12: 0 | G12: 0 | H12: 0 | I12: 0 | J12: =SUM(D12:I12) -> 0 | K12: 0 | L12: 0 | M12: 0 | N12: 0 | O12: 0 | P12: 0 | Q12: =SUM(K12:P12) -> 0 | R12: 0 | S12: 0 | T12: 0 | U12: 0 | V12: 0 | W12: =S12*15+T12*6+U12*8 -> 0 | X12: 0 | Y12: 0 | Z12: 0 | AA12: 0 | AB12: 0 | AC12: =Y12*15+Z12*6+AA12*8 -> 0 | AD12: 0
A13: Satkania Region Total | D13: =SUM(D8:D12) -> 0 | E13: =SUM(E8:E12) -> 0 | F13: =SUM(F8:F12) -> 0 | G13: =SUM(G8:G12) -> 0 | H13: =SUM(H8:H12) -> 0 | I13: =SUM(I8:I12) -> 0 | J13: =SUM(J8:J12) -> 0 | K13: =SUM(K8:K12) -> 0 | ... AD13: =SUM(AD8:AD12) -> 0

Sheet 23
A1: ='1'!A1 -> Afaz Tobacco Company .
A2: ='1'!A2 -> Marketing Department
A3: Month:October-2026
A4: ='1'!A4 -> Daily Sales & Closing Stock Information.
B5: Date:23.10.2026 | G5: Division: Ctg South | U5: Wing: Chittagong
A6: SL. NO | B6: Name of Region | C6: Name of Territory | D6: Brand wise Sales (BITCL) | J6: TOTAL SALES | K6: Brand Wise Closing Stock (BITCL) | Q6: TOTAL Stock | R6: Brand wise Sales (BITCL) | W6: Total Zarda Sales Value | X6: Brand Wise Closing Stock (BITCL) | AC6: Total Zarda C.Stock Value | AD6: Express Empty Packet | AE6: Remark
D7: Wilson | E7: Shahara | F7: Express | G7: Nexus | H7: SB | I7: SM | K7: Wilson | L7: Shahara | M7: Express | N7: Nexus | O7: SB | P7: SM | R7: SLB | S7: 22/25 | T7: 99/14 | U7: 33/15 | X7: SLB | Y7: 22/25 | Z7: 99/14 | AA7: 33/15
A8: 1 | B8: Satkania | C8: Kerani hat | D8: 0 | E8: 0 | F8: 0 | G8: 0 | H8: 0 | I8: 0 | J8: =SUM(D8:I8) -> 0 | K8: 0 | L8: 0 | M8: 0 | N8: 0 | O8: 0 | P8: 0 | Q8: =SUM(K8:P8) -> 0 | R8: 0 | S8: 0 | T8: 0 | U8: 0 | V8: 0 | W8: =S8*15+T8*6+U8*8 -> 0 | X8: 0 | Y8: 0 | Z8: 0 | AA8: 0 | AB8: 0 | AC8: =Y8*15+Z8*6+AA8*8 -> 0 | AD8: 0
A9: 2 | C9: Satkania | D9: 0 | E9: 0 | F9: 0 | G9: 0 | H9: 0 | I9: 0 | J9: =SUM(D9:I9) -> 0 | K9: 0 | L9: 0 | M9: 0 | N9: 0 | O9: 0 | P9: 0 | Q9: =SUM(K9:P9) -> 0 | R9: 0 | S9: 0 | T9: 0 | U9: 0 | V9: 0 | W9: =S9*15+T9*6+U9*8 -> 0 | X9: 0 | Y9: 0 | Z9: 0 | AA9: 0 | AB9: 0 | AC9: =Y9*15+Z9*6+AA9*8 -> 0 | AD9: 0
A10: 3 | C10: Bandarban | D10: 0 | E10: 0 | F10: 0 | G10: 0 | H10: 0 | I10: 0 | J10: =SUM(D10:I10) -> 0 | K10: 0 | L10: 0 | M10: 0 | N10: 0 | O10: 0 | P10: 0 | Q10: =SUM(K10:P10) -> 0 | R10: 0 | S10: 0 | T10: 0 | U10: 0 | V10: 0 | W10: =S10*15+T10*6+U10*8 -> 0 | X10: 0 | Y10: 0 | Z10: 0 | AA10: 0 | AB10: 0 | AC10: =Y10*15+Z10*6+AA10*8 -> 0 | AD10: 0
A11: 4 | C11: Rajasthali | D11: 0 | E11: 0 | F11: 0 | G11: 0 | H11: 0 | I11: 0 | J11: =SUM(D11:I11) -> 0 | K11: 0 | L11: 0 | M11: 0 | N11: 0 | O11: 0 | P11: 0 | Q11: =SUM(K11:P11) -> 0 | R11: 0 | S11: 0 | T11: 0 | U11: 0 | V11: 0 | W11: =S11*15+T11*6+U11*8 -> 0 | X11: 0 | Y11: 0 | Z11: 0 | AA11: 0 | AB11: 0 | AC11: =Y11*15+Z11*6+AA11*8 -> 0 | AD11: 0
A12: 5 | C12: Dohazari | D12: 0 | E12: 0 | F12: 0 | G12: 0 | H12: 0 | I12: 0 | J12: =SUM(D12:I12) -> 0 | K12: 0 | L12: 0 | M12: 0 | N12: 0 | O12: 0 | P12: 0 | Q12: =SUM(K12:P12) -> 0 | R12: 0 | S12: 0 | T12: 0 | U12: 0 | V12: 0 | W12: =S12*15+T12*6+U12*8 -> 0 | X12: 0 | Y12: 0 | Z12: 0 | AA12: 0 | AB12: 0 | AC12: =Y12*15+Z12*6+AA12*8 -> 0 | AD12: 0
A13: Satkania Region Total | D13: =SUM(D8:D12) -> 0 | E13: =SUM(E8:E12) -> 0 | F13: =SUM(F8:F12) -> 0 | G13: =SUM(G8:G12) -> 0 | H13: =SUM(H8:H12) -> 0 | I13: =SUM(I8:I12) -> 0 | J13: =SUM(J8:J12) -> 0 | K13: =SUM(K8:K12) -> 0 | ... AD13: =SUM(AD8:AD12) -> 0

Sheet 24
A1: ='1'!A1 -> Afaz Tobacco Company .
A2: ='1'!A2 -> Marketing Department
A3: Month:October-2026
A4: ='1'!A4 -> Daily Sales & Closing Stock Information.
B5: Date:24.10.2026 | G5: Division: Ctg South | U5: Wing: Chittagong
A6: SL. NO | B6: Name of Region | C6: Name of Territory | D6: Brand wise Sales (BITCL) | J6: TOTAL SALES | K6: Brand Wise Closing Stock (BITCL) | Q6: TOTAL Stock | R6: Brand wise Sales (BITCL) | W6: Total Zarda Sales Value | X6: Brand Wise Closing Stock (BITCL) | AC6: Total Zarda C.Stock Value | AD6: Express Empty Packet | AE6: Remark
D7: Wilson | E7: Shahara | F7: Express | G7: Nexus | H7: SB | I7: SM | K7: Wilson | L7: Shahara | M7: Express | N7: Nexus | O7: SB | P7: SM | R7: SLB | S7: 22/25 | T7: 99/14 | U7: 33/15 | X7: SLB | Y7: 22/25 | Z7: 99/14 | AA7: 33/15
A8: 1 | B8: Satkania | C8: Kerani hat | D8: 0 | E8: 0 | F8: 0 | G8: 0 | H8: 0 | I8: 0 | J8: =SUM(D8:I8) -> 0 | K8: 0 | L8: 0 | M8: 0 | N8: 0 | O8: 0 | P8: 0 | Q8: =SUM(K8:P8) -> 0 | R8: 0 | S8: 0 | T8: 0 | U8: 0 | V8: 0 | W8: =S8*15+T8*6+U8*8 -> 0 | X8: 0 | Y8: 0 | Z8: 0 | AA8: 0 | AB8: 0 | AC8: =Y8*15+Z8*6+AA8*8 -> 0 | AD8: 0
A9: 2 | C9: Satkania | D9: 0 | E9: 0 | F9: 0 | G9: 0 | H9: 0 | I9: 0 | J9: =SUM(D9:I9) -> 0 | K9: 0 | L9: 0 | M9: 0 | N9: 0 | O9: 0 | P9: 0 | Q9: =SUM(K9:P9) -> 0 | R9: 0 | S9: 0 | T9: 0 | U9: 0 | V9: 0 | W9: =S9*15+T9*6+U9*8 -> 0 | X9: 0 | Y9: 0 | Z9: 0 | AA9: 0 | AB9: 0 | AC9: =Y9*15+Z9*6+AA9*8 -> 0 | AD9: 0
A10: 3 | C10: Bandarban | D10: 0 | E10: 0 | F10: 0 | G10: 0 | H10: 0 | I10: 0 | J10: =SUM(D10:I10) -> 0 | K10: 0 | L10: 0 | M10: 0 | N10: 0 | O10: 0 | P10: 0 | Q10: =SUM(K10:P10) -> 0 | R10: 0 | S10: 0 | T10: 0 | U10: 0 | V10: 0 | W10: =S10*15+T10*6+U10*8 -> 0 | X10: 0 | Y10: 0 | Z10: 0 | AA10: 0 | AB10: 0 | AC10: =Y10*15+Z10*6+AA10*8 -> 0 | AD10: 0
A11: 4 | C11: Rajasthali | D11: 0 | E11: 0 | F11: 0 | G11: 0 | H11: 0 | I11: 0 | J11: =SUM(D11:I11) -> 0 | K11: 0 | L11: 0 | M11: 0 | N11: 0 | O11: 0 | P11: 0 | Q11: =SUM(K11:P11) -> 0 | R11: 0 | S11: 0 | T11: 0 | U11: 0 | V11: 0 | W11: =S11*15+T11*6+U11*8 -> 0 | X11: 0 | Y11: 0 | Z11: 0 | AA11: 0 | AB11: 0 | AC11: =Y11*15+Z11*6+AA11*8 -> 0 | AD11: 0
A12: 5 | C12: Dohazari | D12: 0 | E12: 0 | F12: 0 | G12: 0 | H12: 0 | I12: 0 | J12: =SUM(D12:I12) -> 0 | K12: 0 | L12: 0 | M12: 0 | N12: 0 | O12: 0 | P12: 0 | Q12: =SUM(K12:P12) -> 0 | R12: 0 | S12: 0 | T12: 0 | U12: 0 | V12: 0 | W12: =S12*15+T12*6+U12*8 -> 0 | X12: 0 | Y12: 0 | Z12: 0 | AA12: 0 | AB12: 0 | AC12: =Y12*15+Z12*6+AA12*8 -> 0 | AD12: 0
A13: Satkania Region Total | D13: =SUM(D8:D12) -> 0 | E13: =SUM(E8:E12) -> 0 | F13: =SUM(F8:F12) -> 0 | G13: =SUM(G8:G12) -> 0 | H13: =SUM(H8:H12) -> 0 | I13: =SUM(I8:I12) -> 0 | J13: =SUM(J8:J12) -> 0 | K13: =SUM(K8:K12) -> 0 | ... AD13: =SUM(AD8:AD12) -> 0

Sheet 25
A1: ='1'!A1 -> Afaz Tobacco Company .
A2: ='1'!A2 -> Marketing Department
A3: Month:October-2026
A4: ='1'!A4 -> Daily Sales & Closing Stock Information.
B5: Date:25.10.2026 | G5: Division: Ctg South | U5: Wing: Chittagong
A6: SL. NO | B6: Name of Region | C6: Name of Territory | D6: Brand wise Sales (BITCL) | J6: TOTAL SALES | K6: Brand Wise Closing Stock (BITCL) | Q6: TOTAL Stock | R6: Brand wise Sales (BITCL) | W6: Total Zarda Sales Value | X6: Brand Wise Closing Stock (BITCL) | AC6: Total Zarda C.Stock Value | AD6: Express Empty Packet | AE6: Remark
D7: Wilson | E7: Shahara | F7: Express | G7: Nexus | H7: SB | I7: SM | K7: Wilson | L7: Shahara | M7: Express | N7: Nexus | O7: SB | P7: SM | R7: SLB | S7: 22/25 | T7: 99/14 | U7: 33/15 | X7: SLB | Y7: 22/25 | Z7: 99/14 | AA7: 33/15
A8: 1 | B8: Satkania | C8: Kerani hat | D8: 0 | E8: 0 | F8: 0 | G8: 0 | H8: 0 | I8: 0 | J8: =SUM(D8:I8) -> 0 | K8: 0 | L8: 0 | M8: 0 | N8: 0 | O8: 0 | P8: 0 | Q8: =SUM(K8:P8) -> 0 | R8: 0 | S8: 0 | T8: 0 | U8: 0 | V8: 0 | W8: =S8*15+T8*6+U8*8 -> 0 | X8: 0 | Y8: 0 | Z8: 0 | AA8: 0 | AB8: 0 | AC8: =Y8*15+Z8*6+AA8*8 -> 0 | AD8: 0
A9: 2 | C9: Satkania | D9: 0 | E9: 0 | F9: 0 | G9: 0 | H9: 0 | I9: 0 | J9: =SUM(D9:I9) -> 0 | K9: 0 | L9: 0 | M9: 0 | N9: 0 | O9: 0 | P9: 0 | Q9: =SUM(K9:P9) -> 0 | R9: 0 | S9: 0 | T9: 0 | U9: 0 | V9: 0 | W9: =S9*15+T9*6+U9*8 -> 0 | X9: 0 | Y9: 0 | Z9: 0 | AA9: 0 | AB9: 0 | AC9: =Y9*15+Z9*6+AA9*8 -> 0 | AD9: 0
A10: 3 | C10: Bandarban | D10: 0 | E10: 0 | F10: 0 | G10: 0 | H10: 0 | I10: 0 | J10: =SUM(D10:I10) -> 0 | K10: 0 | L10: 0 | M10: 0 | N10: 0 | O10: 0 | P10: 0 | Q10: =SUM(K10:P10) -> 0 | R10: 0 | S10: 0 | T10: 0 | U10: 0 | V10: 0 | W10: =S10*15+T10*6+U10*8 -> 0 | X10: 0 | Y10: 0 | Z10: 0 | AA10: 0 | AB10: 0 | AC10: =Y10*15+Z10*6+AA10*8 -> 0 | AD10: 0
A11: 4 | C11: Rajasthali | D11: 0 | E11: 0 | F11: 0 | G11: 0 | H11: 0 | I11: 0 | J11: =SUM(D11:I11) -> 0 | K11: 0 | L11: 0 | M11: 0 | N11: 0 | O11: 0 | P11: 0 | Q11: =SUM(K11:P11) -> 0 | R11: 0 | S11: 0 | T11: 0 | U11: 0 | V11: 0 | W11: =S11*15+T11*6+U11*8 -> 0 | X11: 0 | Y11: 0 | Z11: 0 | AA11: 0 | AB11: 0 | AC11: =Y11*15+Z11*6+AA11*8 -> 0 | AD11: 0
A12: 5 | C12: Dohazari | D12: 0 | E12: 0 | F12: 0 | G12: 0 | H12: 0 | I12: 0 | J12: =SUM(D12:I12) -> 0 | K12: 0 | L12: 0 | M12: 0 | N12: 0 | O12: 0 | P12: 0 | Q12: =SUM(K12:P12) -> 0 | R12: 0 | S12: 0 | T12: 0 | U12: 0 | V12: 0 | W12: =S12*15+T12*6+U12*8 -> 0 | X12: 0 | Y12: 0 | Z12: 0 | AA12: 0 | AB12: 0 | AC12: =Y12*15+Z12*6+AA12*8 -> 0 | AD12: 0
A13: Satkania Region Total | D13: =SUM(D8:D12) -> 0 | E13: =SUM(E8:E12) -> 0 | F13: =SUM(F8:F12) -> 0 | G13: =SUM(G8:G12) -> 0 | H13: =SUM(H8:H12) -> 0 | I13: =SUM(I8:I12) -> 0 | J13: =SUM(J8:J12) -> 0 | K13: =SUM(K8:K12) -> 0 | ... AD13: =SUM(AD8:AD12) -> 0

Sheet 26
A1: ='1'!A1 -> Afaz Tobacco Company .
A2: ='1'!A2 -> Marketing Department
A3: Month:October-2026
A4: ='1'!A4 -> Daily Sales & Closing Stock Information.
B5: Date:26.10.2026 | G5: Division: Ctg South | U5: Wing: Chittagong
A6: SL. NO | B6: Name of Region | C6: Name of Territory | D6: Brand wise Sales (BITCL) | J6: TOTAL SALES | K6: Brand Wise Closing Stock (BITCL) | Q6: TOTAL Stock | R6: Brand wise Sales (BITCL) | W6: Total Zarda Sales Value | X6: Brand Wise Closing Stock (BITCL) | AC6: Total Zarda C.Stock Value | AD6: Express Empty Packet | AE6: Remark
D7: Wilson | E7: Shahara | F7: Express | G7: Nexus | H7: SB | I7: SM | K7: Wilson | L7: Shahara | M7: Express | N7: Nexus | O7: SB | P7: SM | R7: SLB | S7: 22/25 | T7: 99/14 | U7: 33/15 | X7: SLB | Y7: 22/25 | Z7: 99/14 | AA7: 33/15
A8: 1 | B8: Satkania | C8: Kerani hat | D8: 0 | E8: 0 | F8: 0 | G8: 0 | H8: 0 | I8: 0 | J8: =SUM(D8:I8) -> 0 | K8: 0 | L8: 0 | M8: 0 | N8: 0 | O8: 0 | P8: 0 | Q8: =SUM(K8:P8) -> 0 | R8: 0 | S8: 0 | T8: 0 | U8: 0 | V8: 0 | W8: =S8*15+T8*6+U8*8 -> 0 | X8: 0 | Y8: 0 | Z8: 0 | AA8: 0 | AB8: 0 | AC8: =Y8*15+Z8*6+AA8*8 -> 0 | AD8: 0
A9: 2 | C9: Satkania | D9: 0 | E9: 0 | F9: 0 | G9: 0 | H9: 0 | I9: 0 | J9: =SUM(D9:I9) -> 0 | K9: 0 | L9: 0 | M9: 0 | N9: 0 | O9: 0 | P9: 0 | Q9: =SUM(K9:P9) -> 0 | R9: 0 | S9: 0 | T9: 0 | U9: 0 | V9: 0 | W9: =S9*15+T9*6+U9*8 -> 0 | X9: 0 | Y9: 0 | Z9: 0 | AA9: 0 | AB9: 0 | AC9: =Y9*15+Z9*6+AA9*8 -> 0 | AD9: 0
A10: 3 | C10: Bandarban | D10: 0 | E10: 0 | F10: 0 | G10: 0 | H10: 0 | I10: 0 | J10: =SUM(D10:I10) -> 0 | K10: 0 | L10: 0 | M10: 0 | N10: 0 | O10: 0 | P10: 0 | Q10: =SUM(K10:P10) -> 0 | R10: 0 | S10: 0 | T10: 0 | U10: 0 | V10: 0 | W10: =S10*15+T10*6+U10*8 -> 0 | X10: 0 | Y10: 0 | Z10: 0 | AA10: 0 | AB10: 0 | AC10: =Y10*15+Z10*6+AA10*8 -> 0 | AD10: 0
A11: 4 | C11: Rajasthali | D11: 0 | E11: 0 | F11: 0 | G11: 0 | H11: 0 | I11: 0 | J11: =SUM(D11:I11) -> 0 | K11: 0 | L11: 0 | M11: 0 | N11: 0 | O11: 0 | P11: 0 | Q11: =SUM(K11:P11) -> 0 | R11: 0 | S11: 0 | T11: 0 | U11: 0 | V11: 0 | W11: =S11*15+T11*6+U11*8 -> 0 | X11: 0 | Y11: 0 | Z11: 0 | AA11: 0 | AB11: 0 | AC11: =Y11*15+Z11*6+AA11*8 -> 0 | AD11: 0
A12: 5 | C12: Dohazari | D12: 0 | E12: 0 | F12: 0 | G12: 0 | H12: 0 | I12: 0 | J12: =SUM(D12:I12) -> 0 | K12: 0 | L12: 0 | M12: 0 | N12: 0 | O12: 0 | P12: 0 | Q12: =SUM(K12:P12) -> 0 | R12: 0 | S12: 0 | T12: 0 | U12: 0 | V12: 0 | W12: =S12*15+T12*6+U12*8 -> 0 | X12: 0 | Y12: 0 | Z12: 0 | AA12: 0 | AB12: 0 | AC12: =Y12*15+Z12*6+AA12*8 -> 0 | AD12: 0
A13: Satkania Region Total | D13: =SUM(D8:D12) -> 0 | E13: =SUM(E8:E12) -> 0 | F13: =SUM(F8:F12) -> 0 | G13: =SUM(G8:G12) -> 0 | H13: =SUM(H8:H12) -> 0 | I13: =SUM(I8:I12) -> 0 | J13: =SUM(J8:J12) -> 0 | K13: =SUM(K8:K12) -> 0 | ... AD13: =SUM(AD8:AD12) -> 0

Sheet 27
A1: ='1'!A1 -> Afaz Tobacco Company .
A2: ='1'!A2 -> Marketing Department
A3: Month:October-2026
A4: ='1'!A4 -> Daily Sales & Closing Stock Information.
B5: Date:27.10.2026 | G5: Division: Ctg South | U5: Wing: Chittagong
A6: SL. NO | B6: Name of Region | C6: Name of Territory | D6: Brand wise Sales (BITCL) | J6: TOTAL SALES | K6: Brand Wise Closing Stock (BITCL) | Q6: TOTAL Stock | R6: Brand wise Sales (BITCL) | W6: Total Zarda Sales Value | X6: Brand Wise Closing Stock (BITCL) | AC6: Total Zarda C.Stock Value | AD6: Express Empty Packet | AE6: Remark
D7: Wilson | E7: Shahara | F7: Express | G7: Nexus | H7: SB | I7: SM | K7: Wilson | L7: Shahara | M7: Express | N7: Nexus | O7: SB | P7: SM | R7: SLB | S7: 22/25 | T7: 99/14 | U7: 33/15 | X7: SLB | Y7: 22/25 | Z7: 99/14 | AA7: 33/15
A8: 1 | B8: Satkania | C8: Kerani hat | D8: 0 | E8: 0 | F8: 0 | G8: 0 | H8: 0 | I8: 0 | J8: =SUM(D8:I8) -> 0 | K8: 0 | L8: 0 | M8: 0 | N8: 0 | O8: 0 | P8: 0 | Q8: =SUM(K8:P8) -> 0 | R8: 0 | S8: 0 | T8: 0 | U8: 0 | V8: 0 | W8: =S8*15+T8*6+U8*8 -> 0 | X8: 0 | Y8: 0 | Z8: 0 | AA8: 0 | AB8: 0 | AC8: =Y8*15+Z8*6+AA8*8 -> 0 | AD8: 0
A9: 2 | C9: Satkania | D9: 0 | E9: 0 | F9: 0 | G9: 0 | H9: 0 | I9: 0 | J9: =SUM(D9:I9) -> 0 | K9: 0 | L9: 0 | M9: 0 | N9: 0 | O9: 0 | P9: 0 | Q9: =SUM(K9:P9) -> 0 | R9: 0 | S9: 0 | T9: 0 | U9: 0 | V9: 0 | W9: =S9*15+T9*6+U9*8 -> 0 | X9: 0 | Y9: 0 | Z9: 0 | AA9: 0 | AB9: 0 | AC9: =Y9*15+Z9*6+AA9*8 -> 0 | AD9: 0
A10: 3 | C10: Bandarban | D10: 0 | E10: 0 | F10: 0 | G10: 0 | H10: 0 | I10: 0 | J10: =SUM(D10:I10) -> 0 | K10: 0 | L10: 0 | M10: 0 | N10: 0 | O10: 0 | P10: 0 | Q10: =SUM(K10:P10) -> 0 | R10: 0 | S10: 0 | T10: 0 | U10: 0 | V10: 0 | W10: =S10*15+T10*6+U10*8 -> 0 | X10: 0 | Y10: 0 | Z10: 0 | AA10: 0 | AB10: 0 | AC10: =Y10*15+Z10*6+AA10*8 -> 0 | AD10: 0
A11: 4 | C11: Rajasthali | D11: 0 | E11: 0 | F11: 0 | G11: 0 | H11: 0 | I11: 0 | J11: =SUM(D11:I11) -> 0 | K11: 0 | L11: 0 | M11: 0 | N11: 0 | O11: 0 | P11: 0 | Q11: =SUM(K11:P11) -> 0 | R11: 0 | S11: 0 | T11: 0 | U11: 0 | V11: 0 | W11: =S11*15+T11*6+U11*8 -> 0 | X11: 0 | Y11: 0 | Z11: 0 | AA11: 0 | AB11: 0 | AC11: =Y11*15+Z11*6+AA11*8 -> 0 | AD11: 0
A12: 5 | C12: Dohazari | D12: 0 | E12: 0 | F12: 0 | G12: 0 | H12: 0 | I12: 0 | J12: =SUM(D12:I12) -> 0 | K12: 0 | L12: 0 | M12: 0 | N12: 0 | O12: 0 | P12: 0 | Q12: =SUM(K12:P12) -> 0 | R12: 0 | S12: 0 | T12: 0 | U12: 0 | V12: 0 | W12: =S12*15+T12*6+U12*8 -> 0 | X12: 0 | Y12: 0 | Z12: 0 | AA12: 0 | AB12: 0 | AC12: =Y12*15+Z12*6+AA12*8 -> 0 | AD12: 0
A13: Satkania Region Total | D13: =SUM(D8:D12) -> 0 | E13: =SUM(E8:E12) -> 0 | F13: =SUM(F8:F12) -> 0 | G13: =SUM(G8:G12) -> 0 | H13: =SUM(H8:H12) -> 0 | I13: =SUM(I8:I12) -> 0 | J13: =SUM(J8:J12) -> 0 | K13: =SUM(K8:K12) -> 0 | ... AD13: =SUM(AD8:AD12) -> 0

Sheet 28
A1: ='1'!A1 -> Afaz Tobacco Company .
A2: ='1'!A2 -> Marketing Department
A3: Month:October-2026
A4: ='1'!A4 -> Daily Sales & Closing Stock Information.
B5: Date:28.10.2026 | G5: Division: Ctg South | U5: Wing: Chittagong
A6: SL. NO | B6: Name of Region | C6: Name of Territory | D6: Brand wise Sales (BITCL) | J6: TOTAL SALES | K6: Brand Wise Closing Stock (BITCL) | Q6: TOTAL Stock | R6: Brand wise Sales (BITCL) | W6: Total Zarda Sales Value | X6: Brand Wise Closing Stock (BITCL) | AC6: Total Zarda C.Stock Value | AD6: Express Empty Packet | AE6: Remark
D7: Wilson | E7: Shahara | F7: Express | G7: Nexus | H7: SB | I7: SM | K7: Wilson | L7: Shahara | M7: Express | N7: Nexus | O7: SB | P7: SM | R7: SLB | S7: 22/25 | T7: 99/14 | U7: 33/15 | X7: SLB | Y7: 22/25 | Z7: 99/14 | AA7: 33/15
A8: 1 | B8: Satkania | C8: Kerani hat | D8: 0 | E8: 0 | F8: 0 | G8: 0 | H8: 0 | I8: 0 | J8: =SUM(D8:I8) -> 0 | K8: 0 | L8: 0 | M8: 0 | N8: 0 | O8: 0 | P8: 0 | Q8: =SUM(K8:P8) -> 0 | R8: 0 | S8: 0 | T8: 0 | U8: 0 | V8: 0 | W8: =S8*15+T8*6+U8*8 -> 0 | X8: 0 | Y8: 0 | Z8: 0 | AA8: 0 | AB8: 0 | AC8: =Y8*15+Z8*6+AA8*8 -> 0 | AD8: 0
A9: 2 | C9: Satkania | D9: 0 | E9: 0 | F9: 0 | G9: 0 | H9: 0 | I9: 0 | J9: =SUM(D9:I9) -> 0 | K9: 0 | L9: 0 | M9: 0 | N9: 0 | O9: 0 | P9: 0 | Q9: =SUM(K9:P9) -> 0 | R9: 0 | S9: 0 | T9: 0 | U9: 0 | V9: 0 | W9: =S9*15+T9*6+U9*8 -> 0 | X9: 0 | Y9: 0 | Z9: 0 | AA9: 0 | AB9: 0 | AC9: =Y9*15+Z9*6+AA9*8 -> 0 | AD9: 0
A10: 3 | C10: Bandarban | D10: 0 | E10: 0 | F10: 0 | G10: 0 | H10: 0 | I10: 0 | J10: =SUM(D10:I10) -> 0 | K10: 0 | L10: 0 | M10: 0 | N10: 0 | O10: 0 | P10: 0 | Q10: =SUM(K10:P10) -> 0 | R10: 0 | S10: 0 | T10: 0 | U10: 0 | V10: 0 | W10: =S10*15+T10*6+U10*8 -> 0 | X10: 0 | Y10: 0 | Z10: 0 | AA10: 0 | AB10: 0 | AC10: =Y10*15+Z10*6+AA10*8 -> 0 | AD10: 0
A11: 4 | C11: Rajasthali | D11: 0 | E11: 0 | F11: 0 | G11: 0 | H11: 0 | I11: 0 | J11: =SUM(D11:I11) -> 0 | K11: 0 | L11: 0 | M11: 0 | N11: 0 | O11: 0 | P11: 0 | Q11: =SUM(K11:P11) -> 0 | R11: 0 | S11: 0 | T11: 0 | U11: 0 | V11: 0 | W11: =S11*15+T11*6+U11*8 -> 0 | X11: 0 | Y11: 0 | Z11: 0 | AA11: 0 | AB11: 0 | AC11: =Y11*15+Z11*6+AA11*8 -> 0 | AD11: 0
A12: 5 | C12: Dohazari | D12: 0 | E12: 0 | F12: 0 | G12: 0 | H12: 0 | I12: 0 | J12: =SUM(D12:I12) -> 0 | K12: 0 | L12: 0 | M12: 0 | N12: 0 | O12: 0 | P12: 0 | Q12: =SUM(K12:P12) -> 0 | R12: 0 | S12: 0 | T12: 0 | U12: 0 | V12: 0 | W12: =S12*15+T12*6+U12*8 -> 0 | X12: 0 | Y12: 0 | Z12: 0 | AA12: 0 | AB12: 0 | AC12: =Y12*15+Z12*6+AA12*8 -> 0 | AD12: 0
A13: Satkania Region Total | D13: =SUM(D8:D12) -> 0 | E13: =SUM(E8:E12) -> 0 | F13: =SUM(F8:F12) -> 0 | G13: =SUM(G8:G12) -> 0 | H13: =SUM(H8:H12) -> 0 | I13: =SUM(I8:I12) -> 0 | J13: =SUM(J8:J12) -> 0 | K13: =SUM(K8:K12) -> 0 | ... AD13: =SUM(AD8:AD12) -> 0

Sheet 29
A1: ='1'!A1 -> Afaz Tobacco Company .
A2: ='1'!A2 -> Marketing Department
A3: Month:October-2026
A4: ='1'!A4 -> Daily Sales & Closing Stock Information.
B5: Date:29.10.2026 | G5: Division: Ctg South | U5: Wing: Chittagong
A6: SL. NO | B6: Name of Region | C6: Name of Territory | D6: Brand wise Sales (BITCL) | J6: TOTAL SALES | K6: Brand Wise Closing Stock (BITCL) | Q6: TOTAL Stock | R6: Brand wise Sales (BITCL) | W6: Total Zarda Sales Value | X6: Brand Wise Closing Stock (BITCL) | AC6: Total Zarda C.Stock Value | AD6: Express Empty Packet | AE6: Remark
D7: Wilson | E7: Shahara | F7: Express | G7: Nexus | H7: SB | I7: SM | K7: Wilson | L7: Shahara | M7: Express | N7: Nexus | O7: SB | P7: SM | R7: SLB | S7: 22/25 | T7: 99/14 | U7: 33/15 | X7: SLB | Y7: 22/25 | Z7: 99/14 | AA7: 33/15
A8: 1 | B8: Satkania | C8: Kerani hat | D8: 0 | E8: 0 | F8: 0 | G8: 0 | H8: 0 | I8: 0 | J8: =SUM(D8:I8) -> 0 | K8: 0 | L8: 0 | M8: 0 | N8: 0 | O8: 0 | P8: 0 | Q8: =SUM(K8:P8) -> 0 | R8: 0 | S8: 0 | T8: 0 | U8: 0 | V8: 0 | W8: =S8*15+T8*6+U8*8 -> 0 | X8: 0 | Y8: 0 | Z8: 0 | AA8: 0 | AB8: 0 | AC8: =Y8*15+Z8*6+AA8*8 -> 0 | AD8: 0
A9: 2 | C9: Satkania | D9: 0 | E9: 0 | F9: 0 | G9: 0 | H9: 0 | I9: 0 | J9: =SUM(D9:I9) -> 0 | K9: 0 | L9: 0 | M9: 0 | N9: 0 | O9: 0 | P9: 0 | Q9: =SUM(K9:P9) -> 0 | R9: 0 | S9: 0 | T9: 0 | U9: 0 | V9: 0 | W9: =S9*15+T9*6+U9*8 -> 0 | X9: 0 | Y9: 0 | Z9: 0 | AA9: 0 | AB9: 0 | AC9: =Y9*15+Z9*6+AA9*8 -> 0 | AD9: 0
A10: 3 | C10: Bandarban | D10: 0 | E10: 0 | F10: 0 | G10: 0 | H10: 0 | I10: 0 | J10: =SUM(D10:I10) -> 0 | K10: 0 | L10: 0 | M10: 0 | N10: 0 | O10: 0 | P10: 0 | Q10: =SUM(K10:P10) -> 0 | R10: 0 | S10: 0 | T10: 0 | U10: 0 | V10: 0 | W10: =S10*15+T10*6+U10*8 -> 0 | X10: 0 | Y10: 0 | Z10: 0 | AA10: 0 | AB10: 0 | AC10: =Y10*15+Z10*6+AA10*8 -> 0 | AD10: 0
A11: 4 | C11: Rajasthali | D11: 0 | E11: 0 | F11: 0 | G11: 0 | H11: 0 | I11: 0 | J11: =SUM(D11:I11) -> 0 | K11: 0 | L11: 0 | M11: 0 | N11: 0 | O11: 0 | P11: 0 | Q11: =SUM(K11:P11) -> 0 | R11: 0 | S11: 0 | T11: 0 | U11: 0 | V11: 0 | W11: =S11*15+T11*6+U11*8 -> 0 | X11: 0 | Y11: 0 | Z11: 0 | AA11: 0 | AB11: 0 | AC11: =Y11*15+Z11*6+AA11*8 -> 0 | AD11: 0
A12: 5 | C12: Dohazari | D12: 0 | E12: 0 | F12: 0 | G12: 0 | H12: 0 | I12: 0 | J12: =SUM(D12:I12) -> 0 | K12: 0 | L12: 0 | M12: 0 | N12: 0 | O12: 0 | P12: 0 | Q12: =SUM(K12:P12) -> 0 | R12: 0 | S12: 0 | T12: 0 | U12: 0 | V12: 0 | W12: =S12*15+T12*6+U12*8 -> 0 | X12: 0 | Y12: 0 | Z12: 0 | AA12: 0 | AB12: 0 | AC12: =Y12*15+Z12*6+AA12*8 -> 0 | AD12: 0
A13: Satkania Region Total | D13: =SUM(D8:D12) -> 0 | E13: =SUM(E8:E12) -> 0 | F13: =SUM(F8:F12) -> 0 | G13: =SUM(G8:G12) -> 0 | H13: =SUM(H8:H12) -> 0 | I13: =SUM(I8:I12) -> 0 | J13: =SUM(J8:J12) -> 0 | K13: =SUM(K8:K12) -> 0 | ... AD13: =SUM(AD8:AD12) -> 0

Sheet 30
A1: ='1'!A1 -> Afaz Tobacco Company .
A2: ='1'!A2 -> Marketing Department
A3: Month:October-2026
A4: ='1'!A4 -> Daily Sales & Closing Stock Information.
B5: Date:30.10.2026 | G5: Division: Ctg South | U5: Wing: Chittagong
A6: SL. NO | B6: Name of Region | C6: Name of Territory | D6: Brand wise Sales (BITCL) | J6: TOTAL SALES | K6: Brand Wise Closing Stock (BITCL) | Q6: TOTAL Stock | R6: Brand wise Sales (BITCL) | W6: Total Zarda Sales Value | X6: Brand Wise Closing Stock (BITCL) | AC6: Total Zarda C.Stock Value | AD6: Express Empty Packet | AE6: Remark
D7: Wilson | E7: Shahara | F7: Express | G7: Nexus | H7: SB | I7: SM | K7: Wilson | L7: Shahara | M7: Express | N7: Nexus | O7: SB | P7: SM | R7: SLB | S7: 22/25 | T7: 99/14 | U7: 33/15 | X7: SLB | Y7: 22/25 | Z7: 99/14 | AA7: 33/15
A8: 1 | B8: Satkania | C8: Kerani hat | D8: 0 | E8: 0 | F8: 0 | G8: 0 | H8: 0 | I8: 0 | J8: =SUM(D8:I8) -> 0 | K8: 0 | L8: 0 | M8: 0 | N8: 0 | O8: 0 | P8: 0 | Q8: =SUM(K8:P8) -> 0 | R8: 0 | S8: 0 | T8: 0 | U8: 0 | V8: 0 | W8: =S8*15+T8*6+U8*8 -> 0 | X8: 0 | Y8: 0 | Z8: 0 | AA8: 0 | AB8: 0 | AC8: =Y8*15+Z8*6+AA8*8 -> 0 | AD8: 0
A9: 2 | C9: Satkania | D9: 0 | E9: 0 | F9: 0 | G9: 0 | H9: 0 | I9: 0 | J9: =SUM(D9:I9) -> 0 | K9: 0 | L9: 0 | M9: 0 | N9: 0 | O9: 0 | P9: 0 | Q9: =SUM(K9:P9) -> 0 | R9: 0 | S9: 0 | T9: 0 | U9: 0 | V9: 0 | W9: =S9*15+T9*6+U9*8 -> 0 | X9: 0 | Y9: 0 | Z9: 0 | AA9: 0 | AB9: 0 | AC9: =Y9*15+Z9*6+AA9*8 -> 0 | AD9: 0
A10: 3 | C10: Bandarban | D10: 0 | E10: 0 | F10: 0 | G10: 0 | H10: 0 | I10: 0 | J10: =SUM(D10:I10) -> 0 | K10: 0 | L10: 0 | M10: 0 | N10: 0 | O10: 0 | P10: 0 | Q10: =SUM(K10:P10) -> 0 | R10: 0 | S10: 0 | T10: 0 | U10: 0 | V10: 0 | W10: =S10*15+T10*6+U10*8 -> 0 | X10: 0 | Y10: 0 | Z10: 0 | AA10: 0 | AB10: 0 | AC10: =Y10*15+Z10*6+AA10*8 -> 0 | AD10: 0
A11: 4 | C11: Rajasthali | D11: 0 | E11: 0 | F11: 0 | G11: 0 | H11: 0 | I11: 0 | J11: =SUM(D11:I11) -> 0 | K11: 0 | L11: 0 | M11: 0 | N11: 0 | O11: 0 | P11: 0 | Q11: =SUM(K11:P11) -> 0 | R11: 0 | S11: 0 | T11: 0 | U11: 0 | V11: 0 | W11: =S11*15+T11*6+U11*8 -> 0 | X11: 0 | Y11: 0 | Z11: 0 | AA11: 0 | AB11: 0 | AC11: =Y11*15+Z11*6+AA11*8 -> 0 | AD11: 0
A12: 5 | C12: Dohazari | D12: 0 | E12: 0 | F12: 0 | G12: 0 | H12: 0 | I12: 0 | J12: =SUM(D12:I12) -> 0 | K12: 0 | L12: 0 | M12: 0 | N12: 0 | O12: 0 | P12: 0 | Q12: =SUM(K12:P12) -> 0 | R12: 0 | S12: 0 | T12: 0 | U12: 0 | V12: 0 | W12: =S12*15+T12*6+U12*8 -> 0 | X12: 0 | Y12: 0 | Z12: 0 | AA12: 0 | AB12: 0 | AC12: =Y12*15+Z12*6+AA12*8 -> 0 | AD12: 0
A13: Satkania Region Total | D13: =SUM(D8:D12) -> 0 | E13: =SUM(E8:E12) -> 0 | F13: =SUM(F8:F12) -> 0 | G13: =SUM(G8:G12) -> 0 | H13: =SUM(H8:H12) -> 0 | I13: =SUM(I8:I12) -> 0 | J13: =SUM(J8:J12) -> 0 | K13: =SUM(K8:K12) -> 0 | ... AD13: =SUM(AD8:AD12) -> 0

Sheet 31
A1: ='1'!A1 -> Afaz Tobacco Company .
A2: ='1'!A2 -> Marketing Department
A3: Month:October-2026
A4: ='1'!A4 -> Daily Sales & Closing Stock Information.
B5: Date:31.10.2026 | G5: Division: Ctg South | U5: Wing: Chittagong
A6: SL. NO | B6: Name of Region | C6: Name of Territory | D6: Brand wise Sales (BITCL) | J6: TOTAL SALES | K6: Brand Wise Closing Stock (BITCL) | Q6: TOTAL Stock | R6: Brand wise Sales (BITCL) | W6: Total Zarda Sales Value | X6: Brand Wise Closing Stock (BITCL) | AC6: Total Zarda C.Stock Value | AD6: Express Empty Packet | AE6: Remark
D7: Wilson | E7: Shahara | F7: Express | G7: Nexus | H7: SB | I7: SM | K7: Wilson | L7: Shahara | M7: Express | N7: Nexus | O7: SB | P7: SM | R7: SLB | S7: 22/25 | T7: 99/14 | U7: 33/15 | X7: SLB | Y7: 22/25 | Z7: 99/14 | AA7: 33/15
A8: 1 | B8: Satkania | C8: Karanihat | D8: 0 | E8: 0 | F8: 0 | G8: 0 | H8: 0 | I8: 0 | J8: =SUM(D8:I8) -> 0 | K8: 0 | L8: 0 | M8: 0 | N8: 0 | O8: 0 | P8: 0 | Q8: =SUM(K8:P8) -> 0 | R8: 0 | S8: 0 | T8: 0 | U8: 0 | V8: 0 | W8: =S8*15+T8*6+U8*8 -> 0 | X8: 0 | Y8: 0 | Z8: 0 | AA8: 0 | AB8: 0 | AC8: =Y8*15+Z8*6+AA8*8 -> 0 | AD8: 0
A9: 2 | C9: Satkania | D9: 0 | E9: 0 | F9: 0 | G9: 0 | H9: 0 | I9: 0 | J9: =SUM(D9:I9) -> 0 | K9: 0 | L9: 0 | M9: 0 | N9: 0 | O9: 0 | P9: 0 | Q9: =SUM(K9:P9) -> 0 | R9: 0 | S9: 0 | T9: 0 | U9: 0 | V9: 0 | W9: =S9*15+T9*6+U9*8 -> 0 | X9: 0 | Y9: 0 | Z9: 0 | AA9: 0 | AB9: 0 | AC9: =Y9*15+Z9*6+AA9*8 -> 0 | AD9: 0
A10: 3 | C10: Bandarban | D10: 0 | E10: 0 | F10: 0 | G10: 0 | H10: 0 | I10: 0 | J10: =SUM(D10:I10) -> 0 | K10: 0 | L10: 0 | M10: 0 | N10: 0 | O10: 0 | P10: 0 | Q10: =SUM(K10:P10) -> 0 | R10: 0 | S10: 0 | T10: 0 | U10: 0 | V10: 0 | W10: =S10*15+T10*6+U10*8 -> 0 | X10: 0 | Y10: 0 | Z10: 0 | AA10: 0 | AB10: 0 | AC10: =Y10*15+Z10*6+AA10*8 -> 0 | AD10: 0
A11: 4 | C11: Rajasthali | D11: 0 | E11: 0 | F11: 0 | G11: 0 | H11: 0 | I11: 0 | J11: =SUM(D11:I11) -> 0 | K11: 0 | L11: 0 | M11: 0 | N11: 0 | O11: 0 | P11: 0 | Q11: =SUM(K11:P11) -> 0 | R11: 0 | S11: 0 | T11: 0 | U11: 0 | V11: 0 | W11: =S11*15+T11*6+U11*8 -> 0 | X11: 0 | Y11: 0 | Z11: 0 | AA11: 0 | AB11: 0 | AC11: =Y11*15+Z11*6+AA11*8 -> 0 | AD11: 0
A12: 5 | C12: Dohazari | D12: 0 | E12: 0 | F12: 0 | G12: 0 | H12: 0 | I12: 0 | J12: =SUM(D12:I12) -> 0 | K12: 0 | L12: 0 | M12: 0 | N12: 0 | O12: 0 | P12: 0 | Q12: =SUM(K12:P12) -> 0 | R12: 0 | S12: 0 | T12: 0 | U12: 0 | V12: 0 | W12: =S12*15+T12*6+U12*8 -> 0 | X12: 0 | Y12: 0 | Z12: 0 | AA12: 0 | AB12: 0 | AC12: =Y12*15+Z12*6+AA12*8 -> 0 | AD12: 0
A13: Satkania Region Total | D13: =SUM(D8:D12) -> 0 | E13: =SUM(E8:E12) -> 0 | F13: =SUM(F8:F12) -> 0 | G13: =SUM(G8:G12) -> 0 | H13: =SUM(H8:H12) -> 0 | I13: =SUM(I8:I12) -> 0 | J13: =SUM(J8:J12) -> 0 | K13: =SUM(K8:K12) -> 0 | ... AD13: =SUM(AD8:AD12) -> 0

Sheet STD & ADS
A1: ='1'!A1 -> Afaz Tobacco Company .
A2: ='1'!A2 -> Marketing Department
A3: ='1'!A3 -> Month:October-2026
A4: ='1'!A4 -> Daily Sales & Closing Stock Information.
G5: Division: Ctg South | U5: Wing: Chittagong
A6: SL. NO | B6: Name of Region | C6: Name of Territory | D6: Brand wise Total Sales (STD) | J6: TOTAL SALES | K6: Brand Wise ADS (WD 26) | Q6: TOTAL ADS | R6: Brand wise Sales (BITCL) | W6: Total Zarda Sales Value | X6: Brand Wise ADS (WD-26) | AC6: Express Empty Packet | AD6: Remark
D7: Wilson | E7: Shahara | F7: Express | G7: Nexus | H7: SB | I7: SM | K7: Wilson | L7: Shahara | M7: Express | N7: Nexus | O7: SB | P7: SM | R7: SLB | S7: 22/25 | T7: 99/14 | U7: 33/15 | X7: SLB | Y7: 22/25 | Z7: 99/14 | AA7: 33/15
A8: 1 | B8: Satkania | C8: Kerani hat | D8: ='1'!D8+'2'!D8+'3'!D8+'4'!D8+'5'!D8+'6'!D8+'7'!D8+'8'!D8+'9'!D8+'10'!D8+'11'!D8+'12'!D8+'13'!D8+'14'!D8+'15'!D8+'16'!D8+'17'!D8+'18'!D8+'19'!D8+'20'!D8+'21'!D8+'22'!D8+'23'!D8+'24'!D8+'25'!D8+'26'!D8+'27'!D8+'28'!D8+'29'!D8+'30'!D8+'31'!D8 -> 0.01 | E8: ='1'!E8+'2'!E8+'3'!E8+'4'!E8+'5'!E8+'6'!E8+'7'!E8+'8'!E8+'9'!E8+'10'!E8+'11'!E8+'12'!E8+'13'!E8+'14'!E8+'15'!E8+'16'!E8+'17'!E8+'18'!E8+'19'!E8+'20'!E8+'21'!E8+'22'!E8+'23'!E8+'24'!E8+'25'!E8+'26'!E8+'27'!E8+'28'!E8+'29'!E8+'30'!E8+'31'!E8 -> 0 | F8: ='1'!F8+'2'!F8+'3'!F8+'4'!F8+'5'!F8+'6'!F8+'7'!F8+'8'!F8+'9'!F8+'10'!F8+'11'!F8+'12'!F8+'13'!F8+'14'!F8+'15'!F8+'16'!F8+'17'!F8+'18'!F8+'19'!F8+'20'!F8+'21'!F8+'22'!F8+'23'!F8+'24'!F8+'25'!F8+'26'!F8+'27'!F8+'28'!F8+'29'!F8+'30'!F8+'31'!F8 -> 2.51 | G8: ='1'!G8+'2'!G8+'3'!G8+'4'!G8+'5'!G8+'6'!G8+'7'!G8+'8'!G8+'9'!G8+'10'!G8+'11'!G8+'12'!G8+'13'!G8+'14'!G8+'15'!G8+'16'!G8+'17'!G8+'18'!G8+'19'!G8+'20'!G8+'21'!G8+'22'!G8+'23'!G8+'24'!G8+'25'!G8+'26'!G8+'27'!G8+'28'!G8+'29'!G8+'30'!G8+'31'!G8 -> 0 | H8: ='1'!H8+'2'!H8+'3'!H8+'4'!H8+'5'!H8+'6'!H8+'7'!H8+'8'!H8+'9'!H8+'10'!H8+'11'!H8+'12'!H8+'13'!H8+'14'!H8+'15'!H8+'16'!H8+'17'!H8+'18'!H8+'19'!H8+'20'!H8+'21'!H8+'22'!H8+'23'!H8+'24'!H8+'25'!H8+'26'!H8+'27'!H8+'28'!H8+'29'!H8+'30'!H8+'31'!H8 -> 0 | I8: ='1'!I8+'2'!I8+'3'!I8+'4'!I8+'5'!I8+'6'!I8+'7'!I8+'8'!I8+'9'!I8+'10'!I8+'11'!I8+'12'!I8+'13'!I8+'14'!I8+'15'!I8+'16'!I8+'17'!I8+'18'!I8+'19'!I8+'20'!I8+'21'!I8+'22'!I8+'23'!I8+'24'!I8+'25'!I8+'26'!I8+'27'!I8+'28'!I8+'29'!I8+'30'!I8+'31'!I8 -> 0 | J8: =SUM(D8:I8) -> 2.52 | K8: 0 | L8: 0 | M8: 0.68 | N8: 0 | O8: 0 | P8: 0 | Q8: =SUM(K8:P8) -> 0.68 | R8: ='1'!R8+'2'!R8+'3'!R8+'4'!R8+'5'!R8+'6'!R8+'7'!R8+'8'!R8+'9'!R8+'10'!R8+'11'!R8+'12'!R8+'13'!R8+'14'!R8+'15'!R8+'16'!R8+'17'!R8+'18'!R8+'19'!R8+'20'!R8+'21'!R8+'22'!R8+'23'!R8+'24'!R8+'25'!R8+'26'!R8+'27'!R8+'28'!R8+'29'!R8+'30'!R8+'31'!R8 -> 0.03 | S8: ='1'!S8+'2'!S8+'3'!S8+'4'!S8+'5'!S8+'6'!S8+'7'!S8+'8'!S8+'9'!S8+'10'!S8+'11'!S8+'12'!S8+'13'!S8+'14'!S8+'15'!S8+'16'!S8+'17'!S8+'18'!S8+'19'!S8+'20'!S8+'21'!S8+'22'!S8+'23'!S8+'24'!S8+'25'!S8+'26'!S8+'27'!S8+'28'!S8+'29'!S8+'30'!S8+'31'!S8 -> 77 | T8: ='1'!T8+'2'!T8+'3'!T8+'4'!T8+'5'!T8+'6'!T8+'7'!T8+'8'!T8+'9'!T8+'10'!T8+'11'!T8+'12'!T8+'13'!T8+'14'!T8+'15'!T8+'16'!T8+'17'!T8+'18'!T8+'19'!T8+'20'!T8+'21'!T8+'22'!T8+'23'!T8+'24'!T8+'25'!T8+'26'!T8+'27'!T8+'28'!T8+'29'!T8+'30'!T8+'31'!T8 -> 0 | U8: ='1'!U8+'2'!U8+'3'!U8+'4'!U8+'5'!U8+'6'!U8+'7'!U8+'8'!U8+'9'!U8+'10'!U8+'11'!U8+'12'!U8+'13'!U8+'14'!U8+'15'!U8+'16'!U8+'17'!U8+'18'!U8+'19'!U8+'20'!U8+'21'!U8+'22'!U8+'23'!U8+'24'!U8+'25'!U8+'26'!U8+'27'!U8+'28'!U8+'29'!U8+'30'!U8+'31'!U8 -> 0 | V8: ='1'!V8+'2'!V8+'3'!V8+'4'!V8+'5'!V8+'6'!V8+'7'!V8+'8'!V8+'9'!V8+'10'!V8+'11'!V8+'12'!V8+'13'!V8+'14'!V8+'15'!V8+'16'!V8+'17'!V8+'18'!V8+'19'!V8+'20'!V8+'21'!V8+'22'!V8+'23'!V8+'24'!V8+'25'!V8+'26'!V8+'27'!V8+'28'!V8+'29'!V8+'30'!V8+'31'!V8 -> 0 | W8: ='1'!W8+'2'!W8+'3'!W8+'4'!W8+'5'!W8+'6'!W8+'7'!W8+'8'!W8+'9'!W8+'10'!W8+'11'!W8+'12'!W8+'13'!W8+'14'!W8+'15'!W8+'16'!W8+'17'!W8+'18'!W8+'19'!W8+'20'!W8+'21'!W8+'22'!W8+'23'!W8+'24'!W8+'25'!W8+'26'!W8+'27'!W8+'28'!W8+'29'!W8 -> 1155 | X8: =R8/26 -> 0.0011538462 | Y8: =S8/26 -> 2.9615385 | Z8: =T8/26 -> 0 | AA8: =U8/26 -> 0 | AB8: =V8/26 -> 0 | AC8: ='1'!AD8+'2'!AD8+'3'!AD8+'4'!AD8+'5'!AD8+'6'!AD8+'7'!AD8+'8'!AD8+'9'!AD8+'10'!AD8+'11'!AD8+'12'!AD8+'13'!AD8+'14'!AD8+'15'!AD8+'16'!AD8+'17'!AD8+'18'!AD8+'19'!AD8+'20'!AD8+'21'!AD8+'22'!AD8+'23'!AD8+'24'!AD8+'25'!AD8+'26'!AD8+'27'!AD8+'28'!AD8+'29'!AD8+'30'!AD8+'31'!AD8 -> 35330
A9: 2 | C9: Satkania | D9: ='1'!D9+'2'!D9+'3'!D9+'4'!D9+'5'!D9+'6'!D9+'7'!D9+'8'!D9+'9'!D9+'10'!D9+'11'!D9+'12'!D9+'13'!D9+'14'!D9+'15'!D9+'16'!D9+'17'!D9+'18'!D9+'19'!D9+'20'!D9+'21'!D9+'22'!D9+'23'!D9+'24'!D9+'25'!D9+'26'!D9+'27'!D9+'28'!D9+'29'!D9+'30'!D9+'31'!D9 -> 0.03 | E9: ='1'!E9+'2'!E9+'3'!E9+'4'!E9+'5'!E9+'6'!E9+'7'!E9+'8'!E9+'9'!E9+'10'!E9+'11'!E9+'12'!E9+'13'!E9+'14'!E9+'15'!E9+'16'!E9+'17'!E9+'18'!E9+'19'!E9+'20'!E9+'21'!E9+'22'!E9+'23'!E9+'24'!E9+'25'!E9+'26'!E9+'27'!E9+'28'!E9+'29'!E9+'30'!E9+'31'!E9 -> 0 | F9: ='1'!F9+'2'!F9+'3'!F9+'4'!F9+'5'!F9+'6'!F9+'7'!F9+'8'!F9+'9'!F9+'10'!F9+'11'!F9+'12'!F9+'13'!F9+'14'!F9+'15'!F9+'16'!F9+'17'!F9+'18'!F9+'19'!F9+'20'!F9+'21'!F9+'22'!F9+'23'!F9+'24'!F9+'25'!F9+'26'!F9+'27'!F9+'28'!F9+'29'!F9+'30'!F9+'31'!F9 -> 2.06 | G9: ='1'!G9+'2'!G9+'3'!G9+'4'!G9+'5'!G9+'6'!G9+'7'!G9+'8'!G9+'9'!G9+'10'!G9+'11'!G9+'12'!G9+'13'!G9+'14'!G9+'15'!G9+'16'!G9+'17'!G9+'18'!G9+'19'!G9+'20'!G9+'21'!G9+'22'!G9+'23'!G9+'24'!G9+'25'!G9+'26'!G9+'27'!G9+'28'!G9+'29'!G9+'30'!G9+'31'!G9 -> 0 | H9: ='1'!H9+'2'!H9+'3'!H9+'4'!H9+'5'!H9+'6'!H9+'7'!H9+'8'!H9+'9'!H9+'10'!H9+'11'!H9+'12'!H9+'13'!H9+'14'!H9+'15'!H9+'16'!H9+'17'!H9+'18'!H9+'19'!H9+'20'!H9+'21'!H9+'22'!H9+'23'!H9+'24'!H9+'25'!H9+'26'!H9+'27'!H9+'28'!H9+'29'!H9+'30'!H9+'31'!H9 -> 0 | I9: ='1'!I9+'2'!I9+'3'!I9+'4'!I9+'5'!I9+'6'!I9+'7'!I9+'8'!I9+'9'!I9+'10'!I9+'11'!I9+'12'!I9+'13'!I9+'14'!I9+'15'!I9+'16'!I9+'17'!I9+'18'!I9+'19'!I9+'20'!I9+'21'!I9+'22'!I9+'23'!I9+'24'!I9+'25'!I9+'26'!I9+'27'!I9+'28'!I9+'29'!I9+'30'!I9+'31'!I9 -> 0 | J9: =SUM(D9:I9) -> 2.09 | K9: 0.01 | L9: 0 | M9: 0.465 | N9: 0 | O9: 0 | P9: 0 | Q9: =SUM(K9:P9) -> 0.475 | R9: ='1'!R9+'2'!R9+'3'!R9+'4'!R9+'5'!R9+'6'!R9+'7'!R9+'8'!R9+'9'!R9+'10'!R9+'11'!R9+'12'!R9+'13'!R9+'14'!R9+'15'!R9+'16'!R9+'17'!R9+'18'!R9+'19'!R9+'20'!R9+'21'!R9+'22'!R9+'23'!R9+'24'!R9+'25'!R9+'26'!R9+'27'!R9+'28'!R9+'29'!R9+'30'!R9+'31'!R9 -> 0.02 | S9: ='1'!S9+'2'!S9+'3'!S9+'4'!S9+'5'!S9+'6'!S9+'7'!S9+'8'!S9+'9'!S9+'10'!S9+'11'!S9+'12'!S9+'13'!S9+'14'!S9+'15'!S9+'16'!S9+'17'!S9+'18'!S9+'19'!S9+'20'!S9+'21'!S9+'22'!S9+'23'!S9+'24'!S9+'25'!S9+'26'!S9+'27'!S9+'28'!S9+'29'!S9+'30'!S9+'31'!S9 -> 103 | T9: ='1'!T9+'2'!T9+'3'!T9+'4'!T9+'5'!T9+'6'!T9+'7'!T9+'8'!T9+'9'!T9+'10'!T9+'11'!T9+'12'!T9+'13'!T9+'14'!T9+'15'!T9+'16'!T9+'17'!T9+'18'!T9+'19'!T9+'20'!T9+'21'!T9+'22'!T9+'23'!T9+'24'!T9+'25'!T9+'26'!T9+'27'!T9+'28'!T9+'29'!T9+'30'!T9+'31'!T9 -> 0 | U9: ='1'!U9+'2'!U9+'3'!U9+'4'!U9+'5'!U9+'6'!U9+'7'!U9+'8'!U9+'9'!U9+'10'!U9+'11'!U9+'12'!U9+'13'!U9+'14'!U9+'15'!U9+'16'!U9+'17'!U9+'18'!U9+'19'!U9+'20'!U9+'21'!U9+'22'!U9+'23'!U9+'24'!U9+'25'!U9+'26'!U9+'27'!U9+'28'!U9+'29'!U9+'30'!U9+'31'!U9 -> 0 | V9: ='1'!V9+'2'!V9+'3'!V9+'4'!V9+'5'!V9+'6'!V9+'7'!V9+'8'!V9+'9'!V9+'10'!V9+'11'!V9+'12'!V9+'13'!V9+'14'!V9+'15'!V9+'16'!V9+'17'!V9+'18'!V9+'19'!V9+'20'!V9+'21'!V9+'22'!V9+'23'!V9+'24'!V9+'25'!V9+'26'!V9+'27'!V9+'28'!V9+'29'!V9+'30'!V9+'31'!V9 -> 0 | W9: ='1'!W9+'2'!W9+'3'!W9+'4'!W9+'5'!W9+'6'!W9+'7'!W9+'8'!W9+'9'!W9+'10'!W9+'11'!W9+'12'!W9+'13'!W9+'14'!W9+'15'!W9+'16'!W9+'17'!W9+'18'!W9+'19'!W9+'20'!W9+'21'!W9+'22'!W9+'23'!W9+'24'!W9+'25'!W9+'26'!W9+'27'!W9+'28'!W9+'29'!W9 -> 1545 | X9: =R9/26 -> 0.00076923077 | Y9: =S9/26 -> 3.9615385 | Z9: =T9/26 -> 0 | AA9: =U9/26 -> 0 | AB9: =V9/26 -> 0 | AC9: ='1'!AD9+'2'!AD9+'3'!AD9+'4'!AD9+'5'!AD9+'6'!AD9+'7'!AD9+'8'!AD9+'9'!AD9+'10'!AD9+'11'!AD9+'12'!AD9+'13'!AD9+'14'!AD9+'15'!AD9+'16'!AD9+'17'!AD9+'18'!AD9+'19'!AD9+'20'!AD9+'21'!AD9+'22'!AD9+'23'!AD9+'24'!AD9+'25'!AD9+'26'!AD9+'27'!AD9+'28'!AD9+'29'!AD9+'30'!AD9+'31'!AD9 -> 28870
A10: 3 | C10: Bandarban | D10: ='1'!D10+'2'!D10+'3'!D10+'4'!D10+'5'!D10+'6'!D10+'7'!D10+'8'!D10+'9'!D10+'10'!D10+'11'!D10+'12'!D10+'13'!D10+'14'!D10+'15'!D10+'16'!D10+'17'!D10+'18'!D10+'19'!D10+'20'!D10+'21'!D10+'22'!D10+'23'!D10+'24'!D10+'25'!D10+'26'!D10+'27'!D10+'28'!D10+'29'!D10+'30'!D10+'31'!D10 -> 0 | E10: ='1'!E10+'2'!E10+'3'!E10+'4'!E10+'5'!E10+'6'!E10+'7'!E10+'8'!E10+'9'!E10+'10'!E10+'11'!E10+'12'!E10+'13'!E10+'14'!E10+'15'!E10+'16'!E10+'17'!E10+'18'!E10+'19'!E10+'20'!E10+'21'!E10+'22'!E10+'23'!E10+'24'!E10+'25'!E10+'26'!E10+'27'!E10+'28'!E10+'29'!E10+'30'!E10+'31'!E10 -> 0 | F10: ='1'!F10+'2'!F10+'3'!F10+'4'!F10+'5'!F10+'6'!F10+'7'!F10+'8'!F10+'9'!F10+'10'!F10+'11'!F10+'12'!F10+'13'!F10+'14'!F10+'15'!F10+'16'!F10+'17'!F10+'18'!F10+'19'!F10+'20'!F10+'21'!F10+'22'!F10+'23'!F10+'24'!F10+'25'!F10+'26'!F10+'27'!F10+'28'!F10+'29'!F10+'30'!F10+'31'!F10 -> 1.27 | G10: ='1'!G10+'2'!G10+'3'!G10+'4'!G10+'5'!G10+'6'!G10+'7'!G10+'8'!G10+'9'!G10+'10'!G10+'11'!G10+'12'!G10+'13'!G10+'14'!G10+'15'!G10+'16'!G10+'17'!G10+'18'!G10+'19'!G10+'20'!G10+'21'!G10+'22'!G10+'23'!G10+'24'!G10+'25'!G10+'26'!G10+'27'!G10+'28'!G10+'29'!G10+'30'!G10+'31'!G10 -> 0 | H10: ='1'!H10+'2'!H10+'3'!H10+'4'!H10+'5'!H10+'6'!H10+'7'!H10+'8'!H10+'9'!H10+'10'!H10+'11'!H10+'12'!H10+'13'!H10+'14'!H10+'15'!H10+'16'!H10+'17'!H10+'18'!H10+'19'!H10+'20'!H10+'21'!H10+'22'!H10+'23'!H10+'24'!H10+'25'!H10+'26'!H10+'27'!H10+'28'!H10+'29'!H10+'30'!H10+'31'!H10 -> 0 | I10: ='1'!I10+'2'!I10+'3'!I10+'4'!I10+'5'!I10+'6'!I10+'7'!I10+'8'!I10+'9'!I10+'10'!I10+'11'!I10+'12'!I10+'13'!I10+'14'!I10+'15'!I10+'16'!I10+'17'!I10+'18'!I10+'19'!I10+'20'!I10+'21'!I10+'22'!I10+'23'!I10+'24'!I10+'25'!I10+'26'!I10+'27'!I10+'28'!I10+'29'!I10+'30'!I10+'31'!I10 -> 0 | J10: =SUM(D10:I10) -> 1.27 | K10: 0 | L10: 0 | M10: 0.41 | N10: 0 | O10: 0 | P10: 0 | Q10: =SUM(K10:P10) -> 0.41 | R10: ='1'!R10+'2'!R10+'3'!R10+'4'!R10+'5'!R10+'6'!R10+'7'!R10+'8'!R10+'9'!R10+'10'!R10+'11'!R10+'12'!R10+'13'!R10+'14'!R10+'15'!R10+'16'!R10+'17'!R10+'18'!R10+'19'!R10+'20'!R10+'21'!R10+'22'!R10+'23'!R10+'24'!R10+'25'!R10+'26'!R10+'27'!R10+'28'!R10+'29'!R10+'30'!R10+'31'!R10 -> 0.16 | S10: ='1'!S10+'2'!S10+'3'!S10+'4'!S10+'5'!S10+'6'!S10+'7'!S10+'8'!S10+'9'!S10+'10'!S10+'11'!S10+'12'!S10+'13'!S10+'14'!S10+'15'!S10+'16'!S10+'17'!S10+'18'!S10+'19'!S10+'20'!S10+'21'!S10+'22'!S10+'23'!S10+'24'!S10+'25'!S10+'26'!S10+'27'!S10+'28'!S10+'29'!S10+'30'!S10+'31'!S10 -> 0 | T10: ='1'!T10+'2'!T10+'3'!T10+'4'!T10+'5'!T10+'6'!T10+'7'!T10+'8'!T10+'9'!T10+'10'!T10+'11'!T10+'12'!T10+'13'!T10+'14'!T10+'15'!T10+'16'!T10+'17'!T10+'18'!T10+'19'!T10+'20'!T10+'21'!T10+'22'!T10+'23'!T10+'24'!T10+'25'!T10+'26'!T10+'27'!T10+'28'!T10+'29'!T10+'30'!T10+'31'!T10 -> 138 | U10: ='1'!U10+'2'!U10+'3'!U10+'4'!U10+'5'!U10+'6'!U10+'7'!U10+'8'!U10+'9'!U10+'10'!U10+'11'!U10+'12'!U10+'13'!U10+'14'!U10+'15'!U10+'16'!U10+'17'!U10+'18'!U10+'19'!U10+'20'!U10+'21'!U10+'22'!U10+'23'!U10+'24'!U10+'25'!U10+'26'!U10+'27'!U10+'28'!U10+'29'!U10+'30'!U10+'31'!U10 -> 0 | V10: ='1'!V10+'2'!V10+'3'!V10+'4'!V10+'5'!V10+'6'!V10+'7'!V10+'8'!V10+'9'!V10+'10'!V10+'11'!V10+'12'!V10+'13'!V10+'14'!V10+'15'!V10+'16'!V10+'17'!V10+'18'!V10+'19'!V10+'20'!V10+'21'!V10+'22'!V10+'23'!V10+'24'!V10+'25'!V10+'26'!V10+'27'!V10+'28'!V10+'29'!V10+'30'!V10+'31'!V10 -> 0 | W10: ='1'!W10+'2'!W10+'3'!W10+'4'!W10+'5'!W10+'6'!W10+'7'!W10+'8'!W10+'9'!W10+'10'!W10+'11'!W10+'12'!W10+'13'!W10+'14'!W10+'15'!W10+'16'!W10+'17'!W10+'18'!W10+'19'!W10+'20'!W10+'21'!W10+'22'!W10+'23'!W10+'24'!W10+'25'!W10+'26'!W10+'27'!W10+'28'!W10+'29'!W10 -> 828 | X10: =R10/26 -> 0.0061538462 | Y10: =S10/26 -> 0 | Z10: =T10/26 -> 5.3076923 | AA10: =U10/26 -> 0 | AB10: =V10/26 -> 0 | AC10: ='1'!AD10+'2'!AD10+'3'!AD10+'4'!AD10+'5'!AD10+'6'!AD10+'7'!AD10+'8'!AD10+'9'!AD10+'10'!AD10+'11'!AD10+'12'!AD10+'13'!AD10+'14'!AD10+'15'!AD10+'16'!AD10+'17'!AD10+'18'!AD10+'19'!AD10+'20'!AD10+'21'!AD10+'22'!AD10+'23'!AD10+'24'!AD10+'25'!AD10+'26'!AD10+'27'!AD10+'28'!AD10+'29'!AD10+'30'!AD10+'31'!AD10 -> 15550
A11: 4 | C11: Rajasthali | D11: ='1'!D11+'2'!D11+'3'!D11+'4'!D11+'5'!D11+'6'!D11+'7'!D11+'8'!D11+'9'!D11+'10'!D11+'11'!D11+'12'!D11+'13'!D11+'14'!D11+'15'!D11+'16'!D11+'17'!D11+'18'!D11+'19'!D11+'20'!D11+'21'!D11+'22'!D11+'23'!D11+'24'!D11+'25'!D11+'26'!D11+'27'!D11+'28'!D11+'29'!D11+'30'!D11+'31'!D11 -> 0 | E11: ='1'!E11+'2'!E11+'3'!E11+'4'!E11+'5'!E11+'6'!E11+'7'!E11+'8'!E11+'9'!E11+'10'!E11+'11'!E11+'12'!E11+'13'!E11+'14'!E11+'15'!E11+'16'!E11+'17'!E11+'18'!E11+'19'!E11+'20'!E11+'21'!E11+'22'!E11+'23'!E11+'24'!E11+'25'!E11+'26'!E11+'27'!E11+'28'!E11+'29'!E11+'30'!E11+'31'!E11 -> 0 | F11: ='1'!F11+'2'!F11+'3'!F11+'4'!F11+'5'!F11+'6'!F11+'7'!F11+'8'!F11+'9'!F11+'10'!F11+'11'!F11+'12'!F11+'13'!F11+'14'!F11+'15'!F11+'16'!F11+'17'!F11+'18'!F11+'19'!F11+'20'!F11+'21'!F11+'22'!F11+'23'!F11+'24'!F11+'25'!F11+'26'!F11+'27'!F11+'28'!F11+'29'!F11+'30'!F11+'31'!F11 -> 0.26 | G11: ='1'!G11+'2'!G11+'3'!G11+'4'!G11+'5'!G11+'6'!G11+'7'!G11+'8'!G11+'9'!G11+'10'!G11+'11'!G11+'12'!G11+'13'!G11+'14'!G11+'15'!G11+'16'!G11+'17'!G11+'18'!G11+'19'!G11+'20'!G11+'21'!G11+'22'!G11+'23'!G11+'24'!G11+'25'!G11+'26'!G11+'27'!G11+'28'!G11+'29'!G11+'30'!G11+'31'!G11 -> 0 | H11: ='1'!H11+'2'!H11+'3'!H11+'4'!H11+'5'!H11+'6'!H11+'7'!H11+'8'!H11+'9'!H11+'10'!H11+'11'!H11+'12'!H11+'13'!H11+'14'!H11+'15'!H11+'16'!H11+'17'!H11+'18'!H11+'19'!H11+'20'!H11+'21'!H11+'22'!H11+'23'!H11+'24'!H11+'25'!H11+'26'!H11+'27'!H11+'28'!H11+'29'!H11+'30'!H11+'31'!H11 -> 0 | I11: ='1'!I11+'2'!I11+'3'!I11+'4'!I11+'5'!I11+'6'!I11+'7'!I11+'8'!I11+'9'!I11+'10'!I11+'11'!I11+'12'!I11+'13'!I11+'14'!I11+'15'!I11+'16'!I11+'17'!I11+'18'!I11+'19'!I11+'20'!I11+'21'!I11+'22'!I11+'23'!I11+'24'!I11+'25'!I11+'26'!I11+'27'!I11+'28'!I11+'29'!I11+'30'!I11+'31'!I11 -> 0 | J11: =SUM(D11:I11) -> 0.26 | K11: 0 | L11: 0 | M11: 0.065 | N11: 0 | O11: 0 | P11: 0 | Q11: =SUM(K11:P11) -> 0.065 | R11: ='1'!R11+'2'!R11+'3'!R11+'4'!R11+'5'!R11+'6'!R11+'7'!R11+'8'!R11+'9'!R11+'10'!R11+'11'!R11+'12'!R11+'13'!R11+'14'!R11+'15'!R11+'16'!R11+'17'!R11+'18'!R11+'19'!R11+'20'!R11+'21'!R11+'22'!R11+'23'!R11+'24'!R11+'25'!R11+'26'!R11+'27'!R11+'28'!R11+'29'!R11+'30'!R11+'31'!R11 -> 0.04 | S11: ='1'!S11+'2'!S11+'3'!S11+'4'!S11+'5'!S11+'6'!S11+'7'!S11+'8'!S11+'9'!S11+'10'!S11+'11'!S11+'12'!S11+'13'!S11+'14'!S11+'15'!S11+'16'!S11+'17'!S11+'18'!S11+'19'!S11+'20'!S11+'21'!S11+'22'!S11+'23'!S11+'24'!S11+'25'!S11+'26'!S11+'27'!S11+'28'!S11+'29'!S11+'30'!S11+'31'!S11 -> 0 | T11: ='1'!T11+'2'!T11+'3'!T11+'4'!T11+'5'!T11+'6'!T11+'7'!T11+'8'!T11+'9'!T11+'10'!T11+'11'!T11+'12'!T11+'13'!T11+'14'!T11+'15'!T11+'16'!T11+'17'!T11+'18'!T11+'19'!T11+'20'!T11+'21'!T11+'22'!T11+'23'!T11+'24'!T11+'25'!T11+'26'!T11+'27'!T11+'28'!T11+'29'!T11+'30'!T11+'31'!T11 -> 0 | U11: ='1'!U11+'2'!U11+'3'!U11+'4'!U11+'5'!U11+'6'!U11+'7'!U11+'8'!U11+'9'!U11+'10'!U11+'11'!U11+'12'!U11+'13'!U11+'14'!U11+'15'!U11+'16'!U11+'17'!U11+'18'!U11+'19'!U11+'20'!U11+'21'!U11+'22'!U11+'23'!U11+'24'!U11+'25'!U11+'26'!U11+'27'!U11+'28'!U11+'29'!U11+'30'!U11+'31'!U11 -> 0 | V11: ='1'!V11+'2'!V11+'3'!V11+'4'!V11+'5'!V11+'6'!V11+'7'!V11+'8'!V11+'9'!V11+'10'!V11+'11'!V11+'12'!V11+'13'!V11+'14'!V11+'15'!V11+'16'!V11+'17'!V11+'18'!V11+'19'!V11+'20'!V11+'21'!V11+'22'!V11+'23'!V11+'24'!V11+'25'!V11+'26'!V11+'27'!V11+'28'!V11+'29'!V11+'30'!V11+'31'!V11 -> 0 | W11: ='1'!W11+'2'!W11+'3'!W11+'4'!W11+'5'!W11+'6'!W11+'7'!W11+'8'!W11+'9'!W11+'10'!W11+'11'!W11+'12'!W11+'13'!W11+'14'!W11+'15'!W11+'16'!W11+'17'!W11+'18'!W11+'19'!W11+'20'!W11+'21'!W11+'22'!W11+'23'!W11+'24'!W11+'25'!W11+'26'!W11+'27'!W11+'28'!W11+'29'!W11 -> 0 | X11: =R11/26 -> 0.0015384615 | Y11: =S11/26 -> 0 | Z11: =T11/26 -> 0 | AA11: =U11/26 -> 0 | AB11: =V11/26 -> 0 | AC11: ='1'!AD11+'2'!AD11+'3'!AD11+'4'!AD11+'5'!AD11+'6'!AD11+'7'!AD11+'8'!AD11+'9'!AD11+'10'!AD11+'11'!AD11+'12'!AD11+'13'!AD11+'14'!AD11+'15'!AD11+'16'!AD11+'17'!AD11+'18'!AD11+'19'!AD11+'20'!AD11+'21'!AD11+'22'!AD11+'23'!AD11+'24'!AD11+'25'!AD11+'26'!AD11+'27'!AD11+'28'!AD11+'29'!AD11+'30'!AD11+'31'!AD11 -> 2700
A12: 5 | C12: Dohazari | D12: ='1'!D12+'2'!D12+'3'!D12+'4'!D12+'5'!D12+'6'!D12+'7'!D12+'8'!D12+'9'!D12+'10'!D12+'11'!D12+'12'!D12+'13'!D12+'14'!D12+'15'!D12+'16'!D12+'17'!D12+'18'!D12+'19'!D12+'20'!D12+'21'!D12+'22'!D12+'23'!D12+'24'!D12+'25'!D12+'26'!D12+'27'!D12+'28'!D12+'29'!D12+'30'!D12+'31'!D12 -> 0.01 | E12: ='1'!E12+'2'!E12+'3'!E12+'4'!E12+'5'!E12+'6'!E12+'7'!E12+'8'!E12+'9'!E12+'10'!E12+'11'!E12+'12'!E12+'13'!E12+'14'!E12+'15'!E12+'16'!E12+'17'!E12+'18'!E12+'19'!E12+'20'!E12+'21'!E12+'22'!E12+'23'!E12+'24'!E12+'25'!E12+'26'!E12+'27'!E12+'28'!E12+'29'!E12+'30'!E12+'31'!E12 -> 0 | F12: ='1'!F12+'2'!F12+'3'!F12+'4'!F12+'5'!F12+'6'!F12+'7'!F12+'8'!F12+'9'!F12+'10'!F12+'11'!F12+'12'!F12+'13'!F12+'14'!F12+'15'!F12+'16'!F12+'17'!F12+'18'!F12+'19'!F12+'20'!F12+'21'!F12+'22'!F12+'23'!F12+'24'!F12+'25'!F12+'26'!F12+'27'!F12+'28'!F12+'29'!F12+'30'!F12+'31'!F12 -> 2.39 | G12: ='1'!G12+'2'!G12+'3'!G12+'4'!G12+'5'!G12+'6'!G12+'7'!G12+'8'!G12+'9'!G12+'10'!G12+'11'!G12+'12'!G12+'13'!G12+'14'!G12+'15'!G12+'16'!G12+'17'!G12+'18'!G12+'19'!G12+'20'!G12+'21'!G12+'22'!G12+'23'!G12+'24'!G12+'25'!G12+'26'!G12+'27'!G12+'28'!G12+'29'!G12+'30'!G12+'31'!G12 -> 0 | H12: ='1'!H12+'2'!H12+'3'!H12+'4'!H12+'5'!H12+'6'!H12+'7'!H12+'8'!H12+'9'!H12+'10'!H12+'11'!H12+'12'!H12+'13'!H12+'14'!H12+'15'!H12+'16'!H12+'17'!H12+'18'!H12+'19'!H12+'20'!H12+'21'!H12+'22'!H12+'23'!H12+'24'!H12+'25'!H12+'26'!H12+'27'!H12+'28'!H12+'29'!H12+'30'!H12+'31'!H12 -> 0 | I12: ='1'!I12+'2'!I12+'3'!I12+'4'!I12+'5'!I12+'6'!I12+'7'!I12+'8'!I12+'9'!I12+'10'!I12+'11'!I12+'12'!I12+'13'!I12+'14'!I12+'15'!I12+'16'!I12+'17'!I12+'18'!I12+'19'!I12+'20'!I12+'21'!I12+'22'!I12+'23'!I12+'24'!I12+'25'!I12+'26'!I12+'27'!I12+'28'!I12+'29'!I12+'30'!I12+'31'!I12 -> 0 | J12: =SUM(D12:I12) -> 2.4 | K12: 0 | L12: 0 | M12: 0.595 | N12: 0 | O12: 0 | P12: 0 | Q12: =SUM(K12:P12) -> 0.595 | R12: ='1'!R12+'2'!R12+'3'!R12+'4'!R12+'5'!R12+'6'!R12+'7'!R12+'8'!R12+'9'!R12+'10'!R12+'11'!R12+'12'!R12+'13'!R12+'14'!R12+'15'!R12+'16'!R12+'17'!R12+'18'!R12+'19'!R12+'20'!R12+'21'!R12+'22'!R12+'23'!R12+'24'!R12+'25'!R12+'26'!R12+'27'!R12+'28'!R12+'29'!R12+'30'!R12+'31'!R12 -> 0 | S12: ='1'!S12+'2'!S12+'3'!S12+'4'!S12+'5'!S12+'6'!S12+'7'!S12+'8'!S12+'9'!S12+'10'!S12+'11'!S12+'12'!S12+'13'!S12+'14'!S12+'15'!S12+'16'!S12+'17'!S12+'18'!S12+'19'!S12+'20'!S12+'21'!S12+'22'!S12+'23'!S12+'24'!S12+'25'!S12+'26'!S12+'27'!S12+'28'!S12+'29'!S12+'30'!S12+'31'!S12 -> 168 | T12: ='1'!T12+'2'!T12+'3'!T12+'4'!T12+'5'!T12+'6'!T12+'7'!T12+'8'!T12+'9'!T12+'10'!T12+'11'!T12+'12'!T12+'13'!T12+'14'!T12+'15'!T12+'16'!T12+'17'!T12+'18'!T12+'19'!T12+'20'!T12+'21'!T12+'22'!T12+'23'!T12+'24'!T12+'25'!T12+'26'!T12+'27'!T12+'28'!T12+'29'!T12+'30'!T12+'31'!T12 -> 0 | U12: ='1'!U12+'2'!U12+'3'!U12+'4'!U12+'5'!U12+'6'!U12+'7'!U12+'8'!U12+'9'!U12+'10'!U12+'11'!U12+'12'!U12+'13'!U12+'14'!U12+'15'!U12+'16'!U12+'17'!U12+'18'!U12+'19'!U12+'20'!U12+'21'!U12+'22'!U12+'23'!U12+'24'!U12+'25'!U12+'26'!U12+'27'!U12+'28'!U12+'29'!U12+'30'!U12+'31'!U12 -> 0 | V12: ='1'!V12+'2'!V12+'3'!V12+'4'!V12+'5'!V12+'6'!V12+'7'!V12+'8'!V12+'9'!V12+'10'!V12+'11'!V12+'12'!V12+'13'!V12+'14'!V12+'15'!V12+'16'!V12+'17'!V12+'18'!V12+'19'!V12+'20'!V12+'21'!V12+'22'!V12+'23'!V12+'24'!V12+'25'!V12+'26'!V12+'27'!V12+'28'!V12+'29'!V12+'30'!V12+'31'!V12 -> 0 | W12: ='1'!W12+'2'!W12+'3'!W12+'4'!W12+'5'!W12+'6'!W12+'7'!W12+'8'!W12+'9'!W12+'10'!W12+'11'!W12+'12'!W12+'13'!W12+'14'!W12+'15'!W12+'16'!W12+'17'!W12+'18'!W12+'19'!W12+'20'!W12+'21'!W12+'22'!W12+'23'!W12+'24'!W12+'25'!W12+'26'!W12+'27'!W12+'28'!W12+'29'!W12 -> 2520 | X12: =R12/26 -> 0 | Y12: =S12/26 -> 6.4615385 | Z12: =T12/26 -> 0 | AA12: =U12/26 -> 0 | AB12: =V12/26 -> 0 | AC12: ='1'!AD12+'2'!AD12+'3'!AD12+'4'!AD12+'5'!AD12+'6'!AD12+'7'!AD12+'8'!AD12+'9'!AD12+'10'!AD12+'11'!AD12+'12'!AD12+'13'!AD12+'14'!AD12+'15'!AD12+'16'!AD12+'17'!AD12+'18'!AD12+'19'!AD12+'20'!AD12+'21'!AD12+'22'!AD12+'23'!AD12+'24'!AD12+'25'!AD12+'26'!AD12+'27'!AD12+'28'!AD12+'29'!AD12+'30'!AD12+'31'!AD12 -> 27940
A13: Satkania Region Total | D13: =SUM(D8:D12) -> 0.05 | E13: =SUM(E8:E12) -> 0 | F13: =SUM(F8:F12) -> 8.49 | G13: =SUM(G8:G12) -> 0 | H13: =SUM(H8:H12) -> 0 | I13: =SUM(I8:I12) -> 0 | J13: =SUM(J8:J12) -> 8.54 | K13: =SUM(K8:K12) -> 0.01 | ... AC13: =SUM(AC8:AC12) -> 110390

Sheet Target.
A1: ='1'!A1 -> Afaz Tobacco Company .
A2: ='1'!A2 -> Marketing Department
A3: ='1'!A3 -> Month:October-2026
A4: ='1'!A4 -> Daily Sales & Closing Stock Information.
B5: Date: Target of October 2026 | G5: Division: Ctg South | Z5: Wing: Chittagong
A6: SL. NO | B6: Name of Region | C6: Name of Territory | D6: Brand wise Total Target (Cigerattes) | J6: TOTAL TARGET | K6: TARGET ADS | L6: No of Route | M6: No of Outlet | N6: Per Outlet Target | O6: Brand wise Target ADS (Cigerattes) | U6: TOTAL Target ADS | V6: Brand wise Total Target (Biri & Zarda) | AD6: Remarks
D7: Wilson | E7: Shahara | F7: Express | G7: Nexus | H7: SB | I7: SM | O7: Wilson | P7: Shahara | Q7: Express | R7: Nexus | S7: SB | T7: SM | V7: SLB | W7: ADS | X7: 22/25 | Y7: 99/14 | Z7: 33/15 | AB7: Total Zarda Target | AC7: ADS
A8: 1 | B8: Satkania | C8: Kerani hat | D8: 0 | E8: 0 | F8: 0 | G8: 0 | H8: 0 | I8: 0 | J8: =SUM(D8:I8) -> 0 | K8: =J8/26 -> 0 | L8: 36 | M8: 2206 | N8: =J8/M8 -> 0 | O8: =D8/27 -> 0 | P8: =E8/27 -> 0 | Q8: =F8/27 -> 0 | R8: =G8/27 -> 0 | S8: =H8/27 -> 0 | T8: =I8/27 -> 0 | U8: =SUM(O8:T8) -> 0 | W8: =V8/27 -> 0 | AB8: =SUM(X8:AA8) -> 0 | AC8: =AB8/27 -> 0
A9: 2 | C9: Satkania | D9: 0 | E9: 0 | F9: 0 | G9: 0 | H9: 0 | I9: 0 | J9: =SUM(D9:I9) -> 0 | K9: =J9/26 -> 0 | N9: =J9/M9 -> #DIV/0! | O9: =D9/27 -> 0 | P9: =E9/27 -> 0 | Q9: =F9/27 -> 0 | R9: =G9/27 -> 0 | S9: =H9/27 -> 0 | T9: =I9/27 -> 0 | U9: =SUM(O9:T9) -> 0 | W9: =V9/27 -> 0 | AB9: =SUM(X9:AA9) -> 0 | AC9: =AB9/27 -> 0
A10: 3 | C10: Bandarban | D10: 0 | E10: 0 | F10: 0 | G10: 0 | H10: 0 | I10: 0 | J10: =SUM(D10:I10) -> 0 | K10: =J10/26 -> 0 | L10: 30 | M10: 1136 | N10: =J10/M10 -> 0 | O10: =D10/27 -> 0 | P10: =E10/27 -> 0 | Q10: =F10/27 -> 0 | R10: =G10/27 -> 0 | S10: =H10/27 -> 0 | T10: =I10/27 -> 0 | U10: =SUM(O10:T10) -> 0 | W10: =V10/27 -> 0 | AB10: =SUM(X10:AA10) -> 0 | AC10: =AB10/27 -> 0
A11: 4 | C11: Rajasthali | D11: 0 | E11: 0 | F11: 0 | G11: 0 | H11: 0 | I11: 0 | J11: =SUM(D11:I11) -> 0 | K11: =J11/26 -> 0 | L11: 8 | M11: 370 | N11: =J11/M11 -> 0 | O11: =D11/27 -> 0 | P11: =E11/27 -> 0 | Q11: =F11/27 -> 0 | R11: =G11/27 -> 0 | S11: =H11/27 -> 0 | T11: =I11/27 -> 0 | U11: =SUM(O11:T11) -> 0 | W11: =V11/27 -> 0 | AB11: =SUM(X11:AA11) -> 0 | AC11: =AB11/27 -> 0
A12: 5 | C12: Dohazari | D12: 0 | E12: 0 | F12: 0 | G12: 0 | H12: 0 | I12: 0 | J12: =SUM(D12:I12) -> 0 | K12: =J12/26 -> 0 | L12: 24 | M12: 1140 | N12: =J12/M12 -> 0 | O12: =D12/27 -> 0 | P12: =E12/27 -> 0 | Q12: =F12/27 -> 0 | R12: =G12/27 -> 0 | S12: =H12/27 -> 0 | T12: =I12/27 -> 0 | U12: =SUM(O12:T12) -> 0 | W12: =V12/27 -> 0 | AB12: =SUM(X12:AA12) -> 0 | AC12: =AB12/27 -> 0
A13: Satkania Region Total | D13: =SUM(D8:D12) -> 0 | E13: =SUM(E8:E12) -> 0 | F13: =SUM(F8:F12) -> 0 | G13: =SUM(G8:G12) -> 0 | H13: =SUM(H8:H12) -> 0 | I13: =SUM(I8:I12) -> 0 | J13: =SUM(J8:J12) -> 0 | K13: =SUM(K8:K12) -> 0 | ... AC13: =SUM(AC8:AC12) -> 0

Sheet Analysis
A1: ='1'!A1 -> Afaz Tobacco Company . | AD1: ='1'!A1 -> Afaz Tobacco Company .
A2: ='1'!A2 -> Marketing Department | AD2: ='1'!A2 -> Marketing Department
A3: ='1'!A3 -> Month:October-2026 | AD3: ='1'!A3 -> Month:October-2026
A4: ='1'!A4 -> Daily Sales & Closing Stock Information. | AD4: ='1'!A4 -> Daily Sales & Closing Stock Information.
A5: Daily Analysis
A7: SL. NO | B7: Name of Region | C7: Name of Territory | D7: LMS | E7: LM ADS | F7: TARGET | G7: TADS | H7: STD | I7: PADS (WD-26) | J7: R.ADS | K7: Projection Sales | L7: Grouth (TMS vs LMS) | M7: T.Achieve (% ) | N7: TADS Verrience (+/-) | O7: T.Achieved (%) Ranking | P7: Express Empty Packet | Q7: Remark
A8: 1 | B8: Satkania | C8: Kerani hat | D8: 0 | E8: =D8/26 -> 0 | F8: =Target.!J8 -> 0 | G8: ='STD & ADS'!Q8 -> 0.68 | H8: ='STD & ADS'!J8 -> 2.52 | I8: =H8/26 -> 0.096923077 | J8: =(F8-H8)/26 -> -0.096923077 | K8: =J8*P3 -> 0 | L8: =D8-K8 -> 0 | M8: =IF(F8=0,0,E8/F8) -> 0 | N8: =I8-G8 -> -0.58307692
A9: 2 | C9: Satkania | D9: 0 | E9: =D9/26 -> 0 | F9: =Target.!J9 -> 0 | G9: ='STD & ADS'!Q9 -> 0.475 | H9: ='STD & ADS'!J9 -> 2.09 | I9: =H9/26 -> 0.080384615 | J9: =(F9-H9)/26 -> -0.080384615 | K9: =J9*P3 -> 0 | L9: =D9-K9 -> 0 | M9: =IF(F9=0,0,E9/F9) -> 0 | N9: =I9-G9 -> -0.39461538
A10: 3 | C10: Bandarban | D10: 0 | E10: =D10/26 -> 0 | F10: =Target.!J10 -> 0 | G10: ='STD & ADS'!Q10 -> 0.41 | H10: ='STD & ADS'!J10 -> 1.27 | I10: =H10/26 -> 0.048846154 | J10: =(F10-H10)/26 -> -0.048846154 | K10: =J10*P3 -> 0 | L10: =D10-K10 -> 0 | M10: =IF(F10=0,0,E10/F10) -> 0 | N10: =I10-G10 -> -0.36115385
A11: 4 | C11: Rajasthali | D11: 0 | E11: =D11/26 -> 0 | F11: =Target.!J11 -> 0 | G11: ='STD & ADS'!Q11 -> 0.065 | H11: ='STD & ADS'!J11 -> 0.26 | I11: =H11/26 -> 0.01 | J11: =(F11-H11)/26 -> -0.01 | K11: =J11*P3 -> 0 | L11: =D11-K11 -> 0 | M11: =IF(F11=0,0,E11/F11) -> 0 | N11: =I11-G11 -> -0.055
A12: 5 | C12: Dohazari | D12: 0 | E12: =D12/26 -> 0 | F12: =Target.!J12 -> 0 | G12: ='STD & ADS'!Q12 -> 0.595 | H12: ='STD & ADS'!J12 -> 2.4 | I12: =H12/26 -> 0.092307692 | J12: =(F12-H12)/26 -> -0.092307692 | K12: =J12*P3 -> 0 | L12: =D12-K12 -> 0 | M12: =IF(F12=0,0,E12/F12) -> 0 | N12: =I12-G12 -> -0.50269231
A13: Satkania Region Total | D13: =SUM(D8:D12) -> 0 | E13: =SUM(E8:E12) -> 0 | F13: =SUM(F8:F12) -> 0 | G13: =SUM(G8:G12) -> 2.225 | H13: =SUM(H8:H12) -> 8.54 | I13: =SUM(I8:I12) -> 0.32846154 | J13: =SUM(J8:J12) -> -0.32846154 | K13: =SUM(K8:K12) -> 0 | L13: =SUM(L8:L12) -> 0 | M13: =IF(F13=0,0,E13/F13) -> 0 | N13: =SUM(N8:N12) -> -1.8965385 | P13: =SUM(P8:P12) -> 0
